id,handle,title,vendor,product_type,status,price,compare_at_price,sku,images,tags
9383445299454,1001-nights-inspired-edp,1001 Nights Inspired Extrait de Parfum Unisex | Oriental House Impression,The Fragrance Secrets,Extrait de Parfum,active,0.00,,,1,"arabic, brand-the-fragrance-secrets, catalog, family-inspired-impression, inspired, inspired-collection, unisex"
9383445397758,15-6-laptop-briefcase-water-resistant,"15.6"" Laptop Briefcase - Water-Resistant PVC Leather | Black Grey Checkered",PUFANDAISHU,Laptop Bag,active,0.00,,,1,"accessory, brand-pufandaishu, catalog, family-accessory, new-arrival, unisex"
9383445266686,212-sexy-for-her-inspired-edp,212 Sexy For Her Inspired Extrait de Parfum Unisex | Oriental House Impression,The Fragrance Secrets,Extrait de Parfum,active,0.00,,,1,"arabic, brand-the-fragrance-secrets, catalog, family-inspired-impression, inspired, inspired-collection, unisex"
9383445201150,212-vip-black-inspired-edp,212 Vip Black Inspired Extrait de Parfum Unisex | Oriental House Impression,The Fragrance Secrets,Extrait de Parfum,active,0.00,,,1,"arabic, brand-the-fragrance-secrets, catalog, family-inspired-impression, inspired, inspired-collection, unisex"
9383445168382,212-vip-men-mkt-inspired-edp,212 Vip Men Inspired Extrait de Parfum Unisex | Oriental House Impression,The Fragrance Secrets,Extrait de Parfum,active,0.00,,,1,"arabic, brand-the-fragrance-secrets, catalog, family-inspired-impression, inspired, inspired-collection, unisex"
9383445233918,212-vip-std-carola-inspired-edp,212 Vip Std Carola Inspired Extrait de Parfum Unisex | Oriental House Impression,The Fragrance Secrets,Extrait de Parfum,active,0.00,,,1,"arabic, brand-the-fragrance-secrets, catalog, family-inspired-impression, inspired, inspired-collection, unisex"
9383445135614,212vip-rose-std-carola-rose-inspired-edp,212vip Rose Std Carola Rose Inspired Extrait de Parfum Unisex | Rose House Impression,The Fragrance Secrets,Extrait de Parfum,active,0.00,,,1,"arabic, brand-the-fragrance-secrets, catalog, family-floral-rose, family-inspired-impression, inspired, inspired-collection, unisex"
9383150387454,9-am-pour-femme-edp-100ml,9 AM Pour Femme EDP 100ml | Fruity Citrus Musky Perfume,Afnan Perfumes,Eau de Parfum,active,0.00,,,1,"beach-vacation, brand-afnan-perfumes, catalog, date-night, desert-climate, dry-weather, everyday-signature, family-fresh-citrus, family-fruity-citrus, family-spicy-oriental, gym, hot-weather, humid-weather, new-arrival, office-wear, rainy-day, womens"
9383149371646,9-fs-edp-100ml,9 FS EDP 100ml | Fruity Woody Dark Perfume,The Fragrance Secrets,Eau de Parfum,active,0.00,,,1,"brand-the-fragrance-secrets, catalog, desert-climate, dry-weather, everyday-signature, family-fruity-woody, mens, new-arrival"
9383150354686,9am-dive-edp-100ml,9am Dive EDP 100ml | Fresh Aquatic Woody Perfume,Afnan Perfumes,Eau de Parfum,active,0.00,,,1,"beach-vacation, brand-afnan-perfumes, catalog, desert-climate, dry-weather, family-fresh-aquatic, family-fresh-citrus, gym, hot-weather, humid-weather, new-arrival, office-wear, rainy-day, unisex, wedding"
9383149535486,9fm-edp-100ml,9FM EDP 100ml | Fresh Woody Aromatic Perfume,Secret Scents,Eau de Parfum,active,0.00,,,1,"beach-vacation, brand-secret-scents, catalog, cold-weather, date-night, everyday-signature, family-fresh-citrus, family-fresh-woody, gym, hot-weather, humid-weather, luxury, new-arrival, office-wear, rainy-day, sale, spring-bloom, summer-wear, unisex, wedding-formal, winter-holiday"
9383138722046,9fs-eau-de-parfum-100ml,9FS Eau De Parfum 100ML | Aromatic Sweet Amber Perfume,The Fragrance Secrets,Eau de Parfum,active,0.00,,,1,"beach-vacation, brand-the-fragrance-secrets, catalog, date-night, desert-climate, dinner-evening, dry-weather, everyday-signature, family-aromatic-sweet, family-fresh-citrus, gym, mens, new-arrival, office-wear, rainy-day"
9383150420222,9pm-edp-100ml,9PM EDP 100ml | Amber Spicy Vanilla Perfume,Afnan Perfumes,Eau de Parfum,active,0.00,,,1,"beach-vacation, brand-afnan-perfumes, catalog, date-night, desert-climate, dry-weather, family-amber-spicy, family-fresh-citrus, family-spicy-oriental, gym, hot-weather, humid-weather, mens, new-arrival, office-wear, rainy-day"
9383136297214,9pm-elixir-parfum-intense-natural-spray-vaporisateur-unisex-100ml,9PM Elixir Parfum Intense- Natural Spray Vaporisateur Unisex 100ml | Spicy Leather Amber Perfume,Afnan,Eau de Parfum,active,0.00,,,1,"brand-afnan, catalog, date-night, family-oud-woody, family-spicy-leather, family-spicy-oriental, new-arrival, party-clubbing, unisex, wedding"
9383150452990,9pm-pour-femme-edp-100ml,9PM Pour Femme EDP 100ml | Fruity Floral Woody Perfume,Afnan Perfumes,Eau de Parfum,active,0.00,,,1,"brand-afnan-perfumes, catalog, desert-climate, dinner-evening, dry-weather, family-floral-rose, family-fruity-floral, family-spicy-oriental, new-arrival, wedding, womens"
9383445070078,abdul-majeed-gissah-mkt-inspired-edp,Abdul Majeed Gissah Inspired Extrait de Parfum Unisex | Oriental House Impression,The Fragrance Secrets,Extrait de Parfum,active,0.00,,,1,"arabic, brand-the-fragrance-secrets, catalog, family-inspired-impression, inspired, inspired-collection, unisex"
9383155106046,abraaj-revere-edp-100ml,Abraaj Revere EDP 100ml | Woody Spicy Aromatic Perfume,Fragrance World,Eau de Parfum,active,0.00,,,1,"brand-fragrance-world, catalog, desert-climate, dry-weather, family-floral-rose, family-oud-woody, family-spicy-oriental, family-woody-spicy, luxury, new-arrival, unisex, wedding"
9383445004542,accento-inspired-edp,Accento Inspired Extrait de Parfum Unisex | Oriental House Impression,The Fragrance Secrets,Extrait de Parfum,active,0.00,,,1,"arabic, brand-the-fragrance-secrets, catalog, family-inspired-impression, inspired, inspired-collection, unisex"
9383147143422,acqua-di-gio-edt-for-women-100ml,Acqua Di Gio EDT For Women 100ml | Fresh Aquatic Floral Perfume,Giorgio Armani,Eau de Toilette,active,0.00,,,1,"beach-vacation, brand-giorgio-armani, catalog, desert-climate, dry-weather, family-floral-rose, family-fresh-aquatic, family-fresh-citrus, gym, hot-weather, humid-weather, luxury, new-arrival, office-wear, rainy-day, sale, summer-wear, wedding, womens"
9383147274494,acqua-di-gio-pour-homme-edt-100ml,Acqua di Gio Pour Homme EDT 100ml | Fresh Aquatic Woody Perfume,Giorgio Armani,Eau de Toilette,active,0.00,,,1,"beach-vacation, brand-giorgio-armani, catalog, desert-climate, dry-weather, everyday-signature, family-floral-rose, family-fresh-aquatic, family-fresh-citrus, gym, hot-weather, humid-weather, luxury, mens, new-arrival, office-wear, rainy-day, sale, wedding, wedding-formal"
9383147176190,acqua-di-gio-profondo-edp-for-men-100ml,Acqua Di Gio Profondo EDP For Men 100ml | Fresh Aquatic Woody Perfume,Giorgio Armani,Eau de Parfum,active,0.00,,,1,"beach-vacation, brand-giorgio-armani, catalog, desert-climate, dry-weather, everyday-signature, family-floral-rose, family-fresh-aquatic, family-fresh-citrus, family-oud-woody, gym, hot-weather, humid-weather, luxury, mens, new-arrival, office-wear, rainy-day, sale, wedding, wedding-formal"
9383444939006,addict-inspired-edp,Addict Inspired Extrait de Parfum Unisex | Oriental House Impression,The Fragrance Secrets,Extrait de Parfum,active,0.00,,,1,"arabic, brand-the-fragrance-secrets, catalog, family-inspired-impression, inspired, inspired-collection, unisex"
9383444873470,adrit-27461-v5-inspired-edp,Adrit Inspired Extrait de Parfum Unisex | Oriental House Impression,The Fragrance Secrets,Extrait de Parfum,active,0.00,,,1,"arabic, brand-the-fragrance-secrets, catalog, family-inspired-impression, inspired, inspired-collection, unisex"
9383145275646,afkaar-intense-lattafa-100ml,Afkaar Intense Eau De Parfum for Unisex 100ml | Amber Woody Spicy Perfume,Lattafa,Eau de Parfum,active,0.00,,,1,"arabic, brand-lattafa, catalog, date-night, desert-climate, dry-weather, everyday-signature, family-amber-woody, family-floral-rose, family-fresh-citrus, family-oud-woody, family-spicy-oriental, gym, hot-weather, humid-weather, new-arrival, party-clubbing, unisex, wedding, wedding-formal"
9383137345790,afnan-9-pm-elixir-unisex-extrait-de-parfum-100ml,"Afnan 9 PM Elixir Unisex Extrait De Parfum, 100ML | Spicy Leather Amber Perfume",Afnan,Extrait de Parfum,active,0.00,,,1,"brand-afnan, catalog, dinner-evening, family-spicy-leather, new-arrival, unisex"
9383139508478,afnan-9-pm-rebel-edp-100ml,Afnan 9 PM Rebel Eau De Parfum 100ml | Unisex Perfume,Afnan,Eau de Parfum,active,0.00,,,1,"brand-afnan, catalog, cold-weather, desert-climate, dinner-evening, dry-weather, family-fresh-citrus, family-fruity-sweet, family-oud-woody, gym, hot-weather, humid-weather, new-arrival, summer-wear, unisex, wedding, wedding-formal, winter-holiday"
9383140327678,afnan-supremacy-collectors-edition-pour-homme-edp-100ml,Afnan Supremacy Collector's Edition Pour Homme EDP 100ml | Fruity Woody Chypre Perfume,Afnan,Eau de Parfum,active,0.00,,,1,"brand-afnan, catalog, desert-climate, dry-weather, family-fresh-citrus, family-fruity-woody, gym, hot-weather, humid-weather, luxury, mens, new-arrival, office-wear, rainy-day, wedding, wedding-formal"
9383153467646,afshan-edp-100ml,Afshan EDP 100ml | Floral Spicy Woody Perfume,Rasasi,Eau de Parfum,active,0.00,,,1,"arabic, brand-rasasi, catalog, desert-climate, dry-weather, family-floral-rose, family-floral-spicy, family-spicy-oriental, gym, hot-weather, humid-weather, new-arrival, unisex, wedding"
9383444840702,after-noon-swim-inspired-edp,After Noon Swim Inspired Extrait de Parfum Unisex | Aquatic House Impression,The Fragrance Secrets,Extrait de Parfum,active,0.00,,,1,"arabic, brand-the-fragrance-secrets, catalog, family-inspired-impression, inspired, inspired-collection, unisex"
9383444742398,afternoon-swim-30395-v1-inspired-edp,Afternoon Swim Inspired Extrait de Parfum Unisex | Aquatic House Impression,The Fragrance Secrets,Extrait de Parfum,active,0.00,,,1,"arabic, brand-the-fragrance-secrets, catalog, family-inspired-impression, inspired, inspired-collection, unisex"
9383444676862,agar-oud-inspired-edp,Agar Oud Inspired Extrait de Parfum Unisex | Oud House Impression,The Fragrance Secrets,Extrait de Parfum,active,0.00,,,1,"arabic, brand-the-fragrance-secrets, catalog, desert-climate, dry-weather, family-inspired-impression, family-oud-woody, inspired, inspired-collection, luxury, unisex, wedding"
9383140720894,ahmed-al-maghribi-ahl-edp-60ml,Ahl EDP 60ml | Fresh Floral Woody Perfume,Ahmed Al Maghribi,Eau de Parfum,active,0.00,,,1,"arabic, beach-vacation, brand-ahmed-al-maghribi, catalog, date-night, desert-climate, dry-weather, family-floral-rose, family-fresh-woody, family-oud-woody, family-spicy-oriental, gym, hot-weather, humid-weather, new-arrival, party-clubbing, tropical-climate, unisex, vacation-beach, wedding"
9383446708478,ahlam-gift-set-edp-100ml-body-spray,Ahlam EDP 100ml + Body Spray Perfume Gift Set,Ramsons,Gift Set,active,0.00,,,1,"brand-ramsons, catalog, everyday-signature, family-floral-rose, family-fresh-citrus, family-set, gift-set, gym, hot-weather, humid-weather, new-arrival, set, unisex"
9383125451006,ahmed-al-maghribi-bidun-esam-parfum-oil-12ml-alcohol-free-concentrated-perfume-oil,Ahmed Al Maghribi Bidun Esam Parfum Oil 12ML | Alcohol Free Concentrated Perfume Oil,Ahmed Al Maghribi,Parfum Oil,active,0.00,,,1,"arabic, brand-ahmed-al-maghribi, catalog, desert-climate, dry-weather, everyday-signature, family-floral-rose, family-fresh-citrus, family-fresh-woody, family-oud-woody, family-spicy-oriental, gym, hot-weather, humid-weather, new-arrival, office-wear, perfume-oil, spring-bloom, summer-wear, unisex, wedding, wedding-formal"
9383124304126,ahmed-al-maghribi-couture-noir-edp-100ml-leather-woody-perfume,Ahmed Al Maghribi Couture Noir EDP 100ML | Leather Woody Perfume,Ahmed Al Maghribi,Eau de Parfum,active,0.00,,,1,"arabic, brand-ahmed-al-maghribi, catalog, date-night, desert-climate, dry-weather, family-floral-rose, family-fresh-citrus, family-spicy-oriental, family-woody-aromatic, gym, hot-weather, humid-weather, new-arrival, office-wear, party-clubbing, rainy-day, sale, unisex, wedding, wedding-formal"
9383126728958,ahmed-al-maghribi-firdaus-concentrated-oil-15ml-fresh-green-aromatic-attar,Ahmed Al Maghribi Firdaus Concentrated Oil 15ML | Fresh Green Aromatic Attar,Ahmed Al Maghribi,Parfum Oil,active,0.00,,,1,"arabic, brand-ahmed-al-maghribi, catalog, desert-climate, dry-weather, everyday-signature, family-floral-rose, family-oud-woody, family-spicy-oriental, family-woody-aromatic, hot-weather, humid-weather, new-arrival, perfume-oil, sale, spring-bloom, summer-wear, unisex, wedding"
9383125221630,ahmed-al-maghribi-frost-ice-edp-100ml-fresh-aquatic-citrus-perfume,Ahmed Al Maghribi Frost Ice EDP 100ML | Fresh Aquatic Citrus Perfume,Ahmed Al Maghribi,Eau de Parfum,active,0.00,,,1,"arabic, brand-ahmed-al-maghribi, catalog, cold-weather, desert-climate, dry-weather, everyday-signature, family-floral-rose, family-fresh-aquatic, family-fresh-citrus, gym, hot-weather, humid-weather, new-arrival, office-wear, sale, summer-wear, unisex, wedding, wedding-formal, winter-holiday"
9383125975294,ahmed-al-maghribi-hayana-edp-100ml-for-women-floral-fruity-vanilla-perfume,Ahmed Al Maghribi Hayana EDP 100ML for Women | Floral Fruity Vanilla Perfume,Ahmed Al Maghribi,Eau de Parfum,active,0.00,,,1,"arabic, brand-ahmed-al-maghribi, catalog, cold-weather, date-night, desert-climate, dry-weather, everyday-signature, family-floral, family-floral-rose, family-fresh-citrus, family-spicy-oriental, gym, hot-weather, humid-weather, new-arrival, office-wear, party-clubbing, sale, spring-bloom, summer-wear, tropical-climate, vacation-beach, wedding-formal, winter-holiday, womens"
9383125319934,ahmed-al-maghribi-joud-edp-100ml-spicy-amber-musky-perfume,Ahmed Al Maghribi Joud EDP 100ML | Spicy Amber Musky Perfume,Ahmed Al Maghribi,Eau de Parfum,active,0.00,,,1,"arabic, brand-ahmed-al-maghribi, catalog, cold-weather, desert-climate, dry-weather, family-oud-woody, family-spicy-oriental, hot-weather, new-arrival, spring-bloom, summer-wear, unisex, wedding, wedding-formal, winter-holiday"
9383138033918,laathani-edp-80ml,Ahmed Al Maghribi Laathani EDP 80ml | Oud Leather Woody Perfume,Ahmed Al Maghribi,Eau de Parfum,active,0.00,,,1,"arabic, brand-ahmed-al-maghribi, catalog, desert-climate, dry-weather, family-oud-woody, family-spicy-oriental, hot-weather, humid-weather, new-arrival, unisex, wedding"
9383138328830,ahmed-al-maghribi-leather-edp-50ml,Ahmed Al Maghribi Leather Eau De Parfum 50ml | Fruity Leather Spicy Perfume,Ahmed Al Maghribi,Eau de Parfum,active,0.00,,,1,"arabic, brand-ahmed-al-maghribi, catalog, cold-weather, family-fruity-leather, family-spicy-oriental, new-arrival, unisex, wedding-formal, winter-holiday"
9383125287166,ahmed-al-maghribi-little-hearts-edp-50ml-sweet-fruity-citrus-perfume,Ahmed Al Maghribi Little Hearts EDP 50ML | Sweet Fruity Citrus Perfume,Ahmed Al Maghribi,Eau de Parfum,active,0.00,,,1,"arabic, brand-ahmed-al-maghribi, catalog, cold-weather, date-night, desert-climate, dry-weather, everyday-signature, family-fresh-citrus, family-fruity, family-spicy-oriental, gym, hot-weather, humid-weather, new-arrival, office-wear, party-clubbing, spring-bloom, summer-wear, tropical-climate, unisex, vacation-beach, wedding-formal, winter-holiday"
9383125549310,ahmed-al-maghribi-lush-noir-edp-75ml-floral-sweet-musk-perfume,Ahmed Al Maghribi Lush Noir EDP 75ML | Floral Sweet Musk Perfume,Ahmed Al Maghribi,Eau de Parfum,active,0.00,,,1,"arabic, brand-ahmed-al-maghribi, catalog, cold-weather, date-night, desert-climate, dry-weather, family-floral, family-floral-rose, family-fresh-citrus, family-sweet-gourmand, gym, hot-weather, humid-weather, new-arrival, office-wear, party-clubbing, spring-bloom, summer-wear, unisex, wedding-formal, winter-holiday"
9383129678078,ahmed-al-maghribi-matcha-eau-de-parfum-100ml,Ahmed Al Maghribi Matcha Extrait De Parfum 100ML Unisex | Green Gourmand Floral Perfume,Ahmed Al Maghribi,Extrait de Parfum,active,0.00,,,1,"arabic, brand-ahmed-al-maghribi, catalog, cold-weather, desert-climate, dry-weather, everyday-signature, family-fruity-gourmand, family-oud-woody, family-spicy-oriental, family-sweet-gourmand, hot-weather, humid-weather, luxury, new-arrival, office-wear, sale, unisex, wedding, wedding-formal, winter-holiday"
9383124795646,ahmed-al-maghribi-meillure-edp-80ml-for-women-citrus-floral-perfume,Ahmed Al Maghribi Meillure EDP 80ML for Women | Citrus Floral Perfume,Ahmed Al Maghribi,Eau de Parfum,active,0.00,,,1,"arabic, brand-ahmed-al-maghribi, catalog, cold-weather, date-night, desert-climate, dry-weather, everyday-signature, family-floral-rose, family-fresh-citrus, family-fruity-floral, family-oud-woody, family-spicy-oriental, family-sweet-gourmand, hot-weather, humid-weather, new-arrival, office-wear, party-clubbing, sale, spring-bloom, summer-wear, wedding, wedding-formal, winter-holiday, womens"
9383125254398,ahmed-al-maghribi-moonlit-edp-100ml-floral-fruity-musky-perfume,Ahmed Al Maghribi Moonlit EDP 100ML | Floral Fruity Musky Perfume,Ahmed Al Maghribi,Eau de Parfum,active,0.00,,,1,"arabic, brand-ahmed-al-maghribi, catalog, cold-weather, date-night, desert-climate, dry-weather, family-floral, family-floral-rose, family-oud-woody, family-spicy-oriental, family-sweet-gourmand, hot-weather, humid-weather, new-arrival, office-wear, party-clubbing, spring-bloom, summer-wear, unisex, wedding, wedding-formal, winter-holiday"
9383125352702,ahmed-al-maghribi-mosaic-eau-de-parfum,Ahmed Al Maghribi Mosaic EDP 100ML | Gourmand Floral Woody Perfume,Ahmed Al Maghribi,Eau de Parfum,active,0.00,,,1,"arabic, brand-ahmed-al-maghribi, catalog, cold-weather, desert-climate, dry-weather, family-gourmand, family-oud-woody, family-sweet-gourmand, hot-weather, new-arrival, spring-bloom, summer-wear, unisex, wedding, wedding-formal, winter-holiday"
9383127154942,ahmed-al-maghribi-oud-afghano-eau-de-parfum-50ml-oriental-woody-amber-oud-fragrance,Ahmed Al Maghribi Oud Afghano Eau De Parfum 50ML | Oriental Woody Amber Oud Fragrance,Ahmed Al Maghribi,Eau de Parfum,active,0.00,,,1,"arabic, brand-ahmed-al-maghribi, catalog, cold-weather, desert-climate, dry-weather, family-oud-woody, family-spicy-oriental, hot-weather, humid-weather, new-arrival, spring-bloom, summer-wear, unisex, wedding, wedding-formal, winter-holiday"
9383125418238,ahmed-al-maghribi-oud-amg-edp-50ml-oud-amber-woody-perfume,Ahmed Al Maghribi Oud AMG EDP 50ML | Oud Amber Woody Perfume,Ahmed Al Maghribi,Eau de Parfum,active,0.00,,,1,"arabic, brand-ahmed-al-maghribi, catalog, cold-weather, desert-climate, dry-weather, family-oud-woody, family-spicy-oriental, hot-weather, new-arrival, sale, spring-bloom, summer-wear, unisex, wedding, wedding-formal, winter-holiday"
9383125483774,ahmed-al-maghribi-peachy-peach-edp-100ml-sweet-fruity-gourmand-perfumev,Ahmed Al Maghribi Peachy Peach EDP 100ML | Sweet Fruity Gourmand Perfume,Ahmed Al Maghribi,Eau de Parfum,active,0.00,,,1,"arabic, brand-ahmed-al-maghribi, catalog, cold-weather, desert-climate, dry-weather, everyday-signature, family-gourmand, family-sweet-gourmand, new-arrival, sale, unisex, wedding, wedding-formal, winter-holiday"
9383127023870,ahmed-al-maghribi-rawdha-attar-oil-10ml-concentrated-floral-woody-perfume-oil,Ahmed Al Maghribi Rawdha Attar Oil 10ML | Concentrated Floral Woody Perfume Oil,Ahmed Al Maghribi,Parfum Oil,active,0.00,,,1,"arabic, brand-ahmed-al-maghribi, catalog, desert-climate, dry-weather, everyday-signature, family-floral, family-floral-rose, family-oud-woody, hot-weather, new-arrival, perfume-oil, spring-bloom, summer-wear, unisex, wedding, wedding-formal"
9383125385470,ahmed-al-maghribi-rawdha-edp-50ml-floral-woody-musk-perfume,Ahmed Al Maghribi Rawdha EDP 50ML | Floral Woody Musk Perfume,Ahmed Al Maghribi,Eau de Parfum,active,0.00,,,1,"arabic, brand-ahmed-al-maghribi, catalog, cold-weather, desert-climate, dry-weather, family-floral, family-floral-rose, family-oud-woody, hot-weather, new-arrival, spring-bloom, summer-wear, unisex, wedding, wedding-formal, winter-holiday"
9383138164990,ahmed-al-maghribi-scentique-white-edp-100ml,Ahmed Al Maghribi Scentique White EDP 100ml | Fresh Floral Woody Perfume,Ahmed Al Maghribi,Eau de Parfum,active,0.00,,,1,"arabic, brand-ahmed-al-maghribi, catalog, desert-climate, dry-weather, everyday-signature, family-floral-rose, family-floral-woody, family-fresh-citrus, family-spicy-oriental, family-sweet-gourmand, gym, hot-weather, humid-weather, new-arrival, office-wear, sale, spring-bloom, summer-wear, unisex, wedding, wedding-formal"
9383150027006,ahmed-al-maghribi-summer-oud-edp-60ml,Ahmed Al Maghribi Summer Oud Eau De Parfum 60ML | Oud Spicy Woody Perfume,Ahmed Al Maghribi,Eau de Parfum,active,0.00,,,1,"arabic, brand-ahmed-al-maghribi, catalog, date-night, desert-climate, dry-weather, everyday-signature, family-oud-spicy, family-oud-woody, family-spicy-oriental, hot-weather, humid-weather, luxury, new-arrival, party-clubbing, summer-wear, unisex, wedding, wedding-formal"
9383136133374,ahmed-al-maghribi-zumar-eau-de-parfum-60ml-unisex-long-lasting-perfume,Ahmed Al Maghribi Zumar Eau de Parfum 60ml | Unisex Long-lasting Perfume,Ahmed Al Maghribi,Eau de Parfum,active,0.00,,,1,"arabic, brand-ahmed-al-maghribi, catalog, cold-weather, desert-climate, dry-weather, family-floral-rose, family-fruity-oud, family-oud-woody, family-spicy-oriental, luxury, new-arrival, unisex, wedding, wedding-formal, winter-holiday"
9383153500414,aiyara-pour-femme-edp-100ml,Aiyara Pour Femme EDP 100ml | Fruity Floral Musky Perfume,Rasasi,Eau de Parfum,active,0.00,,,1,"arabic, brand-rasasi, catalog, desert-climate, dry-weather, family-floral-rose, family-fresh-citrus, family-fruity-floral, gym, hot-weather, humid-weather, new-arrival, office-wear, wedding, womens"
9383153533182,aiyara-pour-homme-edp-100ml,Aiyara Pour Homme EDP 100ml | Fresh Woody Spicy Perfume,Rasasi,Eau de Parfum,active,0.00,,,1,"arabic, brand-rasasi, catalog, desert-climate, dry-weather, family-floral-rose, family-fresh-citrus, family-fresh-woody, family-spicy-oriental, gym, hot-weather, humid-weather, mens, new-arrival, office-wear, wedding"
9383145242878,ajwad-pink-to-pink-lattafa-100ml,Ajwad Pink to Pink Intense Eau De Parfum 100ml | Fruity Floral Musky Perfume,Lattafa,Eau de Parfum,active,0.00,,,1,"arabic, brand-lattafa, catalog, date-night, desert-climate, dry-weather, family-floral-rose, family-fruity-floral, luxury, new-arrival, office-wear, party-clubbing, tropical-climate, vacation-beach, womens"
9383444611326,akoya-gissa-zlblue-pearl-330004-1-inspired-edp,Akoya Gissa Zlblue Pearl Inspired Extrait de Parfum Unisex | Oriental House Impression,The Fragrance Secrets,Extrait de Parfum,active,0.00,,,1,"arabic, brand-the-fragrance-secrets, catalog, family-inspired-impression, inspired, inspired-collection, unisex"
9383444578558,akoya-gissah-mkt-inspired-edp,Akoya Gissah Inspired Extrait de Parfum Unisex | Oriental House Impression,The Fragrance Secrets,Extrait de Parfum,active,0.00,,,1,"arabic, brand-the-fragrance-secrets, catalog, family-inspired-impression, inspired, inspired-collection, unisex"
9383145210110,al-andaleeb-asdaaf-lattafa-100ml,Al Andaleeb Asdaaf Eau De Parfum 100ml | Floral Woody Chypre Perfume,Lattafa,Eau de Parfum,active,0.00,,,1,"arabic, brand-lattafa, catalog, family-floral-woody, hot-weather, humid-weather, new-arrival, office-wear, unisex, wedding"
9383146946814,al-farah-al-gazal-100ml,Al Farah Eau De Parfum 100ml | Floral Gourmand Sweet Perfume,Al Gazal,Eau de Parfum,active,0.00,,,1,"brand-al-gazal, catalog, cold-weather, desert-climate, dry-weather, everyday-signature, family-floral-gourmand, family-sweet-gourmand, hot-weather, humid-weather, new-arrival, office-wear, spring-bloom, summer-wear, tropical-climate, vacation-beach, wedding, wedding-formal, winter-holiday, womens"
9383143014654,al-faris-golden-lion-100ml,Al Faris Eau De Parfum 100ml | Fresh Woody Aromatic Perfume,Golden Lion,Eau de Parfum,active,0.00,,,1,"brand-golden-lion, catalog, desert-climate, dry-weather, family-fresh-woody, family-oud-woody, family-spicy-oriental, hot-weather, humid-weather, mens, new-arrival, office-wear, wedding"
9383138492670,al-haramain-amber-oud-aqua-dubai-100ml-extrait-de-parfum,Al Haramain Amber Oud Aqua Dubai 100ml Extrait de Parfum | Fresh Aquatic Amber Perfume,Al Haramain,Extrait de Parfum,active,0.00,,,1,"beach-vacation, brand-al-haramain, catalog, desert-climate, dry-weather, everyday-signature, family-fresh-amber, family-fresh-citrus, family-spicy-oriental, hot-weather, humid-weather, new-arrival, office-wear, rainy-day, sale, spring-bloom, summer-wear, tropical-climate, unisex, vacation-beach, wedding, wedding-formal"
9383138525438,al-haramain-amber-oud-aqua-dubai-75ml-extrait-de-parfum,Al Haramain Amber Oud Aqua Dubai 75ml Extrait de Parfum | Fresh Aquatic Amber Perfume,Al Haramain,Extrait de Parfum,active,0.00,,,1,"beach-vacation, brand-al-haramain, catalog, desert-climate, dry-weather, family-fresh-amber, family-fresh-citrus, family-spicy-oriental, hot-weather, humid-weather, luxury, new-arrival, office-wear, rainy-day, sale, tropical-climate, unisex, vacation-beach, wedding"
9383138459902,haramain-amber-oud-dubai-night-100ml,Al Haramain Amber Oud Dubai Night 100ml | Amber Oud Woody Perfume,Al Haramain,Eau de Parfum,active,0.00,,,1,"arabic, brand-al-haramain, catalog, desert-climate, dinner-evening, dry-weather, family-amber-woody, family-floral-rose, family-fresh-citrus, family-oud-woody, family-spicy-oriental, gym, hot-weather, humid-weather, new-arrival, office-wear, rainy-day, sale, unisex, wedding"
9383138427134,al-haramain-amber-oud-dubai-night-75ml,Al Haramain Amber Oud Dubai Night 75ml | Amber Oud Woody Perfume,Al Haramain,Eau de Parfum,active,0.00,,,1,"beach-vacation, brand-al-haramain, catalog, date-night, desert-climate, dinner-evening, dry-weather, family-amber-woody, family-floral-rose, family-fresh-citrus, family-spicy-oriental, gym, hot-weather, humid-weather, new-arrival, office-wear, party-clubbing, sale, unisex, wedding"
9383126171902,al-majed-oud-prestige-ruby-edp-100ml-unisex-orange-blossom-amber-cedar-perfume,Al Majed Oud Prestige Ruby EDP 100ML | Unisex Orange Blossom Amber Cedar Perfume,Al Majed Oud,Eau de Parfum,active,0.00,,,1,"arabic, beach-vacation, brand-al-majed-oud, catalog, cold-weather, desert-climate, dinner-evening, dry-weather, everyday-signature, family-amber-woody, family-floral-rose, family-fresh-citrus, family-spicy-oriental, hot-weather, humid-weather, luxury, new-arrival, office-wear, rainy-day, sale, spring-bloom, summer-wear, unisex, wedding, wedding-formal, winter-holiday"
9383123222782,al-majed-oud-prestige-ruby-edp-200ml-unisex-orange-blossom-amber-cedar-perfume,Al Majed Oud Prestige Ruby EDP 200ML | Unisex Orange Blossom Amber Cedar Perfume,Al Majed Oud,Eau de Parfum,active,0.00,,,1,"arabic, beach-vacation, brand-al-majed-oud, catalog, cold-weather, desert-climate, dinner-evening, dry-weather, family-amber-woody, family-floral-rose, family-fresh-citrus, family-spicy-oriental, hot-weather, humid-weather, luxury, new-arrival, office-wear, rainy-day, sale, unisex, wedding, wedding-formal, winter-holiday"
9383119814910,al-majed-oud-royale-eau-de-parfum-100ml-for-men,Al Majed Oud Royale Eau De Parfum 100ML for Men | Aromatic Woody Musk Perfume,Al Majed Oud,Eau de Parfum,active,0.00,,,1,"arabic, brand-al-majed-oud, catalog, desert-climate, dry-weather, everyday-signature, family-oud-woody, family-woody-aromatic, hot-weather, humid-weather, mens, new-arrival, office-wear, wedding, wedding-formal"
9383126106366,al-nuaim-ignite-oud-attar-oil-9-9ml-roll-on-woody-oriental-perfume-oil,Al Nuaim Ignite Oud Attar Oil 9.9ML Roll-On | Woody Oriental Perfume Oil,Al Nuaim,Parfum Oil,active,0.00,,,1,"arabic, brand-al-nuaim, catalog, cold-weather, desert-climate, dry-weather, everyday-signature, family-oud-woody, family-spicy-oriental, family-woody-aromatic, hot-weather, new-arrival, perfume-oil, sale, spring-bloom, summer-wear, unisex, winter-holiday"
9383444545790,al-nuaim-inspired-edp,Al Nuaim Inspired Extrait de Parfum Unisex | Oriental House Impression,The Fragrance Secrets,Extrait de Parfum,active,0.00,,,1,"arabic, brand-the-fragrance-secrets, catalog, family-inspired-impression, inspired, inspired-collection, unisex"
9383126139134,al-nuaim-marj-attar-oil-9-9ml-roll-on-spicy-floral-woody-perfume-oil,Al Nuaim Marj Attar Oil 9.9ML Roll On | Spicy Floral Woody Perfume Oil,Al Nuaim,Parfum Oil,active,0.00,,,1,"arabic, brand-al-nuaim, catalog, cold-weather, desert-climate, dry-weather, everyday-signature, family-floral-rose, family-oud-woody, family-spicy-oriental, hot-weather, new-arrival, perfume-oil, sale, spring-bloom, summer-wear, unisex, winter-holiday"
9383144816894,al-qiam-gold-lattafa-100ml,Al Qiam Gold Eau De Parfum 100ml | Leather Oud Fruity Perfume,Lattafa,Eau de Parfum,active,0.00,,,1,"arabic, brand-lattafa, catalog, desert-climate, dry-weather, family-leather-oud, family-oud-woody, family-spicy-oriental, new-arrival, unisex, wedding"
9383141835006,al-shifa-roll-on-20ml-raees,Al Shifa Roll-On 20ml Attar | Fresh Floral Woody Perfume,Raees,Parfum Oil,active,0.00,,,1,"arabic, brand-raees, catalog, desert-climate, dry-weather, everyday-signature, family-floral-rose, family-fresh-citrus, family-fresh-woody, family-oud-woody, family-spicy-oriental, gym, hot-weather, humid-weather, new-arrival, office-wear, perfume-oil, unisex, wedding"
9383153565950,al-wisam-day-edp-100ml,Al Wisam Day EDP 100ml | Aromatic Woody Oud Perfume,Rasasi,Eau de Parfum,active,0.00,,,1,"arabic, brand-rasasi, catalog, desert-climate, dry-weather, family-aromatic-woody, family-floral-rose, family-fresh-citrus, hot-weather, humid-weather, mens, new-arrival, office-wear, wedding"
9383444480254,al-zubra-inspired-edp,Al Zubra Inspired Extrait de Parfum Unisex | Oriental House Impression,The Fragrance Secrets,Extrait de Parfum,active,0.00,,,1,"arabic, brand-the-fragrance-secrets, catalog, family-inspired-impression, inspired, inspired-collection, unisex"
9383129612542,parisbelle-alara-extrait-de-parfum-100ml,Alara Extrait de Parfum 100ml | Fruity Gourmand Luxury Perfume by Parisbelle,Parisbelle,Extrait de Parfum,active,0.00,,,1,"brand-parisbelle, catalog, cold-weather, desert-climate, dinner-evening, dry-weather, everyday-signature, family-fruity-gourmand, family-oud-woody, hot-weather, humid-weather, luxury, new-arrival, office-wear, summer-wear, unisex, wedding, wedding-formal, winter-holiday"
9383444447486,alasko-of-lorraine-dirty-fluer504017-inspired-edp,Alasko Of Lorraine Dirty Fluer504017 Inspired Extrait de Parfum Unisex | Oriental House Impression,The Fragrance Secrets,Extrait de Parfum,active,0.00,,,1,"arabic, brand-the-fragrance-secrets, catalog, family-inspired-impression, inspired, inspired-collection, rainy-day, unisex"
9383124730110,alezz-oud-hersh-bukhori-edp-100ml-unisex-incense-woody-perfume,Alezz Oud Hersh Bukhori EDP 100ML Unisex | Incense Woody Perfume,Alezz Oud,Eau de Parfum,active,0.00,,,1,"arabic, brand-alezz-oud, catalog, cold-weather, date-night, desert-climate, dry-weather, family-oud-woody, family-spicy-oriental, new-arrival, party-clubbing, unisex, wedding, wedding-formal, winter-holiday"
9383125811454,alezz-oud-mehwar-edp-100ml-for-women-and-men-floral-woody-musky-perfume,Alezz Oud Hersh Mehwar EDP 100ML for Unisex | Floral Woody Musk Perfume,Alezz Oud,Eau de Parfum,active,0.00,,,1,"arabic, brand-alezz-oud, catalog, cold-weather, date-night, desert-climate, dinner-evening, dry-weather, everyday-signature, family-floral, family-floral-rose, family-oud-woody, hot-weather, humid-weather, new-arrival, office-wear, party-clubbing, sale, spring-bloom, summer-wear, unisex, wedding, wedding-formal, winter-holiday"
9383124205822,alezz-oud-hersh-rouge-edp-100ml-unisex-fresh-oriental-floral-perfume,Alezz Oud Hersh Rouge EDP 100ML Unisex | Fresh Oriental Floral Perfume,Alezz Oud,Eau de Parfum,active,0.00,,,1,"arabic, brand-alezz-oud, catalog, cold-weather, date-night, desert-climate, dry-weather, everyday-signature, family-floral-oriental, family-floral-rose, family-oud-woody, family-spicy-oriental, hot-weather, humid-weather, luxury, new-arrival, office-wear, party-clubbing, sale, spring-bloom, summer-wear, tropical-climate, unisex, wedding, wedding-formal, winter-holiday"
9383124238590,alezz-oud-hersh-x-edp-100ml-unisex-fresh-spicy-woody-perfume,Alezz Oud Hersh X EDP 100ML Unisex | Fresh Spicy Woody Perfume,Alezz Oud,Eau de Parfum,active,0.00,,,1,"arabic, brand-alezz-oud, catalog, cold-weather, desert-climate, dry-weather, everyday-signature, family-floral-rose, family-fresh-woody, family-oud-woody, family-spicy-oriental, hot-weather, humid-weather, luxury, new-arrival, office-wear, sale, spring-bloom, summer-wear, unisex, wedding, wedding-formal, winter-holiday"
9383125778686,alezz-oud-hersh-zero-degree-celsius-edp-100ml-for-unisex-oud-citrus-spicy-perfume,Alezz Oud Hersh Zero Degree Celsius EDP 100ML for Unisex | Fresh Oud Woody Perfume,Alezz Oud,Eau de Parfum,active,0.00,,,1,"arabic, brand-alezz-oud, catalog, cold-weather, desert-climate, dinner-evening, dry-weather, everyday-signature, family-floral-rose, family-spicy-oriental, family-woody-aromatic, gym, hot-weather, humid-weather, luxury, new-arrival, office-wear, rainy-day, sale, spring-bloom, summer-wear, unisex, wedding, wedding-formal, winter-holiday"
9383125745918,alezz-oud-klikat-blue-edp-200ml-for-women-and-men-citrus-aromatic-fresh-perfume,Alezz Oud Klikat Blue EDP 200ML for Women and Men | Citrus Aromatic Fresh Perfume,Alezz Oud,Eau de Parfum,active,0.00,,,1,"arabic, brand-alezz-oud, catalog, desert-climate, dry-weather, everyday-signature, family-fresh-citrus, family-fresh-woody, family-oud-woody, family-spicy-oriental, gym, hot-weather, humid-weather, luxury, new-arrival, office-wear, rainy-day, summer-wear, unisex, wedding"
9383444414718,alien-inspired-edp,Alien Inspired Extrait de Parfum Unisex | Oriental House Impression,The Fragrance Secrets,Extrait de Parfum,active,0.00,,,1,"arabic, brand-the-fragrance-secrets, catalog, family-inspired-impression, inspired, inspired-collection, unisex"
9383444381950,allure-homme-inspired-edp,Allure Homme Inspired Extrait de Parfum Unisex | Oriental House Impression,The Fragrance Secrets,Extrait de Parfum,active,0.00,,,1,"arabic, brand-the-fragrance-secrets, catalog, family-inspired-impression, inspired, inspired-collection, unisex"
9383444316414,allure-sport-inspired-edp,Allure Sport Inspired Extrait de Parfum Unisex | Oriental House Impression,The Fragrance Secrets,Extrait de Parfum,active,0.00,,,1,"arabic, brand-the-fragrance-secrets, catalog, family-inspired-impression, gym, inspired, inspired-collection, unisex"
9383444283646,althair-34915-v1-inspired-edp,Althair Inspired Extrait de Parfum Unisex | Oriental House Impression,The Fragrance Secrets,Extrait de Parfum,active,0.00,,,1,"arabic, brand-the-fragrance-secrets, catalog, family-inspired-impression, inspired, inspired-collection, unisex"
9383125942526,amaran-kafu-edp-100ml-for-men-amaran-kafu-men-s-perfum-woody-spicy-perfume-for-me,Amaran Kafu EDP 100ML for Men | Amaran Kafu Men’s Perfum Woody Spicy Perfume for Me,Amaran,Eau de Parfum,active,0.00,,,1,"brand-amaran, catalog, cold-weather, desert-climate, dry-weather, everyday-signature, family-fresh-citrus, family-fresh-woody, family-spicy-oriental, gym, hot-weather, humid-weather, mens, new-arrival, office-wear, rainy-day, spring-bloom, summer-wear, wedding, wedding-formal, winter-holiday"
9383151403262,amaze-her-edp-75ml,Amaze Her EDP 75ml | Floral Fruity Musky Perfume,Ajmal Perfumes,Eau de Parfum,active,0.00,,,1,"brand-ajmal-perfumes, catalog, date-night, desert-climate, dry-weather, family-floral-fruity, family-floral-rose, family-fresh-citrus, hot-weather, humid-weather, new-arrival, office-wear, party-clubbing, womens"
9370245234942,ambar-silk-edp,Ambar Silk EDP,Rasasi,Eau de Parfum,archived,189.00,260.00,,1,"brand-rasasi, seed, women, womens"
9383141703934,ambareen-roll-on-raees-20ml,Ambareen Roll-On 20ml Attar | Amber Floral Oud Perfume,Raees,Parfum Oil,active,0.00,,,1,"arabic, brand-raees, catalog, desert-climate, dry-weather, everyday-signature, family-amber-oud, family-floral-rose, family-oud-woody, family-spicy-oriental, new-arrival, perfume-oil, unisex, wedding"
9383155138814,amber-fever-edp-120ml,Amber Fever EDP 120ml | Amber Sweet Woody Perfume,Mancera,Eau de Parfum,active,0.00,,,1,"brand-mancera, catalog, desert-climate, dry-weather, family-amber-sweet, family-floral-rose, family-oud-woody, family-spicy-oriental, luxury, new-arrival, sale, unisex, wedding"
9383151436030,amber-leather-edp-100ml,Amber Leather EDP 100ml | Amber Spicy Leather Perfume,Ajmal Perfumes,Eau de Parfum,active,0.00,,,1,"brand-ajmal-perfumes, catalog, desert-climate, dry-weather, family-amber-spicy, family-oud-woody, family-spicy-oriental, luxury, new-arrival, unisex, wedding"
9383444218110,amber-leather-inspired-edp,Amber Leather Inspired Extrait de Parfum Unisex | Amber House Impression,The Fragrance Secrets,Extrait de Parfum,active,0.00,,,1,"arabic, brand-the-fragrance-secrets, catalog, desert-climate, dry-weather, family-inspired-impression, family-spicy-oriental, inspired, inspired-collection, unisex"
9383444185342,amber-musk-inspired-edp,Amber Musk Inspired Extrait de Parfum Unisex | Amber House Impression,The Fragrance Secrets,Extrait de Parfum,active,0.00,,,1,"arabic, brand-the-fragrance-secrets, catalog, desert-climate, dry-weather, family-inspired-impression, family-spicy-oriental, inspired, inspired-collection, unisex"
9383419838718,amber-nuit-inspired-edp,Amber Nuit Inspired Extrait de Parfum Unisex | Amber Rose Fragrance,The Fragrance Secrets,Extrait de Parfum,active,0.00,,,1,"arabic, brand-the-fragrance-secrets, catalog, desert-climate, dry-weather, family-amber-rose, family-spicy-oriental, inspired, inspired-collection, unisex"
9370245071102,amber-oud-gold-edp,Amber Oud Gold EDP,Al Haramain,Eau de Parfum,archived,259.00,380.00,,1,"bestseller, brand-al-haramain, seed, unisex"
9383135903998,al-haramain-amber-oud-ruby-120ml,Amber Oud Ruby Edition Eau De Parfum 120ml | Amber Woody Spicy Perfume,Al Haramain,Eau de Parfum,active,0.00,,,1,"arabic, brand-al-haramain, catalog, cold-weather, desert-climate, dry-weather, everyday-signature, family-amber-woody, family-floral-rose, family-oud-woody, family-spicy-oriental, hot-weather, humid-weather, new-arrival, office-wear, rainy-day, spring-bloom, summer-wear, unisex, wedding, wedding-formal, winter-holiday"
9383419707646,amber-rijali-inspired-edp,Amber Rijali Inspired Extrait de Parfum Unisex | Amber Floral Fragrance,The Fragrance Secrets,Extrait de Parfum,active,0.00,,,1,"arabic, brand-the-fragrance-secrets, catalog, desert-climate, dry-weather, family-amber-floral, family-spicy-oriental, inspired, inspired-collection, unisex"
9383151501566,amber-wood-edp-100ml,Amber Wood EDP 100ml | Fruity Floral Woody Perfume,Ajmal Perfumes,Eau de Parfum,active,0.00,,,1,"brand-ajmal-perfumes, catalog, desert-climate, dry-weather, family-floral-rose, family-fruity-floral, family-oud-woody, family-spicy-oriental, hot-weather, humid-weather, luxury, new-arrival, wedding, womens"
9383162380542,amber-wood-inspired-edp,Amber Wood Inspired Extrait de Parfum Unisex | Amber Woody Fragrance,The Fragrance Secrets,Extrait de Parfum,active,0.00,,,1,"arabic, brand-the-fragrance-secrets, catalog, desert-climate, dry-weather, family-amber-woody, family-oud-woody, family-spicy-oriental, inspired, inspired-collection, unisex, wedding"
9383138558206,ameer-al-arab-eau-de-parfum-100ml-farzanas-collection,Ameer Al Arab Eau de Parfum 100ml | Floral Aromatic Spicy Perfume,Farzana's Collection,Eau de Parfum,active,0.00,,,1,"brand-farzana-s-collection, catalog, everyday-signature, family-floral-aromatic, family-floral-rose, family-spicy-oriental, new-arrival, unisex, wedding-formal"
9383162347774,ameer-al-oud-inspired-edp,Ameer Al Oud Inspired Extrait de Parfum Unisex | Oud Woody Fragrance,The Fragrance Secrets,Extrait de Parfum,active,0.00,,,1,"arabic, brand-the-fragrance-secrets, catalog, desert-climate, dry-weather, family-oud-woody, inspired, inspired-collection, unisex, wedding"
9383131185406,ameer-al-oud-orginal-edp-100ml,AMEER AL OUD ORGINAL EDP 100ML | Oud Woody Sweet Perfume,Farzana's Collection,Eau de Parfum,active,0.00,,,1,"brand-farzana-s-collection, catalog, cold-weather, desert-climate, dinner-evening, dry-weather, family-fresh-citrus, family-oud-woody, gym, hot-weather, humid-weather, new-arrival, office-wear, spring-bloom, summer-wear, unisex, winter-holiday"
9383141474558,shazine-ameera-al-arab-6pcs-rollon-6ml,Ameera Al Arab 6pcs Roll On 6ml x 6 Attar | Floral Spicy Oriental Perfume,Shazine,Parfum Oil,active,0.00,,,1,"arabic, brand-shazine, catalog, everyday-signature, family-floral-rose, family-floral-spicy, family-spicy-oriental, new-arrival, perfume-oil, unisex, wedding-formal"
9383148486910,ameerat-al-arab-edp-100ml,Ameerat Al Arab EDP 100ml | Floral Musky Oud Perfume,Farzana's Collection,Eau de Parfum,active,0.00,,,1,"brand-farzana-s-collection, catalog, desert-climate, dry-weather, everyday-signature, family-floral-musky, family-floral-rose, family-spicy-oriental, hot-weather, humid-weather, luxury, new-arrival, wedding, wedding-formal, womens"
9383162315006,ameerat-al-arab-33167-v1-inspired-edp,Ameerat Al Arab Inspired Extrait de Parfum Unisex | Amber Woody Fragrance,The Fragrance Secrets,Extrait de Parfum,active,0.00,,,1,"arabic, brand-the-fragrance-secrets, catalog, family-amber-woody, inspired, inspired-collection, unisex"
9383162282238,ameerath-al-arab-imprium-36209-v2-inspired-edp,Ameerath Al Arab Imperium Inspired Extrait de Parfum Unisex | Woody Aromatic Fragrance,The Fragrance Secrets,Extrait de Parfum,active,0.00,,,1,"arabic, brand-the-fragrance-secrets, catalog, family-woody-aromatic, inspired, inspired-collection, unisex"
9383162249470,ameerath-al-arab-prive-rose-36366-v2-inspired-edp,Ameerath Al Arab Prive Rose Inspired Extrait de Parfum Unisex | Rose Floral Fragrance,The Fragrance Secrets,Extrait de Parfum,active,0.00,,,1,"arabic, brand-the-fragrance-secrets, catalog, family-floral-rose, family-rose-floral, inspired, inspired-collection, unisex"
9383162183934,amethyst-ia-inspired-edp,Amethyst Inspired Extrait de Parfum Unisex | Fruity Amber Fragrance,The Fragrance Secrets,Extrait de Parfum,active,0.00,,,1,"arabic, brand-the-fragrance-secrets, catalog, family-fruity-amber, inspired, inspired-collection, unisex"
9383138590974,love-delight-amouage-100ml,Amouage Love Delight Eau De Parfum for Women | Floral Spicy Gourmand Perfume,Amouage,Eau de Parfum,active,0.00,,,1,"brand-amouage, catalog, dinner-evening, everyday-signature, family-floral-gourmand, family-floral-rose, family-fresh-citrus, family-spicy-oriental, family-sweet-gourmand, luxury, new-arrival, office-wear, wedding-formal, womens"
9383153664254,aneen-edp-100ml,Aneen EDP 100ml | Fruity Floral Musky Perfume,Rasasi,Eau de Parfum,active,0.00,,,1,"arabic, brand-rasasi, catalog, desert-climate, dry-weather, family-floral-rose, family-fresh-citrus, family-fruity-floral, hot-weather, humid-weather, new-arrival, office-wear, unisex, wedding"
9383149502718,angel-scent-edp-100ml,Angel Scent EDP 100ml | Sweet Gourmand Perfume,The Fragrance Secrets,Eau de Parfum,active,0.00,,,1,"brand-the-fragrance-secrets, catalog, everyday-signature, family-sweet-gourmand, luxury, new-arrival, unisex"
9383132954878,angels-powder-eau-de-parfum-50ml-by-borntostandout-unisex-perfume,Angels Powder Eau De Parfum 50ml by Borntostandout | Unisex Perfume,Born To Stand Out,Eau de Parfum,active,0.00,,,1,"brand-born-to-stand-out, catalog, desert-climate, dry-weather, everyday-signature, family-oud-woody, family-sweet-gourmand, family-sweet-powdery, hot-weather, luxury, new-arrival, spring-bloom, summer-wear, unisex, wedding, wedding-formal"
9383121518846,antonio-banderas-black-seduction-edt-100ml-for-men,Antonio Banderas Black Seduction EDT 100ML for Men | Aromatic Amber Woody Perfume,Antonio Banderas,Eau de Toilette,active,0.00,,,1,"brand-antonio-banderas, catalog, date-night, desert-climate, dry-weather, everyday-signature, family-oud-woody, family-spicy-oriental, family-woody-aromatic, hot-weather, humid-weather, mens, new-arrival, party-clubbing, wedding, wedding-formal"
9383122895102,antonio-banderas-blue-seduction-edt-100ml-for-men-fresh-aquatic-perfume,Antonio Banderas Blue Seduction EDT 100ML for Men | Fresh Aquatic Perfume,Antonio Banderas,Eau de Toilette,active,0.00,,,1,"brand-antonio-banderas, catalog, desert-climate, dry-weather, everyday-signature, family-fresh-aquatic, family-fresh-citrus, family-spicy-oriental, gym, hot-weather, humid-weather, mens, new-arrival, office-wear, rainy-day, summer-wear, wedding"
9383122862334,antonio-banderas-her-secret-desire-edt-80ml-for-women-fruity-gourmand-perfume,Antonio Banderas Her Secret Desire EDT 80ML for Women | Fruity Gourmand Perfume,Antonio Banderas,Eau de Toilette,active,0.00,,,1,"brand-antonio-banderas, catalog, date-night, desert-climate, dry-weather, everyday-signature, family-floral, family-floral-rose, family-fresh-citrus, family-spicy-oriental, family-sweet-gourmand, gym, hot-weather, humid-weather, new-arrival, office-wear, party-clubbing, rainy-day, summer-wear, wedding, womens"
9383123714302,antonio-banderas-king-of-seduction-edt-100ml-for-men-woody-aromatic-perfume,Antonio Banderas King of Seduction EDT 100ML for Men | Woody Aromatic Perfume,Antonio Banderas,Eau de Toilette,active,0.00,,,1,"brand-antonio-banderas, catalog, desert-climate, dry-weather, everyday-signature, family-floral-rose, family-fresh-citrus, family-fresh-woody, family-spicy-oriental, gym, hot-weather, humid-weather, mens, new-arrival, office-wear, rainy-day, spring-bloom, summer-wear, wedding, wedding-formal"
9383155171582,aoud-blue-note-edp-120ml,Aoud Blue Note EDP 120ml | Oud Floral Woody Perfume,Mancera,Eau de Parfum,active,0.00,,,1,"brand-mancera, catalog, desert-climate, dry-weather, family-floral-rose, family-fresh-citrus, family-oud-floral, family-sweet-gourmand, gym, hot-weather, humid-weather, luxury, new-arrival, office-wear, tropical-climate, unisex, wedding"
9383155204350,aoud-cafe-edp-120ml,Aoud Cafe EDP 120ml | Oud Coffee Woody Perfume,Mancera,Eau de Parfum,active,0.00,,,1,"brand-mancera, catalog, desert-climate, dry-weather, family-oud-coffee, family-oud-woody, family-spicy-oriental, family-sweet-gourmand, hot-weather, humid-weather, luxury, new-arrival, office-wear, tropical-climate, unisex, wedding"
9383155237118,aoud-exclusif-edp-120ml,Aoud Exclusif EDP 120ml | Oud Floral Woody Perfume,Mancera,Eau de Parfum,active,0.00,,,1,"brand-mancera, catalog, desert-climate, dinner-evening, dry-weather, family-floral-rose, family-fresh-citrus, family-oud-floral, family-spicy-oriental, hot-weather, humid-weather, luxury, new-arrival, office-wear, tropical-climate, unisex, wedding"
9383155269886,aoud-lemon-mint-edp-120ml,Aoud Lemon Mint EDP 120ml | Oud Citrus Sweet Perfume,Mancera,Eau de Parfum,active,0.00,,,1,"brand-mancera, catalog, desert-climate, dry-weather, family-fresh-citrus, family-oud-citrus, gym, hot-weather, humid-weather, luxury, new-arrival, office-wear, rainy-day, tropical-climate, unisex, wedding"
9383155335422,aoud-violet-edp-120ml,Aoud Violet EDP 120ml | Floral Oud Woody Perfume,Mancera,Eau de Parfum,active,0.00,,,1,"brand-mancera, catalog, date-night, desert-climate, dry-weather, family-floral-oud, family-floral-rose, family-fresh-citrus, family-spicy-oriental, gym, hot-weather, humid-weather, luxury, new-arrival, office-wear, party-clubbing, tropical-climate, wedding, womens"
9383161168126,aqua-wood-edp-120ml,Aqua Wood EDP 120ml | Fruity Woody Aromatic Perfume,Mancera,Eau de Parfum,active,0.00,,,1,"brand-mancera, catalog, date-night, desert-climate, dry-weather, family-floral-rose, family-fruity-woody, family-oud-woody, family-spicy-oriental, hot-weather, humid-weather, luxury, mens, new-arrival, office-wear, party-clubbing, tropical-climate, wedding"
9383127253246,arabiyat-prestige-mahd-al-dhahab-eau-de-parfum-100ml-oriental-woody-unisex-perfume,Arabiyat Prestige Mahd Al Dhahab Eau De Parfum 100ML | Oriental Woody Unisex Perfume,Arabiyat Prestige,Eau de Parfum,active,0.00,,,1,"arabic, brand-arabiyat-prestige, catalog, cold-weather, date-night, desert-climate, dry-weather, family-fresh-woody, family-oud-woody, family-spicy-oriental, hot-weather, humid-weather, luxury, new-arrival, office-wear, party-clubbing, tropical-climate, unisex, wedding, wedding-formal, winter-holiday"
9383127318782,arabiyat-prestige-marwa-edp-100ml-for-men-citrus-aromatic-long-lasting-perfume,Arabiyat Prestige Marwa EDP 100ML for Men | Citrus Aromatic Long Lasting Perfume,Arabiyat Prestige,Eau de Parfum,active,0.00,,,1,"arabic, beach-vacation, brand-arabiyat-prestige, catalog, cold-weather, desert-climate, dry-weather, family-fresh-citrus, family-fresh-woody, gym, hot-weather, humid-weather, luxury, mens, new-arrival, office-wear, rainy-day, spring-bloom, summer-wear, tropical-climate, wedding, wedding-formal, winter-holiday"
9383125123326,arabiyat-prestige-nyla-eau-de-parfum-80ml-unisex-coconut-floral-musky-perfume,Arabiyat Prestige Nyla EDP 80ML Unisex | Floral Fruity Musky Perfume,Arabiyat Prestige,Eau de Parfum,active,0.00,,,1,"arabic, beach-vacation, brand-arabiyat-prestige, catalog, cold-weather, date-night, desert-climate, dry-weather, everyday-signature, family-floral, family-floral-rose, hot-weather, luxury, new-arrival, party-clubbing, sale, spring-bloom, summer-wear, unisex, wedding, wedding-formal, winter-holiday"
9383125090558,arabiyat-prestige-safa-edp-100ml-for-women-fruity-floral-amber-perfume,Arabiyat Prestige Safa EDP 100ML for Women | Fruity Floral Amber Perfume,Arabiyat Prestige,Eau de Parfum,active,0.00,,,1,"brand-arabiyat-prestige, catalog, cold-weather, date-night, desert-climate, everyday-signature, family-floral-rose, family-fruity-floral, family-oud-woody, family-sweet-gourmand, luxury, new-arrival, party-clubbing, spring-bloom, summer-wear, wedding, wedding-formal, winter-holiday, womens"
9383125156094,arabiyat-prestige-uhud-eau-de-parfum-100ml-unisex-sweet-vanilla-gourmand-perfume,Arabiyat Prestige Uhud Eau De Parfum 100ml Unisex | Sweet Vanilla Gourmand Perfume,Arabiyat Prestige,Eau de Parfum,active,0.00,,,1,"brand-arabiyat-prestige, catalog, cold-weather, dry-weather, family-gourmand, family-sweet-gourmand, luxury, new-arrival, summer-wear, unisex, wedding-formal, winter-holiday"
9383133610238,arabs-of-diriyah-eau-de-parfum-100ml-for-men,Arabs of Diriyah Eau De Parfum 100ml | For Men,Reef,Eau de Parfum,active,0.00,,,1,"brand-reef, catalog, cold-weather, desert-climate, dry-weather, family-oud-woody, family-spicy-oriental, mens, new-arrival, wedding, wedding-formal, winter-holiday"
9383148847358,arenas-dream-edp-100ml,Arenas Dream EDP 100ml | Sweet Citrus Floral Perfume,The Fragrance Secrets,Eau de Parfum,active,0.00,,,1,"brand-the-fragrance-secrets, catalog, everyday-signature, family-floral-rose, family-fresh-citrus, family-sweet-citrus, family-sweet-gourmand, hot-weather, humid-weather, new-arrival, office-wear, unisex"
9383121715454,ariana-grande-cloud-eau-de-parfum-100ml-for-women,Ariana Grande Cloud Eau De Parfum 100ML for Women | Sweet Gourmand Perfume,Ariana Grande,Eau de Parfum,active,0.00,,,1,"beach-vacation, brand-ariana-grande, catalog, desert-climate, dry-weather, everyday-signature, family-gourmand, family-sweet-gourmand, hot-weather, humid-weather, new-arrival, office-wear, wedding, wedding-formal, womens"
9383125025022,armaf-delights-island-bliss-edp-100ml-for-women-tropical-fruity-floral-perfume,Armaf Delights Island Bliss EDP 100ML for Women | Tropical Fruity Floral Perfume,Armaf,Eau de Parfum,active,0.00,,,1,"brand-armaf, catalog, dry-weather, everyday-signature, family-floral, family-floral-rose, humid-weather, new-arrival, office-wear, spring-bloom, summer-wear, tropical-climate, vacation-beach, womens"
9383124992254,armaf-delights-island-breeze-edp-100ml-unisex-fruity-floral-perfume,Armaf Delights Island Breeze EDP 100ML Unisex | Fruity Floral Perfume,Armaf,Eau de Parfum,active,0.00,,,1,"brand-armaf, catalog, dry-weather, everyday-signature, family-floral, family-floral-rose, family-spicy-oriental, humid-weather, new-arrival, office-wear, spring-bloom, summer-wear, tropical-climate, unisex, vacation-beach"
9383125614846,armaf-dunescape-dubai-extrait-de-parfum-100ml-unisex-citrus-woody-musky-perfume,Armaf DUNESCAPE DUBAI Extrait De Parfum 100ML Unisex | Citrus Woody Musky Perfume,Armaf,Extrait de Parfum,active,0.00,,,1,"brand-armaf, catalog, cold-weather, desert-climate, dry-weather, everyday-signature, family-floral-rose, family-fresh-citrus, family-fresh-woody, family-oud-woody, family-spicy-oriental, hot-weather, humid-weather, new-arrival, office-wear, spring-bloom, summer-wear, unisex, wedding, wedding-formal, winter-holiday"
9383143670014,armontage-ornaments-angel-perfumes-100ml,Armontage Ornaments Eau De Parfum 100ml | Oud Sweet Woody Perfume,Angel Perfumes,Eau de Parfum,active,0.00,,,1,"arabic, brand-angel-perfumes, catalog, date-night, desert-climate, dinner-evening, dry-weather, everyday-signature, family-floral-rose, family-oud-sweet, family-oud-woody, family-spicy-oriental, mens, new-arrival, party-clubbing, wedding, wedding-formal"
9383139836158,aromatix-x-xandal-edp-100ml,Aromatix X Xandal EDP 100ml | Sweet Gourmand Woody Perfume,French Avenue,Eau de Parfum,active,0.00,,,1,"brand-french-avenue, catalog, desert-climate, dinner-evening, dry-weather, family-oud-woody, luxury, new-arrival, unisex, wedding"
9383127515390,arwa-eau-de-parfum-100ml-unisex-perfume-by-ahmed-al-maghribi,Arwa Eau de Parfum 100ML Unisex Perfume by Ahmed Al Maghribi | Fresh Spicy Amber Perfume,Ahmed Al Maghribi,Eau de Parfum,active,0.00,,,1,"arabic, beach-vacation, brand-ahmed-al-maghribi, catalog, cold-weather, desert-climate, dinner-evening, dry-weather, everyday-signature, family-floral-rose, family-fresh-citrus, family-spicy-oriental, family-woody-aromatic, gym, hot-weather, humid-weather, new-arrival, office-wear, rainy-day, spring-bloom, summer-wear, unisex, wedding, wedding-formal, winter-holiday"
9383145439486,ameerat-al-arab-asdaaf-lattafa-100ml,Asdaaf Ameerat Al Arab Eau De Parfum 100ml | Floral Musky Oud Perfume,Lattafa,Eau de Parfum,active,0.00,,,1,"arabic, brand-lattafa, catalog, date-night, desert-climate, dry-weather, everyday-signature, family-floral-musky, family-floral-rose, family-oud-woody, gym, hot-weather, humid-weather, new-arrival, office-wear, party-clubbing, sale, tropical-climate, wedding, womens"
9383141277950,seel-roll-on-6ml-x6-farzanas,Aseel 6pcs Roll On 6ml x 6 Attar | Rose Sweet Oud Perfume,Shazine,Parfum Oil,active,0.00,,,1,"arabic, brand-shazine, catalog, desert-climate, dry-weather, family-floral-rose, family-oud-woody, family-rose-oud, family-spicy-oriental, hot-weather, humid-weather, new-arrival, office-wear, perfume-oil, unisex"
9383153697022,ashaar-man-edp-100ml,Ashaar Man EDP 100ml | Woody Oud Spicy Perfume,Rasasi,Eau de Parfum,active,0.00,,,1,"arabic, brand-rasasi, catalog, desert-climate, dry-weather, family-spicy-oriental, family-woody-oud, hot-weather, humid-weather, mens, new-arrival, office-wear, wedding"
9383134494974,astoria-wild-night-eau-de-parfum-100ml-unisex-fragrance,Astoria Wild Night Eau De Parfum 100ml | Unisex Fragrance,La Parfum Galleria,Eau de Parfum,active,0.00,,,1,"brand-la-parfum-galleria, catalog, cold-weather, date-night, dinner-evening, everyday-signature, family-oud-woody, family-spicy-oriental, family-sweet-gourmand, family-sweet-woody, hot-weather, new-arrival, party-clubbing, spring-bloom, summer-wear, unisex, wedding, wedding-formal, winter-holiday"
9383145996542,athar-edp-100ml,Athar EDP 100ml | Amber Woody Oriental Perfume,The Fragrance Secrets,Eau de Parfum,active,0.00,,,1,"brand-the-fragrance-secrets, catalog, cold-weather, everyday-signature, family-amber-woody, hot-weather, new-arrival, sale, spring-bloom, summer-wear, unisex, winter-holiday"
9383141343486,attarful-roll-on-6ml-x6-farzanas,Attarful 6pcs Roll-On Perfume Oil Set 6ml x 6 | Floral Woody Musky Perfume,Shazine,Parfum Oil,active,0.00,,,1,"arabic, brand-shazine, catalog, desert-climate, dry-weather, everyday-signature, family-floral-rose, family-floral-woody, new-arrival, perfume-oil, travel-friendly, unisex"
9383140819198,aura-extrait-de-parfum-100ml-by-ar-rahmani,Aura Extrait De Parfum 90ml | Fresh Aquatic Perfume,AR Rahmani,Extrait de Parfum,active,0.00,,,1,"beach-vacation, brand-ar-rahmani, catalog, everyday-signature, family-fresh-aquatic, family-fresh-citrus, gym, hot-weather, humid-weather, new-arrival, office-wear, rainy-day, unisex, wedding-formal"
9383151632638,aurum-summer-edp-75ml,Aurum Summer EDP 75ml | Floral Fruity Sweet Perfume,Ajmal Perfumes,Eau de Parfum,active,0.00,,,1,"brand-ajmal-perfumes, catalog, date-night, desert-climate, dry-weather, family-floral-fruity, family-floral-rose, family-fresh-citrus, family-oud-woody, gym, hot-weather, humid-weather, new-arrival, office-wear, party-clubbing, rainy-day, summer-wear, wedding, womens"
9383145963774,avento-uomo-edp-100ml,Avento Uomo EDP 100ml | Fruity Woody Aromatic Perfume,Marxzelle,Eau de Parfum,active,0.00,,,1,"brand-marxzelle, catalog, cold-weather, everyday-signature, family-fruity-woody, hot-weather, mens, new-arrival, sale, spring-bloom, summer-wear, winter-holiday"
9383137476862,aventura-intense-edp-100ml-gift-hamper,Aventura Intense EDP 100ml - Gift Hamper | Fresh Fruity Woody Perfume,Secret Scents,Eau de Parfum,active,0.00,,,1,"arabic, brand-secret-scents, catalog, cold-weather, desert-climate, dry-weather, everyday-signature, family-fresh-citrus, family-fresh-woody, gym, hot-weather, humid-weather, mens, new-arrival, office-wear, rainy-day, sale, spring-bloom, summer-wear, wedding, wedding-formal, winter-holiday"
9383149863166,aventura-intense-edp-100ml,Aventura Intense EDP 100ml | Fresh Floral Woody Perfume,Secret Scents,Eau de Parfum,active,0.00,,,1,"arabic, brand-secret-scents, catalog, cold-weather, desert-climate, dry-weather, everyday-signature, family-fresh-citrus, family-fresh-floral, gym, hot-weather, humid-weather, new-arrival, office-wear, rainy-day, sale, spring-bloom, summer-wear, unisex, wedding, wedding-formal, winter-holiday"
9383145177342,awraq-al-oud-lattafa-100ml,Awraq Al Oud Eau De Parfum 100ml | Oud Spicy Woody Perfume,Lattafa,Eau de Parfum,active,0.00,,,1,"arabic, brand-lattafa, catalog, desert-climate, dry-weather, family-oud-woody, family-spicy-oriental, new-arrival, unisex, wedding"
9383147471102,azeezi-sheikh-zayed-edp-100ml,Azeezi Sheikh Zayed Al Emarat White EDP 100ml | Musky Woody Amber Perfume,Farzana's Collection,Eau de Parfum,active,0.00,,,1,"arabic, brand-farzana-s-collection, catalog, desert-climate, dry-weather, everyday-signature, family-musky-woody, family-oud-woody, luxury, new-arrival, unisex, wedding"
9383149011198,azizi-black-edp-100ml,Azizi Black EDP 100ml | Woody Fresh Citrus Perfume,The Fragrance Secrets,Eau de Parfum,active,0.00,,,1,"brand-the-fragrance-secrets, catalog, everyday-signature, family-woody-fresh, hot-weather, humid-weather, luxury, new-arrival, office-wear, unisex"
9383137902846,azure-royal-edp-100ml,Azure Royal EDP 100ml | Fresh Floral Woody Perfume,Ahmed Al Maghribi,Eau de Parfum,active,0.00,,,1,"arabic, brand-ahmed-al-maghribi, catalog, date-night, desert-climate, dry-weather, family-floral-rose, family-fresh-citrus, family-fresh-woody, family-oud-woody, hot-weather, humid-weather, new-arrival, office-wear, party-clubbing, sale, spring-bloom, summer-wear, unisex, wedding, wedding-formal"
9383153271038,azzaro-pour-homme-edt-100ml,Azzaro Pour Homme EDT 100ml | Aromatic Fresh Woody Perfume,Azzaro,Eau de Toilette,active,0.00,,,1,"brand-azzaro, catalog, desert-climate, dry-weather, family-aromatic-fresh, family-fresh-citrus, hot-weather, humid-weather, luxury, mens, new-arrival, office-wear, rainy-day, wedding"
9383148749054,azzure-oud-edp-100ml,Azzure Aoud EDP 100ml | Fruity Oud Leather Perfume,French Avenue,Eau de Parfum,active,0.00,,,1,"brand-french-avenue, catalog, cold-weather, date-night, desert-climate, dry-weather, family-fruity-leather, family-oud-woody, family-spicy-oriental, hot-weather, luxury, mens, new-arrival, party-clubbing, sale, summer-wear, wedding, wedding-formal, winter-holiday"
9383145406718,badee-al-oud-honor-glory-lattafa-100ml,Bade'e Al Oud Honor & Glory Eau De Parfum 100ml | Sweet Spicy Gourmand Perfume,Lattafa,Eau de Parfum,active,0.00,,,1,"arabic, brand-lattafa, catalog, desert-climate, dry-weather, everyday-signature, family-oud-woody, family-spicy-oriental, new-arrival, sale, unisex, wedding, wedding-formal"
9370244710654,badee-al-oud-honor-glory,Badee Al Oud Honor & Glory,Lattafa,Eau de Parfum,archived,149.00,220.00,,1,"brand-lattafa, new-arrival, seed, unisex"
9383145373950,badee-al-oud-sublime-lattafa-100ml,Bade’e Al Oud Sublime Eau De Parfum 100ml | Fruity Floral Woody Perfume,Lattafa,Eau de Parfum,active,0.00,,,1,"arabic, brand-lattafa, catalog, date-night, desert-climate, dry-weather, everyday-signature, family-floral-rose, family-fruity-woody, family-oud-woody, family-sweet-gourmand, hot-weather, humid-weather, new-arrival, party-clubbing, unisex, wedding"
9383142031614,bakhoor-roll-on-raees-20ml,Bakhoor Roll-On Perfume Oil 20ml Attar | Smoky Oud Woody Perfume,Raees,Parfum Oil,active,0.00,,,1,"arabic, brand-raees, catalog, date-night, desert-climate, dry-weather, everyday-signature, family-floral-rose, family-oud-woody, family-smoky-oud, family-spicy-oriental, new-arrival, party-clubbing, perfume-oil, unisex"
9383132070142,bb001-eau-de-parfum-100ml-by-baboon-collection-kids-perfume,BB001 Eau De Parfum 50ml by Baboon Collection | Kids Perfume,Baboon Collection,Eau de Parfum,active,0.00,,,1,"brand-baboon-collection, catalog, everyday-signature, family-fresh-citrus, family-sweet-fresh, hot-weather, humid-weather, new-arrival, sale, spring-bloom, summer-wear, unisex"
9383131971838,bb006-eau-de-parfum-50ml-by-baboon-collection-kids-perfume,BB006 Eau De Parfum 50ml by Baboon Collection | Kids Perfume,Baboon Collection,Eau de Parfum,active,0.00,,,1,"brand-baboon-collection, catalog, everyday-signature, family-fresh-citrus, family-sweet-fresh, hot-weather, humid-weather, new-arrival, sale, spring-bloom, summer-wear, unisex"
9383133020414,bb008-eau-de-parfum-100ml-by-baboon-collection-kids-perfume,BB008 Eau De Parfum 50ml by Baboon Collection | Kids Perfume,Baboon Collection,Eau de Parfum,active,0.00,,,1,"brand-baboon-collection, catalog, everyday-signature, family-fresh-citrus, family-sweet-fresh, hot-weather, humid-weather, new-arrival, sale, spring-bloom, summer-wear, unisex"
9383132037374,bb009-eau-de-parfum-50ml-by-baboon-collection-kids-perfume,BB009 Eau De Parfum 50ml by Baboon Collection | Kids Perfume,Baboon Collection,Eau de Parfum,active,0.00,,,1,"brand-baboon-collection, catalog, everyday-signature, family-fresh-citrus, family-sweet-fresh, hot-weather, humid-weather, new-arrival, sale, spring-bloom, summer-wear, unisex"
9383132004606,bb010-eau-de-parfum-50ml-by-baboon-collection-kids-perfume,BB010 Eau De Parfum 50ml by Baboon Collection | Kids Perfume,Baboon Collection,Eau de Parfum,active,0.00,,,1,"brand-baboon-collection, catalog, everyday-signature, family-fresh-citrus, family-sweet-fresh, hot-weather, humid-weather, new-arrival, sale, spring-bloom, summer-wear, unisex"
9383122927870,bdk-parfums-gris-charnel-edp-100ml-unisex-oriental-spicy-perfume,BDK Parfums Gris Charnel EDP 100ML Unisex | Oriental Spicy Perfume,BDK Parfums,Eau de Parfum,active,0.00,,,1,"brand-bdk-parfums, catalog, cold-weather, date-night, desert-climate, dry-weather, everyday-signature, family-oud-woody, family-spicy-oriental, family-woody-aromatic, luxury, new-arrival, party-clubbing, unisex, wedding, wedding-formal, winter-holiday"
9383122993406,bdk-parfums-rouge-smoking-edp-100ml-unisex-cherry-vanilla-perfume,BDK Parfums Rouge Smoking EDP 100ML Unisex | Cherry Vanilla Perfume,BDK Parfums,Eau de Parfum,active,0.00,,,1,"brand-bdk-parfums, catalog, cold-weather, date-night, desert-climate, dry-weather, everyday-signature, family-floral-rose, family-gourmand, family-oud-woody, family-spicy-oriental, family-sweet-gourmand, luxury, new-arrival, party-clubbing, unisex, vacation-beach, wedding, wedding-formal, winter-holiday"
9383123026174,bdk-parfums-tabac-rose-edp-100ml-unisex-oriental-spicy-perfume,BDK Parfums Tabac Rose EDP 100ML Unisex | Oriental Spicy Perfume,BDK Parfums,Eau de Parfum,active,0.00,,,1,"brand-bdk-parfums, catalog, cold-weather, desert-climate, dry-weather, everyday-signature, family-floral-rose, family-oud-woody, family-spicy-oriental, luxury, new-arrival, unisex, vacation-beach, wedding, wedding-formal, winter-holiday"
9383146225918,beautiful-red-edp-100ml,Beautiful Red EDP 100ml | Fruity Floral Sweet Perfume,Marxzelle,Eau de Parfum,active,0.00,,,1,"brand-marxzelle, catalog, cold-weather, everyday-signature, family-floral-rose, family-fruity-floral, hot-weather, new-arrival, sale, spring-bloom, summer-wear, wedding-formal, winter-holiday, womens"
9383134724350,beautiful-weekend-eau-de-parfum-100ml-for-women,Beautiful Weekend Eau De Parfum 100ml | For Women,La Parfum Galleria,Eau de Parfum,active,0.00,,,1,"beach-vacation, brand-la-parfum-galleria, catalog, cold-weather, everyday-signature, family-floral-rose, family-fresh-citrus, family-green-floral, gym, hot-weather, humid-weather, new-arrival, rainy-day, spring-bloom, summer-wear, wedding-formal, winter-holiday, womens"
9383122075902,bentley-for-men-azure-edt-100ml-woody-aquatic-perfume-for-men,Bentley For Men Azure EDT 100ML | Woody Aquatic Perfume for Men,Bentley,Eau de Toilette,active,0.00,,,1,"beach-vacation, brand-bentley, catalog, desert-climate, dry-weather, everyday-signature, family-fresh-aquatic, family-fresh-citrus, gym, hot-weather, humid-weather, mens, new-arrival, summer-wear, wedding"
9383139311870,bidun-esam-edp-50ml,Bidun Esam EDP 50ml | Rose Oud Spicy Perfume,Ahmed Al Maghribi,Eau de Parfum,active,0.00,,,1,"arabic, brand-ahmed-al-maghribi, catalog, date-night, desert-climate, dinner-evening, dry-weather, family-floral-rose, family-oud-woody, family-rose-oud, family-spicy-oriental, hot-weather, new-arrival, party-clubbing, summer-wear, unisex, wedding"
9383145832702,eilish-billie-eilish-no1-edp-100ml-perfume-for-women,Billie Eilish No.1 EDP 100ml | Sweet Amber Gourmand Perfume,Billie Eilish,Eau de Parfum,active,0.00,,,1,"brand-billie-eilish, catalog, cold-weather, desert-climate, dry-weather, everyday-signature, family-floral-rose, family-sweet-amber, family-sweet-gourmand, new-arrival, spring-bloom, summer-wear, wedding, wedding-formal, winter-holiday, womens"
9383145701630,eilish-no-2-edp-100ml,Billie Eilish No.2 EDP 100ml | Woody Incense Spicy Perfume,Billie Eilish,Eau de Parfum,active,0.00,,,1,"brand-billie-eilish, catalog, cold-weather, desert-climate, dry-weather, everyday-signature, family-oud-woody, family-spicy-oriental, family-woody-spicy, hot-weather, humid-weather, new-arrival, office-wear, spring-bloom, summer-wear, vacation-beach, wedding, wedding-formal, winter-holiday, womens"
9383145603326,billie-eilish-your-turn-edp-100ml,Billie Eilish Your Turn Eau de Parfum 100ml | Fresh Coconut Woody Perfume,Billie Eilish,Eau de Parfum,active,0.00,,,1,"beach-vacation, brand-billie-eilish, catalog, desert-climate, dry-weather, family-fresh-woody, family-oud-woody, family-spicy-oriental, new-arrival, unisex, wedding"
9383146258686,billion-heir-platinum-edp-100ml,Billion Heir Platinum EDP 100ml | Woody Aromatic Fresh Perfume,Marxzelle,Eau de Parfum,active,0.00,,,1,"brand-marxzelle, catalog, family-woody-aromatic, mens, new-arrival, sale"
9383146324222,billion-heir-pour-homme-edp-100ml,Billion Heir Pour Homme Eau De Parfum 100ml | Woody Aromatic Spicy Perfume,Marxzelle,Eau de Parfum,active,0.00,,,1,"brand-marxzelle, catalog, cold-weather, everyday-signature, family-woody-aromatic, hot-weather, mens, new-arrival, sale, spring-bloom, summer-wear, winter-holiday"
9383141179646,bin-rahman-edp-100ml-by-ar-rahmani,Bin Rahman Extrait De Parfum 50ml | Fruity Rose Leather Perfume,AR Rahmani,Extrait de Parfum,active,0.00,,,1,"brand-ar-rahmani, catalog, desert-climate, dry-weather, family-floral-rose, family-fruity-leather, family-oud-woody, new-arrival, unisex, wedding"
9383151370494,bin-shaikh-edp-90ml,Bin Shaikh EDP 90ml | Oud Floral Amber Perfume,Ahmed Al Maghribi,Eau de Parfum,active,0.00,,,1,"arabic, brand-ahmed-al-maghribi, catalog, date-night, desert-climate, dry-weather, family-oud-floral, family-oud-woody, family-spicy-oriental, luxury, new-arrival, party-clubbing, unisex, wedding"
9383128629502,ibrahim-alqurashi-black-diamond-incense-eau-de-parfum-150ml-unisex,Black Diamond Incense Eau De Parfum 150ml Unisex | Ibrahim Alqurashi,Ibrahim Alqurashi,Eau de Parfum,active,0.00,,,1,"arabic, brand-ibrahim-alqurashi, catalog, cold-weather, date-night, desert-climate, dinner-evening, dry-weather, everyday-signature, family-oud-woody, family-spicy-oriental, family-woody-smoky, hot-weather, humid-weather, luxury, new-arrival, party-clubbing, sale, summer-wear, unisex, vacation-beach, wedding, winter-holiday"
9383138099454,black-fume-edp-100ml,Black Fume EDP 100ml | Woody Smoky Oud Perfume,Ahmed Al Maghribi,Eau de Parfum,active,0.00,,,1,"arabic, brand-ahmed-al-maghribi, catalog, cold-weather, desert-climate, dry-weather, family-oud-woody, family-woody-oud, new-arrival, sale, unisex, wedding, wedding-formal, winter-holiday"
9383131939070,black-guava-eau-de-parfum-50ml-by-borntostandout-unisex-niche-perfume,Black Guava Eau De Parfum 50ML By Borntostandout | Unisex Niche Perfume,Born To Stand Out,Eau de Parfum,active,0.00,,,1,"brand-born-to-stand-out, catalog, cold-weather, desert-climate, dry-weather, everyday-signature, family-floral-rose, family-fruity-woody, family-oud-woody, family-spicy-oriental, family-sweet-gourmand, hot-weather, luxury, new-arrival, spring-bloom, summer-wear, tropical-climate, unisex, vacation-beach, wedding, wedding-formal, winter-holiday"
9383161200894,black-intensive-aoud-edp-120ml,Black Intensive Aoud EDP 120ml | Oud Rose Woody Perfume,Mancera,Eau de Parfum,active,0.00,,,1,"brand-mancera, catalog, desert-climate, dry-weather, family-floral-rose, family-fresh-citrus, family-oud-rose, family-oud-woody, family-spicy-oriental, hot-weather, humid-weather, luxury, new-arrival, unisex, vacation-beach, wedding"
9383131906302,black-mango-eau-de-parfum-50ml-by-borntostandout-unisex-niche-perfume,Black Mango Eau De Parfum 50ML By Borntostandout | Unisex Niche Perfume,Born To Stand Out,Eau de Parfum,active,0.00,,,1,"brand-born-to-stand-out, catalog, cold-weather, date-night, dry-weather, everyday-signature, family-fruity-woody, family-oud-woody, family-sweet-gourmand, hot-weather, luxury, new-arrival, party-clubbing, spring-bloom, summer-wear, unisex, wedding, wedding-formal, winter-holiday"
9383142457598,black-musk-khaleej-pride-100ml,Black Musk Eau De Parfum 100ml | Musky Oud Woody Perfume,Khaleej Pride,Eau de Parfum,active,0.00,,,1,"arabic, brand-khaleej-pride, catalog, date-night, desert-climate, dry-weather, family-musky-oud, family-oud-woody, new-arrival, party-clubbing, unisex, wedding, wedding-formal"
9383161266430,black-noir-edp-120ml,Black Noir EDP 120ml | Leather Oud Tobacco Perfume,Mancera,Eau de Parfum,active,0.00,,,1,"brand-mancera, catalog, date-night, desert-climate, dinner-evening, dry-weather, family-leather-oud, family-oud-woody, family-spicy-oriental, luxury, new-arrival, party-clubbing, unisex, wedding"
9383152451838,black-saffron-edp-100ml,Black Saffron EDP 100ml | Saffron Woody Spicy Perfume,Armaf,Eau de Parfum,active,0.00,,,1,"brand-armaf, catalog, desert-climate, dry-weather, family-floral-rose, family-oud-woody, family-saffron-woody, family-spicy-oriental, new-arrival, unisex, wedding"
9383152550142,bleu-de-chanel-edp-100ml,Bleu De Chanel EDP 50ml | Woody Aromatic Fresh Perfume,Chanel,Eau de Parfum,active,0.00,,,1,"beach-vacation, brand-chanel, catalog, date-night, desert-climate, dry-weather, family-fresh-citrus, family-woody-aromatic, hot-weather, humid-weather, mens, new-arrival, office-wear, party-clubbing, vacation-beach, wedding"
9383149895934,bliss-rouge-edp-100ml,Bliss Rouge EDP 100ml | Oud Amber Woody Perfume,Secret Scents,Eau de Parfum,active,0.00,,,1,"arabic, brand-secret-scents, catalog, date-night, desert-climate, dinner-evening, dry-weather, family-floral-rose, family-oud-amber, family-spicy-oriental, luxury, new-arrival, party-clubbing, sale, unisex, wedding"
9383138197758,blu-oud-edp-100ml,Blu Oud EDP 100ml | Woody Oud Leather Perfume,Ahmed Al Maghribi,Eau de Parfum,active,0.00,,,1,"arabic, beach-vacation, brand-ahmed-al-maghribi, catalog, cold-weather, desert-climate, dry-weather, family-floral-rose, family-fresh-citrus, family-oud-woody, family-spicy-oriental, family-woody-oud, hot-weather, humid-weather, new-arrival, office-wear, sale, spring-bloom, summer-wear, unisex, wedding, wedding-formal, winter-holiday"
9383150092542,blue-by-ahmed-edp-100ml,Blue By Ahmed EDP 100ml | Fresh Spicy Woody Perfume,Ahmed Al Maghribi,Eau de Parfum,active,0.00,,,1,"arabic, beach-vacation, brand-ahmed-al-maghribi, catalog, desert-climate, dry-weather, family-floral-rose, family-fresh-citrus, family-fresh-spicy, family-spicy-oriental, hot-weather, humid-weather, new-arrival, office-wear, sale, unisex, wedding"
9383128662270,ibrahim-al-qurashi-blue-diamond-aqua-eau-de-parfum-150ml-unisex,Blue Diamond Aqua Eau De Parfum 150ml Unisex | Ibrahim Al Qurashi,Ibrahim Alqurashi,Eau de Parfum,active,0.00,,,1,"arabic, beach-vacation, brand-ibrahim-alqurashi, catalog, cold-weather, date-night, desert-climate, dinner-evening, dry-weather, everyday-signature, family-fresh-aquatic, family-fresh-citrus, family-oud-woody, family-spicy-oriental, gym, hot-weather, humid-weather, luxury, new-arrival, office-wear, party-clubbing, rainy-day, sale, summer-wear, unisex, wedding, winter-holiday"
9383127417086,blue-laverne-elixir-eau-de-parfum-100ml-laverne,Blue Laverne Elixir Eau De Parfum 100ml for Men | Spicy Leather Woody Perfume,Laverne,Eau de Parfum,active,0.00,,,1,"beach-vacation, brand-laverne, catalog, cold-weather, desert-climate, dinner-evening, dry-weather, everyday-signature, family-fresh-citrus, family-oud-woody, family-spicy-oriental, family-woody-aromatic, gym, hot-weather, humid-weather, mens, new-arrival, office-wear, spring-bloom, summer-wear, wedding, wedding-formal, winter-holiday"
9383127646462,blue-oud-eau-de-parfum-100ml-unisex-perfume-by-ibrahim-alqurashi,Blue Oud Eau de Parfum 100ML Unisex Perfume by Ibrahim Alqurashi | Oud Leather Woody Perfume,Ibrahim Alqurashi,Eau de Parfum,active,0.00,,,1,"arabic, beach-vacation, brand-ibrahim-alqurashi, catalog, cold-weather, date-night, desert-climate, dry-weather, family-floral-rose, family-fresh-citrus, family-oud-woody, family-spicy-oriental, hot-weather, humid-weather, new-arrival, office-wear, party-clubbing, sale, summer-wear, unisex, wedding, wedding-formal, winter-holiday"
9383145537790,blue-sapphire-boadicea-the-victorious-100ml,Blue Sapphire the Victorious 100ml | Floral Oud Woody Perfume,Boadicea the Victorious,Eau de Parfum,active,0.00,,,1,"beach-vacation, brand-boadicea-the-victorious, catalog, desert-climate, dry-weather, everyday-signature, family-floral-oud, family-floral-rose, family-fresh-citrus, family-oud-woody, family-spicy-oriental, gym, hot-weather, humid-weather, luxury, new-arrival, office-wear, rainy-day, unisex, wedding, wedding-formal"
9383123419390,boadicea-the-victorious-imperial-edp-100ml-unisex-oriental-woody-perfume,Boadicea The Victorious Imperial EDP 100ML Unisex | Oriental Woody Perfume,Boadicea the Victorious,Eau de Parfum,active,0.00,,,1,"brand-boadicea-the-victorious, catalog, desert-climate, dry-weather, family-floral-rose, family-oud-woody, family-spicy-oriental, family-woody-aromatic, luxury, new-arrival, sale, unisex, wedding, wedding-formal"
9383123091710,bohoboco-red-wine-brown-sugar-edp-50ml-unisex-oriental-vanilla-perfume,Bohoboco Red Wine Brown Sugar EDP 50ML Unisex | Oriental Vanilla Perfume,Bohoboco,Eau de Parfum,active,0.00,,,1,"brand-bohoboco, catalog, cold-weather, desert-climate, dry-weather, family-gourmand, family-oud-woody, family-spicy-oriental, family-sweet-gourmand, luxury, new-arrival, unisex, wedding, wedding-formal, winter-holiday"
9383146422526,bold-man-tradition-edp-100ml,Bold Man Tradition EDP 100ml | Woody Spicy Amber Perfume,Marxzelle,Eau de Parfum,active,0.00,,,1,"brand-marxzelle, catalog, cold-weather, everyday-signature, family-woody-spicy, hot-weather, mens, new-arrival, sale, spring-bloom, summer-wear, winter-holiday"
9383146389758,bold-man-triumph-edp-100ml,Bold Man Triumph EDP 100ml | Woody Spicy Aromatic Perfume,Marxzelle,Eau de Parfum,active,0.00,,,1,"brand-marxzelle, catalog, family-woody-spicy, mens, new-arrival, sale"
9383139705086,bombay-oud-edp-80ml,Bombay Oud EDP 80ml | Oud Woody Amber Perfume,Ahmed Al Maghribi,Eau de Parfum,active,0.00,,,1,"arabic, brand-ahmed-al-maghribi, catalog, desert-climate, dinner-evening, dry-weather, family-oud-woody, family-spicy-oriental, hot-weather, humid-weather, luxury, new-arrival, unisex, wedding, wedding-formal"
9383125680382,bond-no-9-greenwich-village-edp-100ml-unisex-oriental-floral-fruity-perfume,Bond No 9 Greenwich Village EDP 100ML Unisex | Oriental Floral Fruity Perfume,Bond No 9,Eau de Parfum,active,0.00,,,1,"brand-bond-no-9, catalog, desert-climate, dry-weather, family-floral, family-floral-rose, family-oud-woody, family-spicy-oriental, hot-weather, humid-weather, luxury, new-arrival, unisex, wedding"
9383125713150,bond-no-9-new-bond-st-edp-100ml-unisex-oriental-vanilla-coffee-perfume,Bond No 9 New Bond St EDP 100ML Unisex | Oriental Vanilla Coffee Perfume,Bond No 9,Eau de Parfum,active,0.00,,,1,"brand-bond-no-9, catalog, desert-climate, dry-weather, family-gourmand, family-oud-woody, family-spicy-oriental, family-sweet-gourmand, hot-weather, humid-weather, luxury, new-arrival, unisex, wedding"
9383446249726,bortony-car-bakhoor-burner-2-in-1-portable-electric-car-bakhoor-with-quran-speaker-multiple-lightni,BORTONY Car Bakhoor Burner 2 in 1 Portable Electric Car Bakhoor with Quran Speaker Multiple Lightni,The Fragrance Secrets,Incense Burner,active,0.00,,,1,"arabic, brand-the-fragrance-secrets, burner, catalog, eid, family-burner, new-arrival, office-wear, sale, travel-friendly, unisex"
9383140098302,boss-bottled-edt-100ml,Boss Bottled EDT 100ml | Spicy Woody Fruity Perfume,Hugo Boss,Eau de Toilette,active,0.00,,,1,"beach-vacation, brand-hugo-boss, catalog, desert-climate, dry-weather, everyday-signature, family-fresh-citrus, family-spicy-oriental, family-spicy-woody, gym, hot-weather, humid-weather, mens, new-arrival, office-wear, wedding, wedding-formal"
9383139967230,boss-bottled-elixir-parfum-100ml,Boss Bottled Elixir Parfum 100ml | Woody Spicy Incense Perfume,Hugo Boss,Eau de Parfum,active,0.00,,,1,"brand-hugo-boss, catalog, dinner-evening, family-oud-woody, family-spicy-oriental, family-woody-spicy, luxury, mens, new-arrival, wedding, wedding-formal"
9383139868926,boss-bottled-night-edt-100ml,Boss Bottled Night EDT 100ml | Aromatic Woody Fresh Perfume,Hugo Boss,Eau de Toilette,active,0.00,,,1,"beach-vacation, brand-hugo-boss, catalog, date-night, desert-climate, dinner-evening, dry-weather, family-aromatic-woody, family-floral-rose, family-fresh-citrus, gym, hot-weather, humid-weather, mens, new-arrival, office-wear, party-clubbing, wedding, wedding-formal"
9383140032766,bottled-absolu-parfum-intense-100ml,Bottled Absolu Parfum Intense 100ml | Leather Smoky Woody Perfume,Hugo Boss,Eau de Parfum,active,0.00,,,1,"brand-hugo-boss, catalog, cold-weather, desert-climate, dinner-evening, dry-weather, family-leather-woody, family-oud-woody, family-spicy-oriental, luxury, mens, new-arrival, wedding, wedding-formal, winter-holiday"
9383446905086,bouquet-of-oud-and-bliss-rouge-100ml-eau-de-parfum,Bouquet of Oud and Bliss Rouge 100ml Eau de Parfum,Secret Scents,Gift Set,active,0.00,,,1,"arabic, brand-secret-scents, catalog, date-night, desert-climate, dry-weather, family-set, gift-set, luxury, new-arrival, party-clubbing, sale, set, unisex, wedding"
9383149764862,bouquet-of-oud-edp-100ml,Bouquet of Oud Eau de Parfum 100ml | Oud Sweet Woody Perfume,Secret Scents,Eau de Parfum,active,0.00,,,1,"arabic, brand-secret-scents, catalog, cold-weather, desert-climate, dry-weather, everyday-signature, family-oud-sweet, family-oud-woody, family-spicy-oriental, family-sweet-gourmand, hot-weather, new-arrival, sale, summer-wear, unisex, wedding, wedding-formal, winter-holiday"
9370244645118,bouquet-of-oud-edp,Bouquet of Oud EDP,Ahmed Al Maghribi,Eau de Parfum,archived,189.00,280.00,,1,"bestseller, brand-ahmed-al-maghribi, seed, unisex"
9383149797630,bouquet-of-vanilla-edp-100ml,Bouquet of Vanilla Eau de Parfum 100ml | Floral Sweet Vanilla Perfume,Secret Scents,Eau de Parfum,active,0.00,,,1,"brand-secret-scents, catalog, cold-weather, dinner-evening, dry-weather, family-floral-sweet, family-spicy-oriental, family-sweet-gourmand, humid-weather, new-arrival, sale, summer-wear, unisex, wedding, winter-holiday"
9383137509630,bouquet-of-vanilla-edp-100ml-gift-hamper,Bouquet of Vanilla EDP 100ml - Gift Hamper | Floral Sweet Vanilla Perfume,Secret Scents,Eau de Parfum,active,0.00,,,1,"brand-secret-scents, catalog, dinner-evening, dry-weather, family-floral-sweet, family-spicy-oriental, family-sweet-gourmand, humid-weather, luxury, new-arrival, sale, wedding, womens"
9383133085950,brave-eau-de-parfum-100ml-by-baboon-collection-kids-perfume,Brave Eau De Parfum 100ml by Baboon Collection | Kids Perfume,Baboon Collection,Eau de Parfum,active,0.00,,,1,"brand-baboon-collection, catalog, everyday-signature, family-fresh-citrus, family-sweet-fresh, hot-weather, humid-weather, new-arrival, sale, spring-bloom, summer-wear, unisex"
9383149338878,brave-edp-100ml,Brave EDP 100ml | Green Spicy Woody Perfume,The Fragrance Secrets,Eau de Parfum,active,0.00,,,1,"brand-the-fragrance-secrets, catalog, desert-climate, dry-weather, everyday-signature, family-green-spicy, family-spicy-oriental, hot-weather, humid-weather, luxury, new-arrival, unisex"
9383128760574,ibrahim-al-qurashi-brazilian-tobacco-edp-100ml-unisex,Brazilian Tobacco Extrait De Parfum 100ml Unisex | Ibrahim Al Qurashi,Ibrahim Alqurashi,Extrait de Parfum,active,0.00,,,1,"arabic, brand-ibrahim-alqurashi, catalog, cold-weather, desert-climate, dry-weather, everyday-signature, family-oud-woody, family-spicy-oriental, family-tobacco-leather, hot-weather, humid-weather, luxury, new-arrival, summer-wear, tropical-climate, unisex, vacation-beach, wedding, winter-holiday"
9383120142590,bvlgari-man-in-black-eau-de-parfum-for-men-long-lasting-spicy-leather-tobacco-fragrance,Bvlgari Man In Black Eau De Parfum for Men | Long Lasting Spicy Leather Tobacco Fragrance,Bvlgari,Eau de Parfum,active,0.00,,,1,"brand-bvlgari, catalog, cold-weather, desert-climate, dinner-evening, dry-weather, everyday-signature, family-oud-woody, family-spicy-oriental, luxury, mens, new-arrival, wedding, wedding-formal, winter-holiday"
9383120011518,bvlgari-man-terrae-essence-eau-de-parfum-for-men-fresh-earthy-vetiver-woody-perfume,Bvlgari Man Terrae Essence Eau De Parfum for Men | Fresh Earthy Vetiver Woody Perfume,Bvlgari,Eau de Parfum,active,0.00,,,1,"brand-bvlgari, catalog, desert-climate, dry-weather, everyday-signature, family-fresh-citrus, family-fresh-woody, family-oud-woody, hot-weather, humid-weather, mens, new-arrival, office-wear, spring-bloom, summer-wear, tropical-climate, vacation-beach, wedding"
9383120044286,bvlgari-man-wood-neroli-eau-de-parfum-for-men-fresh-woody-citrus-long-lasting-perfume,Bvlgari Man Wood Neroli Eau De Parfum for Men | Fresh Woody Citrus Long Lasting Perfume,Bvlgari,Eau de Parfum,active,0.00,,,0,"brand-bvlgari, catalog, desert-climate, dry-weather, everyday-signature, family-floral-rose, family-fresh-citrus, family-fresh-woody, family-oud-woody, family-spicy-oriental, hot-weather, humid-weather, mens, new-arrival, office-wear, tropical-climate, vacation-beach, wedding"
9383135248638,cabriole-eau-de-parfum-100ml-for-women,Cabriole Eau De Parfum 100ml | For Women,La Parfum Galleria,Eau de Parfum,active,0.00,,,1,"brand-la-parfum-galleria, catalog, cold-weather, dinner-evening, everyday-signature, family-floral-rose, family-floral-woody, family-fresh-citrus, family-oud-woody, family-sweet-gourmand, gym, hot-weather, humid-weather, new-arrival, office-wear, spring-bloom, summer-wear, wedding, wedding-formal, winter-holiday, womens"
9383127843070,caden-eau-de-parfum-100ml-spicy-woody-unisex-perfume-oman-luxury,Caden Eau De Parfum 100ML Spicy Woody Unisex Perfume | Oman Luxury,Oman Luxury,Eau de Parfum,active,0.00,,,1,"brand-oman-luxury, catalog, cold-weather, date-night, desert-climate, dry-weather, family-oud-woody, family-spicy-oriental, family-spicy-woody, family-sweet-gourmand, hot-weather, luxury, new-arrival, party-clubbing, summer-wear, unisex, wedding, wedding-formal, winter-holiday"
9383145767166,caramel-dream-eau-de-parfum-75ml,Caramel Dream Eau De Parfum 75ml | Sweet Gourmand Caramel Perfume,Sabrina Carpenter,Eau de Parfum,active,0.00,,,1,"brand-sabrina-carpenter, catalog, cold-weather, date-night, desert-climate, dry-weather, everyday-signature, family-spicy-oriental, family-sweet-gourmand, hot-weather, humid-weather, new-arrival, party-clubbing, spring-bloom, summer-wear, vacation-beach, wedding-formal, winter-holiday, womens"
9383139803390,carnal-desire-aromatix-edp-100ml,Carnal Desire Aromatix EDP 100ml | Sweet Gourmand Leather Perfume,French Avenue,Eau de Parfum,active,0.00,,,1,"brand-french-avenue, catalog, date-night, desert-climate, dinner-evening, dry-weather, family-oud-woody, family-spicy-oriental, luxury, new-arrival, party-clubbing, unisex, wedding"
9383154352382,casablanca-edp-100ml,Casablanca EDP 100ml | Fruity Woody Amber Perfume,Swiss Arabian,Eau de Parfum,active,0.00,,,1,"arabic, brand-swiss-arabian, catalog, date-night, desert-climate, dry-weather, family-floral-rose, family-fruity-woody, family-spicy-oriental, new-arrival, party-clubbing, unisex"
9383135215870,cavalier-gold-eau-de-parfum-100ml-for-women,Cavalier Gold Eau De Parfum 100ml | For Women,La Parfum Galleria,Eau de Parfum,active,0.00,,,1,"brand-la-parfum-galleria, catalog, cold-weather, date-night, everyday-signature, family-floral-gourmand, family-floral-rose, family-spicy-oriental, hot-weather, new-arrival, party-clubbing, spring-bloom, summer-wear, wedding-formal, winter-holiday, womens"
9370245136638,cedrat-boise-edp,Cedrat Boise EDP,Mancera,Eau de Parfum,archived,349.00,450.00,,1,"brand-mancera, new-arrival, seed, unisex"
9383161463038,cedrat-boise-edp-120ml,Cedrat Boise EDP 120ml | Citrus Woody Aromatic Perfume,Mancera,Eau de Parfum,active,0.00,,,1,"beach-vacation, brand-mancera, catalog, desert-climate, dry-weather, family-citrus-woody, family-floral-rose, family-fresh-citrus, family-spicy-oriental, gym, hot-weather, humid-weather, luxury, new-arrival, office-wear, rainy-day, tropical-climate, unisex, vacation-beach, wedding"
9383161757950,cedrat-boise-intense-edp-120ml,Cedrat Boise Intense EDP 120ml | Citrus Woody Aromatic Perfume,Mancera,Eau de Parfum,active,0.00,,,1,"beach-vacation, brand-mancera, catalog, desert-climate, dry-weather, family-citrus-woody, family-floral-rose, family-fresh-citrus, family-spicy-oriental, hot-weather, humid-weather, luxury, new-arrival, office-wear, rainy-day, tropical-climate, unisex, vacation-beach, wedding"
9383127679230,chanel-allure-homme-sport-edt-100ml-fresh-perfume-for-men,Chanel Allure Homme Sport EDT 100ML Fresh Perfume for Men | Fresh Citrus Woody Perfume,Chanel,Eau de Toilette,active,0.00,,,1,"brand-chanel, catalog, cold-weather, date-night, desert-climate, dry-weather, everyday-signature, family-fresh-citrus, family-fresh-woody, family-spicy-oriental, gym, hot-weather, humid-weather, luxury, mens, new-arrival, office-wear, party-clubbing, rainy-day, summer-wear, vacation-beach, wedding, winter-holiday"
9383127220478,chanel-no5-eau-de-parfum-100ml-women,Chanel N°5 Eau De Parfum 100ML for Women | Iconic Floral Aldehyde Fragrance,Chanel,Eau de Parfum,active,0.00,,,1,"brand-chanel, catalog, cold-weather, desert-climate, dry-weather, family-floral, family-floral-rose, hot-weather, luxury, new-arrival, sale, spring-bloom, summer-wear, wedding, wedding-formal, winter-holiday, womens"
9383134789886,cherie-passion-eau-de-parfum-100ml-unisex-fragrance,Cherie Passion Eau De Parfum 100ml | Unisex Fragrance,La Parfum Galleria,Eau de Parfum,active,0.00,,,1,"brand-la-parfum-galleria, catalog, cold-weather, everyday-signature, family-floral-rose, family-spicy-oriental, hot-weather, new-arrival, spring-bloom, summer-wear, unisex, wedding, wedding-formal, winter-holiday"
9383137870078,cherry-bouquet-edp-80ml,Cherry Bouquet Edp 80ml | Sweet Fruity Gourmand Perfume,Afnan,Eau de Parfum,active,0.00,,,1,"arabic, brand-afnan, catalog, date-night, dinner-evening, family-floral-rose, family-spicy-oriental, family-sweet-gourmand, new-arrival, party-clubbing, unisex, wedding"
9383161790718,choco-violet-edp-120ml,Choco Violet EDP 120ml | Sweet Gourmand Floral Perfume,Mancera,Eau de Parfum,active,0.00,,,1,"brand-mancera, catalog, desert-climate, dry-weather, family-spicy-oriental, family-sweet-gourmand, hot-weather, humid-weather, luxury, new-arrival, unisex"
9383140589822,azzaro-chrome-100ml-eau-de-toilette,Chrome 100 ml Eau de Toilette for Men | Fresh Citrus Aromatic Perfume,Azzaro,Eau de Toilette,active,0.00,,,1,"beach-vacation, brand-azzaro, catalog, desert-climate, dry-weather, everyday-signature, family-floral-rose, family-fresh-citrus, family-spicy-oriental, gym, hot-weather, humid-weather, mens, new-arrival, office-wear, rainy-day, tropical-climate, wedding-formal"
9383140622590,azzaro-chrome-legend-100ml-eau-de-toilette,Chrome Legend 100 ml Eau de Toilette for Men | Fresh Fruity Woody Perfume,Azzaro,Eau de Toilette,active,0.00,,,1,"beach-vacation, brand-azzaro, catalog, desert-climate, dry-weather, everyday-signature, family-fresh-citrus, family-fresh-woody, family-spicy-oriental, gym, hot-weather, humid-weather, mens, new-arrival, office-wear, rainy-day, sale, tropical-climate, wedding-formal"
9383153205502,chrome-legend-edt-125ml,Chrome Legend EDT 125ml | Fresh Citrus Woody Perfume,Azzaro,Eau de Toilette,active,0.00,,,1,"beach-vacation, brand-azzaro, catalog, desert-climate, dry-weather, family-fresh-citrus, family-spicy-oriental, gym, hot-weather, humid-weather, mens, new-arrival, office-wear, rainy-day, tropical-climate"
9383147340030,ck-be-edp-100ml,CK Be EDP 100ml | Fresh Aromatic Woody Perfume,Calvin Klein,Eau de Parfum,active,0.00,,,1,"beach-vacation, brand-calvin-klein, catalog, desert-climate, dry-weather, everyday-signature, family-floral-rose, family-fresh-citrus, family-fresh-woody, gym, hot-weather, humid-weather, new-arrival, office-wear, rainy-day, tropical-climate, unisex"
9383147372798,ck-beauty-w-edp-100ml,CK Beauty EDP 100ml | Floral Musky Woody Perfume,Calvin Klein,Eau de Parfum,active,0.00,,,1,"brand-calvin-klein, catalog, desert-climate, dry-weather, everyday-signature, family-floral-musk, family-floral-rose, new-arrival, wedding-formal, womens"
9383143375102,classy-caramilla-house-of-morais-100ml,Classy Caramilla Eau De Parfum 100ml | Sweet Floral Perfume,House of Morais,Eau de Parfum,active,0.00,,,1,"brand-house-of-morais, catalog, everyday-signature, family-floral-rose, family-sweet-floral, family-sweet-gourmand, new-arrival, womens"
9383446348030,clothes-bakhoor-burner-stand-183cm-long-incense-burner-hanging-stand-with-cloth-hooks-and-holes,Clothes Bakhoor Burner Stand - 183cm long Incense burner Hanging Stand with cloth hooks and holes,The Fragrance Secrets,Incense Burner,active,0.00,,,1,"arabic, brand-the-fragrance-secrets, burner, catalog, eid, family-burner, family-spicy-oriental, new-arrival, sale, unisex"
9383446282494,clothes-incense-burner-stand-187cm-long-bakhoor-burner-stand-with-cloth-hooks,Clothes Incense Burner Stand - 187cm Long Bakhoor Burner Stand with Cloth Hooks,The Fragrance Secrets,Incense Burner,active,0.00,,,1,"arabic, brand-the-fragrance-secrets, burner, catalog, eid, family-burner, family-spicy-oriental, new-arrival, sale, unisex"
9383152484606,club-de-nuit-iconic-edp-105ml,Club De Nuit Iconic EDP 105ml | Fresh Woody Spicy Perfume,Armaf,Eau de Parfum,active,0.00,,,1,"brand-armaf, catalog, desert-climate, dry-weather, family-floral-rose, family-fresh-citrus, family-fresh-woody, family-spicy-oriental, hot-weather, humid-weather, mens, new-arrival, office-wear, party-clubbing, wedding"
9383152582910,club-de-nuit-imperiale-edp-105ml,Club De Nuit Imperiale EDP 105ml | Fruity Floral Woody Perfume,Armaf,Eau de Parfum,active,0.00,,,1,"brand-armaf, catalog, desert-climate, dry-weather, family-floral-rose, family-fresh-citrus, family-fruity-floral, family-spicy-oriental, family-sweet-gourmand, hot-weather, humid-weather, new-arrival, office-wear, party-clubbing, wedding, womens"
9383152681214,club-de-nuit-intense-man-edp-200ml,Club De Nuit Intense Man EDP 200ml | Fresh Fruity Woody Perfume,Armaf,Eau de Parfum,active,0.00,,,1,"beach-vacation, brand-armaf, catalog, desert-climate, dry-weather, family-floral-rose, family-fresh-citrus, family-fresh-fruity, family-spicy-oriental, hot-weather, humid-weather, mens, new-arrival, office-wear, party-clubbing, wedding"
9383152615678,club-de-nuit-intense-man-edt-105ml,Club De Nuit Intense Man EDT 105ml | Fresh Fruity Woody Perfume,Armaf,Eau de Toilette,active,0.00,,,1,"beach-vacation, brand-armaf, catalog, desert-climate, dry-weather, family-floral-rose, family-fresh-citrus, family-fresh-fruity, family-spicy-oriental, hot-weather, humid-weather, mens, new-arrival, office-wear, party-clubbing, wedding"
9383140688126,armaf-club-de-nuit-lionheart-100ml-eau-de-parfum,Club De Nuit Lionheart 100 ml | Aromatic Sweet Tobacco Perfume,Armaf,Eau de Parfum,active,0.00,,,1,"brand-armaf, catalog, everyday-signature, family-aromatic-sweet, family-spicy-oriental, hot-weather, humid-weather, mens, new-arrival, office-wear, party-clubbing, sale, wedding-formal"
9383141212414,club-de-nuit-maleka-edp-100ml-by-armaf,Club de Nuit Maleka EDP 100ml | Floral Fruity Sweet Perfume,Armaf,Eau de Parfum,active,0.00,,,1,"brand-armaf, catalog, everyday-signature, family-floral-fruity, family-floral-rose, family-spicy-oriental, family-sweet-gourmand, new-arrival, office-wear, party-clubbing, wedding, wedding-formal, womens"
9383153107198,club-de-nuit-man-edt-105ml,Club De Nuit Man EDT 105ml | Woody Spicy Fresh Perfume,Armaf,Eau de Toilette,active,0.00,,,1,"brand-armaf, catalog, desert-climate, dry-weather, family-fresh-citrus, family-spicy-oriental, family-woody-spicy, hot-weather, humid-weather, mens, new-arrival, office-wear, party-clubbing, rainy-day, wedding"
9383152746750,club-de-nuit-milestone-edp-105ml,Club De Nuit Milestone EDP 105ml | Fresh Woody Green Perfume,Armaf,Eau de Parfum,active,0.00,,,1,"brand-armaf, catalog, desert-climate, dry-weather, family-floral-rose, family-fresh-citrus, family-fresh-woody, hot-weather, humid-weather, new-arrival, office-wear, party-clubbing, unisex, wedding"
9383152779518,club-de-nuit-oud-parfum-105ml,Club De Nuit Oud Parfum 105ml | Oud Fruity Woody Perfume,Armaf,Parfum,active,0.00,,,1,"brand-armaf, catalog, desert-climate, dry-weather, family-floral-rose, family-fresh-citrus, family-oud-woody, hot-weather, humid-weather, new-arrival, party-clubbing, unisex, wedding"
9370244776190,club-de-nuit-precieux,Club de Nuit Précieux,Armaf,Eau de Parfum,archived,129.00,180.00,,1,"brand-armaf, men, mens, seed"
9383140655358,armaf-club-de-nuit-precieux-100ml-eau-de-parfum,Club de Nuit Precieux 55ml Extrait De Parfum | Fruity Woody Amber Perfume,Armaf,Extrait de Parfum,active,0.00,,,1,"beach-vacation, brand-armaf, catalog, date-night, desert-climate, dry-weather, family-floral-rose, family-fresh-citrus, family-fruity-woody, family-spicy-oriental, mens, new-arrival, office-wear, party-clubbing, sale, vacation-beach, wedding"
9383152845054,club-de-nuit-sillage-edp-105ml,Club De Nuit Sillage EDP 105ml | Fresh Floral Woody Perfume,Armaf,Eau de Parfum,active,0.00,,,1,"brand-armaf, catalog, desert-climate, dry-weather, family-floral-rose, family-fresh-citrus, family-fresh-floral, family-oud-woody, hot-weather, humid-weather, new-arrival, office-wear, party-clubbing, unisex, wedding"
9383152943358,club-de-nuit-untold-edp-105ml,Club De Nuit Untold EDP 105ml | Amber Woody Saffron Perfume,Armaf,Eau de Parfum,active,0.00,,,1,"brand-armaf, catalog, desert-climate, dry-weather, family-amber-woody, family-floral-rose, family-oud-woody, family-spicy-oriental, luxury, new-arrival, party-clubbing, unisex, wedding"
9383152976126,club-de-nuit-urban-elixir-man-edp-105ml,Club De Nuit Urban Elixir Man EDP 105ml | Woody Aromatic Spicy Perfume,Armaf,Eau de Parfum,active,0.00,,,1,"brand-armaf, catalog, desert-climate, dry-weather, family-floral-rose, family-fresh-citrus, family-oud-woody, family-spicy-oriental, family-woody-aromatic, hot-weather, humid-weather, mens, new-arrival, office-wear, party-clubbing, tropical-climate, wedding"
9383153008894,club-de-nuit-urban-man-edp-105ml,Club De Nuit Urban Man EDP 105ml | Fresh Woody Spicy Perfume,Armaf,Eau de Parfum,active,0.00,,,1,"brand-armaf, catalog, date-night, desert-climate, dry-weather, family-fresh-citrus, family-fresh-woody, family-oud-woody, family-spicy-oriental, hot-weather, humid-weather, mens, new-arrival, office-wear, party-clubbing, tropical-climate, wedding"
9383153041662,club-de-nuit-woman-edp-105ml,Club De Nuit Woman EDP 105ml | Floral Fruity Sweet Perfume,Armaf,Eau de Parfum,active,0.00,,,1,"brand-armaf, catalog, date-night, desert-climate, dry-weather, family-floral-fruity, family-floral-rose, family-fresh-citrus, family-sweet-gourmand, hot-weather, humid-weather, new-arrival, office-wear, party-clubbing, womens"
9383119487230,coastal-india-extreme-eau-de-parfum-100ml-unisex,Coastal India Extreme Eau De Parfum 100ml Unisex | Fresh Marine Floral Perfume,The Fragrance Secrets,Eau de Parfum,active,0.00,,,1,"beach-vacation, brand-the-fragrance-secrets, catalog, desert-climate, dry-weather, everyday-signature, family-floral-rose, family-fresh-aquatic, family-fresh-citrus, family-spicy-oriental, family-sweet-gourmand, hot-weather, humid-weather, new-arrival, office-wear, rainy-day, sale, tropical-climate, unisex, vacation-beach, wedding"
9383127482622,coco-blend-eau-de-parfum-90ml-unisex-perfume-by-ahmed-al-maghribi,Coco Blend Eau de Parfum 90ml | Unisex Perfume by Ahmed Al Maghribi,Ahmed Al Maghribi,Eau de Parfum,active,0.00,,,1,"arabic, brand-ahmed-al-maghribi, catalog, cold-weather, desert-climate, dinner-evening, dry-weather, everyday-signature, family-floral, family-sweet-gourmand, hot-weather, humid-weather, new-arrival, sale, spring-bloom, summer-wear, unisex, vacation-beach, wedding, wedding-formal, winter-holiday"
9383148716286,cocoa-morado-edp-100ml,Cocoa Morado EDP 100ml | Sweet Gourmand Spicy Perfume,French Avenue,Eau de Parfum,active,0.00,,,1,"brand-french-avenue, catalog, desert-climate, dry-weather, family-oud-woody, family-spicy-oriental, family-sweet-gourmand, luxury, new-arrival, sale, unisex, wedding"
9370245202174,coffee-oud-edp,Coffee Oud EDP,Fragrance Secrets,Eau de Parfum,archived,165.00,240.00,,1,"bestseller, brand-fragrance-secrets, own-brand, seed, unisex"
9383148912894,coffee-oud-edp-100ml,Coffee Oud EDP 100ml | Coffee Oud Warm Perfume,The Fragrance Secrets,Eau de Parfum,active,0.00,,,1,"brand-the-fragrance-secrets, catalog, desert-climate, dry-weather, everyday-signature, family-coffee-oud, family-oud-woody, new-arrival, sale, unisex, wedding"
9383149601022,paris-collection-complexion-perfume-100ml,Complexion EDP 100ml | Woody Oud Leather Perfume,Paris Collection,Eau de Parfum,active,0.00,,,1,"brand-paris-collection, catalog, date-night, desert-climate, dry-weather, family-oud-woody, family-woody-oud, hot-weather, humid-weather, luxury, new-arrival, party-clubbing, sale, unisex, vacation-beach, wedding"
9383133118718,confidence-eau-de-parfum-100ml-by-baboon-collection-kids-perfume,Confidence Eau De Parfum 100ml by Baboon Collection | Kids Perfume,Baboon Collection,Eau de Parfum,active,0.00,,,1,"brand-baboon-collection, catalog, everyday-signature, family-fresh-citrus, family-sweet-fresh, hot-weather, humid-weather, new-arrival, sale, spring-bloom, summer-wear, unisex"
9383153139966,connoisseur-man-edp-100ml,Connoisseur Man EDP 100ml | Aromatic Fresh Woody Perfume,Armaf,Eau de Parfum,active,0.00,,,1,"brand-armaf, catalog, desert-climate, dry-weather, family-aromatic-fresh, family-fresh-citrus, family-oud-woody, hot-weather, humid-weather, mens, new-arrival, party-clubbing, wedding"
9383131873534,cool-girl-natural-spray-50ml-kids-perfume,Cool Girl Natural spray 50ml | kids perfume,The Fragrance Secrets,Eau de Parfum,active,0.00,,,1,"brand-the-fragrance-secrets, catalog, everyday-signature, family-floral-rose, family-fresh-citrus, family-fresh-sweet, family-sweet-gourmand, hot-weather, humid-weather, new-arrival, sale, unisex"
9383137313022,davidoff-cool-water-intense-m-edp-125ml-spy,Cool Water Intense M Edp 125ml | Fresh Amber Woody Perfume,Davidoff,Eau de Parfum,active,0.00,,,1,"beach-vacation, brand-davidoff, catalog, desert-climate, dinner-evening, dry-weather, family-fresh-amber, family-fresh-citrus, family-spicy-oriental, family-sweet-gourmand, gym, hot-weather, humid-weather, mens, new-arrival, office-wear, rainy-day, tropical-climate, vacation-beach"
9383137280254,davidoff-cool-water-m-edt-125ml-spy,Cool Water M Edt 125ml | Fresh Aquatic Aromatic Perfume,Davidoff,Eau de Toilette,active,0.00,,,1,"beach-vacation, brand-davidoff, catalog, desert-climate, dry-weather, everyday-signature, family-floral-rose, family-fresh-aquatic, family-fresh-citrus, family-spicy-oriental, gym, hot-weather, humid-weather, mens, new-arrival, office-wear, rainy-day"
9383137247486,davidoff-cool-water-m-edt-200ml,Cool Water M Edt 200ml | Fresh Aquatic Aromatic Perfume,Davidoff,Eau de Toilette,active,0.00,,,1,"beach-vacation, brand-davidoff, catalog, desert-climate, dry-weather, everyday-signature, family-floral-rose, family-fresh-aquatic, family-fresh-citrus, family-spicy-oriental, gym, hot-weather, humid-weather, mens, new-arrival, office-wear, rainy-day"
9383137214718,cool-water-m-parfum-100ml,Cool Water M Parfum 100ml | Fresh Woody Aromatic Perfume,Davidoff,Eau de Parfum,active,0.00,,,1,"beach-vacation, brand-davidoff, catalog, everyday-signature, family-fresh-citrus, family-fresh-woody, family-spicy-oriental, gym, hot-weather, humid-weather, mens, new-arrival, office-wear, rainy-day, wedding-formal"
9383137181950,davidoff-cool-water-sea-rose-w-edt-100ml,Cool Water Sea Rose W Edt 100ml | Floral Fresh Fruity Perfume,Davidoff,Eau de Toilette,active,0.00,,,1,"beach-vacation, brand-davidoff, catalog, date-night, desert-climate, dry-weather, everyday-signature, family-floral-fresh, family-floral-rose, family-fresh-citrus, family-sweet-gourmand, gym, hot-weather, humid-weather, new-arrival, office-wear, party-clubbing, rainy-day, wedding-formal, womens"
9383137149182,cool-water-w-edt-100ml,Cool Water W Edt 100ml | Fresh Aquatic Fruity Perfume,Davidoff,Eau de Toilette,active,0.00,,,1,"beach-vacation, brand-davidoff, catalog, date-night, desert-climate, dry-weather, family-floral-rose, family-fresh-aquatic, family-fresh-citrus, gym, hot-weather, humid-weather, new-arrival, office-wear, party-clubbing, rainy-day, womens"
9383148585214,cristiano-ronaldo-edp-100ml,CR7 Cristiano Ronaldo EDP 100ml | Aromatic Woody Sweet Perfume,Cristiano Ronaldo,Eau de Parfum,active,0.00,,,1,"beach-vacation, brand-cristiano-ronaldo, catalog, desert-climate, dry-weather, everyday-signature, family-aromatic-woody, family-fresh-citrus, family-spicy-oriental, gym, hot-weather, humid-weather, mens, new-arrival, office-wear, rainy-day, tropical-climate"
9383148519678,game-on-cristiano-ronaldo-edt-100ml,CR7 Game On Eau de Toilette 100ml for Men | Aromatic Fresh Woody Perfume,Cristiano Ronaldo,Eau de Toilette,active,0.00,,,1,"beach-vacation, brand-cristiano-ronaldo, catalog, cold-weather, desert-climate, dinner-evening, dry-weather, everyday-signature, family-aromatic-woody, family-floral-rose, family-fresh-citrus, family-spicy-oriental, gym, hot-weather, humid-weather, mens, new-arrival, office-wear, rainy-day, summer-wear, tropical-climate, wedding-formal"
9383148552446,origins-cristiano-ronaldo-edt-100ml,CR7 Origins Eau de Toilette 100ml for Men | Fresh Aromatic Woody Perfume,Cristiano Ronaldo,Eau de Toilette,active,0.00,,,1,"beach-vacation, brand-cristiano-ronaldo, catalog, cold-weather, everyday-signature, family-fresh-citrus, family-fresh-woody, gym, hot-weather, humid-weather, mens, new-arrival, office-wear, rainy-day, summer-wear, tropical-climate, wedding-formal"
9383128531198,cr7-play-it-cool-eau-de-toilette-100ml-for-men-cristiano-ronaldo,CR7 Play It Cool Eau de Toilette 100ml | Cristiano Ronaldo,Cristiano Ronaldo,Eau de Toilette,active,0.00,,,1,"beach-vacation, brand-cristiano-ronaldo, catalog, cold-weather, desert-climate, dry-weather, everyday-signature, family-fresh-aromatic, family-fresh-citrus, family-spicy-oriental, gym, hot-weather, humid-weather, mens, new-arrival, office-wear, rainy-day, summer-wear, travel-friendly, tropical-climate, wedding-formal"
9383161823486,crazy-for-aoud-edp-120ml,Crazy for Aoud EDP 120ml | Oud Rose Sweet Perfume,Mancera,Eau de Parfum,active,0.00,,,1,"brand-mancera, catalog, desert-climate, dry-weather, family-floral-rose, family-fresh-citrus, family-oud-rose, family-spicy-oriental, hot-weather, humid-weather, luxury, new-arrival, office-wear, unisex, wedding"
9383132201214,crying-of-evil-eau-de-parfum-50ml-by-stephane-humbert-lucas-men-s-perfume,Crying of Evil Eau De Parfum 50ml by Stephane Humbert Lucas | Men’s Perfume,Stephane Humbert Lucas,Eau de Parfum,active,0.00,,,1,"brand-stephane-humbert-lucas, catalog, cold-weather, desert-climate, dry-weather, family-floral-leather, family-oud-woody, family-spicy-oriental, luxury, mens, new-arrival, wedding, wedding-formal, winter-holiday"
9383139016958,ar-rahmani-crystal-oud-parfum-100ml,Crystal Oud Parfum 100 ml | Rose Oud Sweet Perfume,AR Rahmani,Eau de Parfum,active,0.00,,,1,"brand-ar-rahmani, catalog, date-night, desert-climate, dinner-evening, dry-weather, everyday-signature, family-floral-rose, family-oud-woody, family-rose-oud, family-spicy-oriental, family-sweet-gourmand, new-arrival, party-clubbing, unisex, wedding, wedding-formal"
9383131087102,cuir-perfume-150ml-unisex-luxury-fragrance,Cuir Perfume 150ml | Unisex Luxury Fragrance,Al Majed Oud,Eau de Parfum,active,0.00,,,1,"arabic, brand-al-majed-oud, catalog, cold-weather, desert-climate, dry-weather, family-floral-rose, family-oud-woody, family-spicy-oriental, family-woody-oud, hot-weather, humid-weather, luxury, new-arrival, office-wear, sale, unisex, vacation-beach, wedding, wedding-formal, winter-holiday"
9383129121022,ibrahim-alqurashi-perfumes-cullinan-diamond-iris-150ml,Cullinan Diamond Iris 150ml Unisex Eau De Parfum | Ibrahim Alqurashi,Ibrahim Alqurashi,Eau de Parfum,active,0.00,,,1,"arabic, brand-ibrahim-alqurashi, catalog, cold-weather, desert-climate, dinner-evening, dry-weather, everyday-signature, family-floral-rose, family-fresh-citrus, family-fresh-woody, family-oud-woody, hot-weather, humid-weather, luxury, new-arrival, office-wear, sale, summer-wear, unisex, vacation-beach, wedding, winter-holiday"
9383153729790,daarej-man-edp-100ml,Daarej Man EDP 100ml | Fresh Floral Woody Perfume,Rasasi,Eau de Parfum,active,0.00,,,1,"arabic, brand-rasasi, catalog, date-night, desert-climate, dry-weather, family-floral-rose, family-fresh-citrus, family-fresh-floral, family-spicy-oriental, hot-weather, humid-weather, mens, new-arrival, office-wear, party-clubbing, wedding"
9383153762558,daarej-woman-edp-100ml,Daarej Woman EDP 100ml | Floral Spicy Sweet Perfume,Rasasi,Eau de Parfum,active,0.00,,,1,"arabic, brand-rasasi, catalog, date-night, desert-climate, dry-weather, family-floral-rose, family-floral-spicy, family-spicy-oriental, family-sweet-gourmand, new-arrival, party-clubbing, womens"
9383446216958,damanhoor-bakhoor-burner-elegant-incense-burner-for-weddings-homes-offices,"Damanhoor Bakhoor Burner - Elegant Incense Burner for Weddings, Homes & Offices",The Fragrance Secrets,Incense Burner,active,0.00,,,1,"arabic, brand-the-fragrance-secrets, burner, catalog, eid, family-burner, family-spicy-oriental, new-arrival, office-wear, sale, unisex"
9383119388926,dar-malar-lamsat-malar-eau-de-parfum-unisex-citrus-oud-perfume,Dar Malar Lamsat Malar Eau De Parfum Unisex | Citrus Oud Perfume,Dar Malar,Eau de Parfum,active,0.00,,,1,"arabic, brand-dar-malar, catalog, cold-weather, desert-climate, dry-weather, everyday-signature, family-floral-rose, family-fresh-citrus, family-oud, family-oud-woody, family-spicy-oriental, gym, hot-weather, humid-weather, new-arrival, office-wear, summer-wear, unisex, vacation-beach, wedding, wedding-formal, winter-holiday"
9383119323390,dar-malar-sehr-malar-eau-de-parfum-unisex-woody-ambergris-perfume,Dar Malar Sehr Malar Eau De Parfum Unisex | Woody Ambergris Perfume,Dar Malar,Eau de Parfum,active,0.00,,,1,"brand-dar-malar, catalog, cold-weather, desert-climate, dry-weather, everyday-signature, family-fresh-citrus, family-oud-woody, family-spicy-oriental, family-woody-fresh, gym, hot-weather, humid-weather, new-arrival, office-wear, summer-wear, unisex, vacation-beach, wedding, wedding-formal, winter-holiday"
9383149469950,dark-de-sport-edp-100ml,Dark De Sport EDP 100ml | Fresh Aromatic Woody Perfume,The Fragrance Secrets,Eau de Parfum,active,0.00,,,1,"brand-the-fragrance-secrets, catalog, everyday-signature, family-fresh-aromatic, family-fresh-citrus, gym, hot-weather, humid-weather, new-arrival, office-wear, unisex"
9383149273342,dark-fs-edp-100ml,Dark FS EDP 100ml | Floral Fresh Perfume,The Fragrance Secrets,Eau de Parfum,active,0.00,,,1,"brand-the-fragrance-secrets, catalog, everyday-signature, family-floral-fresh, family-floral-rose, family-fresh-citrus, hot-weather, humid-weather, new-arrival, office-wear, unisex"
9383124893950,davidoff-cool-elixir-parfum-intense-100ml-for-men-woody-aromatic-perfume,Davidoff Cool Elixir Parfum Intense 100ML for Men | Woody Aromatic Perfume,Davidoff,Eau de Parfum,active,0.00,,,1,"brand-davidoff, catalog, desert-climate, dry-weather, family-floral-rose, family-fresh-citrus, family-spicy-oriental, family-woody-aromatic, hot-weather, humid-weather, luxury, mens, new-arrival, office-wear"
9383161889022,deep-forest-edp-120ml,Deep Forest EDP 120ml | Leather Oud Woody Perfume,Mancera,Eau de Parfum,active,0.00,,,1,"brand-mancera, catalog, desert-climate, dry-weather, family-floral-rose, family-fresh-citrus, family-leather-oud, family-oud-woody, hot-weather, humid-weather, luxury, new-arrival, unisex"
9383446184190,deep-sleep-natural-perfume-for-every-body-30ml-miracle-plant,Deep Sleep Natural Perfume - For Every Body 30ml | Miracle Plant,Miracle Plant,Aromatherapy Mist,active,0.00,,,1,"aromatherapy, brand-miracle-plant, catalog, cold-weather, everyday-signature, family-aromatherapy, family-floral-rose, family-fresh-citrus, family-oud-woody, family-spicy-oriental, hot-weather, humid-weather, new-arrival, sale, spring-bloom, summer-wear, unisex, winter-holiday"
9383446118654,deep-sleep-natural-perfume-for-him-miracle-plant,Deep Sleep Natural Perfume - For Him | Miracle Plant,Miracle Plant,Aromatherapy Mist,active,0.00,,,1,"aromatherapy, brand-miracle-plant, catalog, cold-weather, desert-climate, dry-weather, everyday-signature, family-aromatherapy, family-oud-woody, family-spicy-oriental, family-sweet-gourmand, mens, new-arrival, rainy-day, sale, winter-holiday"
9383446085886,deep-sleep-natural-perfume-for-her-miracle-plant,Deep Sleep Natural Perfume for Her - Miracle Plant,Miracle Plant,Aromatherapy Mist,active,0.00,,,1,"aromatherapy, brand-miracle-plant, catalog, cold-weather, everyday-signature, family-aromatherapy, family-floral-rose, family-oud-woody, hot-weather, new-arrival, spring-bloom, summer-wear, travel-friendly, winter-holiday, womens"
9383139639550,delights-yum-yum-edp-100ml,Delights Yum Yum EDP 100ml | Fruity Sweet Floral Perfume,Armaf,Eau de Parfum,active,0.00,,,1,"brand-armaf, catalog, desert-climate, dry-weather, everyday-signature, family-fruity-sweet, family-spicy-oriental, family-sweet-gourmand, new-arrival, womens"
9370245366014,delilah-blanc-edp,Delilah Blanc EDP,Maison Alhambra,Eau de Parfum,archived,109.00,160.00,,1,"brand-maison-alhambra, seed, women, womens"
9383137018110,devotion-ph-edp-100ml,Devotion PH Edp 100ml | Sweet Coffee Woody Perfume,Dolce & Gabbana,Eau de Parfum,active,0.00,,,1,"brand-dolce-gabbana, catalog, date-night, desert-climate, dinner-evening, dry-weather, family-fresh-citrus, family-oud-woody, family-spicy-oriental, family-sweet-woody, gym, hot-weather, humid-weather, luxury, mens, new-arrival, office-wear, party-clubbing, vacation-beach, wedding"
9383151665406,dia-man-edp-100ml,Dia Man EDP 100ml | Spicy Floral Leather Perfume,Amouage,Eau de Parfum,active,0.00,,,1,"brand-amouage, catalog, desert-climate, dry-weather, family-floral-rose, family-spicy-floral, family-spicy-oriental, hot-weather, humid-weather, luxury, new-arrival, office-wear, unisex, vacation-beach"
9383127711998,dior-miss-dior-eau-de-parfum-100ml-floral-perfume-for-women,Dior Miss Dior Eau De Parfum 100ML Floral Perfume for Women | Floral Fruity Musk Perfume,Dior,Eau de Parfum,active,0.00,,,1,"brand-dior, catalog, cold-weather, date-night, desert-climate, dry-weather, everyday-signature, family-floral, family-floral-rose, family-fresh-citrus, family-oud-woody, family-spicy-oriental, hot-weather, humid-weather, luxury, new-arrival, office-wear, party-clubbing, sale, spring-bloom, summer-wear, vacation-beach, wedding, wedding-formal, winter-holiday, womens"
9383141245182,dirham-roll-on-6ml-x6-farzanas,Dirham 6pcs Roll On 6ml x 6 Attar | Fruity Floral Woody Perfume,Shazine,Parfum Oil,active,0.00,,,1,"arabic, brand-shazine, catalog, desert-climate, dry-weather, everyday-signature, family-floral-rose, family-fresh-citrus, family-fruity-floral, family-oud-woody, family-spicy-oriental, hot-weather, humid-weather, new-arrival, office-wear, perfume-oil, unisex"
9383148355838,dirham-gold-edp-100ml,Dirham Gold EDP 100ml | Oud Amber Woody Perfume,Farzana's Collection,Eau de Parfum,active,0.00,,,1,"arabic, brand-farzana-s-collection, catalog, desert-climate, dry-weather, everyday-signature, family-oud-amber, family-oud-woody, new-arrival, unisex"
9383148421374,dirham-noir-edp-100ml,Dirham Noir EDP 100ml | Woody Fresh Aromatic Perfume,Farzana's Collection,Eau de Parfum,active,0.00,,,1,"arabic, brand-farzana-s-collection, catalog, family-fresh-citrus, family-woody-aromatic, gym, hot-weather, humid-weather, new-arrival, office-wear, unisex"
9383147536638,dirham-oud-edp-100ml,Dirham Oud EDP 100ml | Oud Woody Warm Perfume,Farzana's Collection,Eau de Parfum,active,0.00,,,1,"arabic, brand-farzana-s-collection, catalog, desert-climate, dry-weather, everyday-signature, family-oud-woody, new-arrival, unisex"
9383131218174,dirham-platinum-edp-100ml,DIRHAM PLATINUM EDP 100ML | Fresh Aromatic Perfume,Farzana's Collection,Eau de Parfum,active,0.00,,,1,"arabic, brand-farzana-s-collection, catalog, everyday-signature, family-fresh-aromatic, family-fresh-citrus, hot-weather, humid-weather, new-arrival, office-wear, spring-bloom, summer-wear, unisex"
9383148323070,dirham-silver-edp-100ml,Dirham Silver EDP 100ml | Citrus Spicy Woody Perfume,Farzana's Collection,Eau de Parfum,active,0.00,,,1,"arabic, brand-farzana-s-collection, catalog, desert-climate, dry-weather, everyday-signature, family-citrus-woody, family-floral-rose, family-fresh-citrus, family-oud-woody, family-spicy-oriental, gym, hot-weather, humid-weather, new-arrival, office-wear, unisex"
9383147602174,dirham-white-edp-100ml,Dirham White EDP 100ml | Musky Fresh Woody Perfume,Farzana's Collection,Eau de Parfum,active,0.00,,,1,"arabic, brand-farzana-s-collection, catalog, desert-climate, dry-weather, everyday-signature, family-musky-fresh, new-arrival, unisex"
9383132922110,dirty-rice-eau-de-parfum-50ml-by-borntostandout-unisex-perfume,Dirty Rice Eau De Parfum 50ml by Borntostandout | Unisex Perfume,Born To Stand Out,Eau de Parfum,active,0.00,,,1,"brand-born-to-stand-out, catalog, cold-weather, date-night, desert-climate, dry-weather, everyday-signature, family-creamy-woody, family-oud-woody, family-sweet-gourmand, luxury, new-arrival, office-wear, party-clubbing, unisex, vacation-beach, wedding, wedding-formal, winter-holiday"
9383136985342,dolce-gabbana-devotion-eau-de-parfum-100ml-for-women,Dolce & Gabbana Devotion Eau De Parfum 100ML for Women | Sweet Citrus Gourmand Perfume,Dolce & Gabbana,Eau de Parfum,active,0.00,,,1,"brand-dolce-gabbana, catalog, cold-weather, everyday-signature, family-floral-rose, family-fresh-citrus, family-spicy-oriental, family-sweet-gourmand, hot-weather, humid-weather, luxury, new-arrival, office-wear, spring-bloom, vacation-beach, wedding-formal, winter-holiday, womens"
9383136952574,dolce-gabbana-devotion-eau-de-parfum-intense-100ml-for-women,Dolce & Gabbana Devotion Intense Eau de Parfum 100ml | Women's Fragrance,Dolce & Gabbana,Eau de Parfum,active,0.00,,,1,"brand-dolce-gabbana, catalog, date-night, everyday-signature, family-floral-rose, family-spicy-oriental, family-sweet-gourmand, luxury, new-arrival, party-clubbing, womens"
9383136919806,dolce-rose-edt-75ml,Dolce Rose Edt 75ml | Floral Fruity Fresh Perfume,Dolce & Gabbana,Eau de Toilette,active,0.00,,,1,"brand-dolce-gabbana, catalog, desert-climate, dry-weather, everyday-signature, family-floral-fruity, family-floral-rose, family-fresh-citrus, family-oud-woody, hot-weather, humid-weather, luxury, new-arrival, office-wear, vacation-beach, wedding, womens"
9383136887038,dolce-w-edp-75ml,Dolce W Edp 75ml | Floral Fresh Musk Perfume,Dolce & Gabbana,Eau de Parfum,active,0.00,,,1,"brand-dolce-gabbana, catalog, date-night, desert-climate, dry-weather, family-floral-musk, family-floral-rose, family-fresh-citrus, hot-weather, humid-weather, luxury, new-arrival, office-wear, party-clubbing, vacation-beach, womens"
9383128891646,ibrahim-al-qurashi-dominican-tobacco-extrait-de-parfum-100ml-for-men,Dominican Tobacco Extrait De Parfum 100ml for Men | Ibrahim Al Qurashi,Ibrahim Alqurashi,Extrait de Parfum,active,0.00,,,1,"arabic, brand-ibrahim-alqurashi, catalog, cold-weather, desert-climate, dry-weather, everyday-signature, family-oud-woody, family-spicy-oriental, family-tobacco-woody, hot-weather, luxury, mens, new-arrival, sale, summer-wear, vacation-beach, wedding, wedding-formal, winter-holiday"
9383131840766,dream-girl-natural-spray-50ml-kids-perfume,Dream Girl Natural spray 50ml | kids perfume,The Fragrance Secrets,Eau de Parfum,active,0.00,,,1,"brand-the-fragrance-secrets, catalog, everyday-signature, family-floral-rose, family-fresh-citrus, family-sweet-floral, family-sweet-gourmand, hot-weather, humid-weather, new-arrival, sale, unisex"
9383133184254,dreaming-eau-de-parfum-100ml-kids-perfume-by-baboon-collection,Dreaming Eau De Parfum 100ml | Kids Perfume by Baboon Collection,Baboon Collection,Eau de Parfum,active,0.00,,,1,"brand-baboon-collection, catalog, everyday-signature, family-fresh-citrus, family-sweet-floral, hot-weather, humid-weather, new-arrival, sale, spring-bloom, summer-wear, unisex"
9383132987646,drunk-saffron-eau-de-parfum-50ml-by-borntostandout-unisex-perfume,Drunk Saffron Eau De Parfum 50ML by Borntostandout | Unisex Perfume,Born To Stand Out,Eau de Parfum,active,0.00,,,1,"brand-born-to-stand-out, catalog, cold-weather, date-night, desert-climate, dry-weather, family-oud-woody, family-spicy-leather, family-spicy-oriental, family-sweet-gourmand, luxury, new-arrival, party-clubbing, unisex, wedding, wedding-formal, winter-holiday"
9383129710846,dubai-chocolate-eau-de-parfum-100ml-gourmand-luxury-perfume,Dubai Chocolate Eau De Parfum 100ml | Gourmand Luxury Perfume,Ahmed Al Maghribi,Eau de Parfum,active,0.00,,,1,"arabic, brand-ahmed-al-maghribi, catalog, cold-weather, date-night, family-sweet-gourmand, luxury, new-arrival, party-clubbing, unisex, wedding-formal, winter-holiday"
9383131349246,dubai-life-edp-100ml,DUBAI LIFE EDP 100ML | Woody Aromatic Perfume,The Fragrance Secrets,Eau de Parfum,active,0.00,,,1,"brand-the-fragrance-secrets, catalog, dinner-evening, everyday-signature, family-woody-aromatic, gym, new-arrival, unisex"
9383121355006,dumont-paris-nitro-green-eau-de-parfum-100ml-for-men-aromatic-fougere-fresh-woody-perfume,Dumont Paris Nitro Green Eau De Parfum 100ML for Men | Aromatic Fougere Fresh Woody Perfume,Dumont Paris,Eau de Parfum,active,0.00,,,1,"brand-dumont-paris, catalog, desert-climate, dry-weather, everyday-signature, family-floral-rose, family-fresh-citrus, family-oud-woody, family-spicy-oriental, family-woody-aromatic, gym, hot-weather, humid-weather, mens, new-arrival, office-wear, rainy-day, vacation-beach, wedding, wedding-formal"
9383121387774,dumont-paris-nitro-platinum-eau-de-parfum-100ml-for-men-woody-amber-fruity-perfume,Dumont Paris Nitro Platinum Eau De Parfum 100ML for Men | Woody Amber Fruity Perfume,Dumont Paris,Eau de Parfum,active,0.00,,,1,"brand-dumont-paris, catalog, desert-climate, dry-weather, everyday-signature, family-amber-woody, family-floral-rose, family-fresh-citrus, family-oud-woody, family-spicy-oriental, gym, hot-weather, humid-weather, luxury, mens, new-arrival, office-wear, rainy-day, vacation-beach, wedding, wedding-formal"
9383121420542,dumont-paris-nitro-pour-homme-eau-de-parfum-100ml-for-men,Dumont Paris Nitro Pour Homme Eau De Parfum 100ML for Men | Woody Citrus Spicy Perfume,Dumont Paris,Eau de Parfum,active,0.00,,,1,"brand-dumont-paris, catalog, desert-climate, dry-weather, everyday-signature, family-floral-rose, family-fresh-citrus, family-fresh-woody, family-oud-woody, family-spicy-oriental, gym, hot-weather, humid-weather, luxury, mens, new-arrival, office-wear, vacation-beach, wedding, wedding-formal"
9383121486078,dumont-paris-nitro-red-intensely-extrait-de-parfum-100ml-for-men,Dumont Paris Nitro Red Intensely Extrait De Parfum 100ML for Men | Fresh Amber Woody Perfume,Dumont Paris,Extrait de Parfum,active,0.00,,,1,"beach-vacation, brand-dumont-paris, catalog, desert-climate, dry-weather, everyday-signature, family-amber-woody, family-floral-rose, family-fresh-citrus, family-oud-woody, family-spicy-oriental, gym, hot-weather, humid-weather, mens, new-arrival, office-wear, vacation-beach, wedding, wedding-formal"
9383121453310,dumont-paris-nitro-white-eau-de-parfum-100ml-for-men,Dumont Paris Nitro White Eau De Parfum 100ML for Men | Leather Amber Woody Perfume,Dumont Paris,Eau de Parfum,active,0.00,,,1,"brand-dumont-paris, catalog, desert-climate, dry-weather, everyday-signature, family-fresh-citrus, family-oud-woody, family-spicy-oriental, family-woody-aromatic, gym, hot-weather, humid-weather, mens, new-arrival, office-wear, vacation-beach, wedding, wedding-formal"
9383154450686,edge-woman-edp-100ml,Edge Woman EDP 100ml | Floral Woody Musky Perfume,Swiss Arabian,Eau de Parfum,active,0.00,,,1,"arabic, brand-swiss-arabian, catalog, date-night, desert-climate, dry-weather, family-floral-rose, family-floral-woody, family-fresh-citrus, family-oud-woody, gym, hot-weather, humid-weather, new-arrival, office-wear, party-clubbing, vacation-beach, wedding, womens"
9383145144574,ejaazi-intensive-silver-lattafa-100ml,Ejaazi Intensive Silver Eau De Parfum 100ml | Fresh Aquatic Woody Perfume,Lattafa,Eau de Parfum,active,0.00,,,1,"arabic, brand-lattafa, catalog, desert-climate, dry-weather, family-fresh-aquatic, family-fresh-citrus, family-oud-woody, family-spicy-oriental, hot-weather, humid-weather, mens, new-arrival, office-wear, vacation-beach, wedding"
9383134101758,ejlal-eau-de-parfum-100ml-for-men,Ejlal Eau De Parfum 100ml | For Men,Rafaan,Eau de Parfum,active,0.00,,,1,"arabic, brand-rafaan, catalog, cold-weather, desert-climate, dry-weather, everyday-signature, family-fresh-amber, family-oud-woody, family-spicy-oriental, hot-weather, humid-weather, mens, new-arrival, office-wear, spring-bloom, summer-wear, tropical-climate, vacation-beach, wedding, wedding-formal, winter-holiday"
9383127286014,elan-dor-jardin-dambre-extrait-de-parfum-100ml-for-men-warm-spicy-vanilla-woody-fragrance,Elan Dor Jardin Dámbre Extrait De Parfum 100ML for Men | Warm Spicy Vanilla Woody Fragrance,Elan Dor,Extrait de Parfum,active,0.00,,,1,"brand-elan-dor, catalog, cold-weather, date-night, desert-climate, dry-weather, family-amber-woody, family-floral-rose, family-oud-woody, family-spicy-oriental, family-sweet-gourmand, hot-weather, humid-weather, mens, new-arrival, office-wear, party-clubbing, vacation-beach, wedding, wedding-formal, winter-holiday"
9383145111806,emaan-lattafa-100ml,Emaan Eau De Parfum 100ml | Floral Fruity Musk Perfume,Lattafa,Eau de Parfum,active,0.00,,,1,"arabic, brand-lattafa, catalog, desert-climate, dry-weather, family-floral-fruity, family-floral-rose, family-oud-woody, family-sweet-gourmand, hot-weather, humid-weather, new-arrival, office-wear, vacation-beach, wedding, womens"
9383137673470,ember-extrait-de-parfum-100ml,Ember Extrait de Parfum 100ml | Aromatic Sweet Woody Perfume,Monti Carlo,Extrait de Parfum,active,0.00,,,1,"brand-monti-carlo, catalog, cold-weather, date-night, desert-climate, dry-weather, family-aromatic-sweet, family-floral-rose, family-oud-woody, family-spicy-oriental, family-sweet-gourmand, hot-weather, humid-weather, new-arrival, office-wear, party-clubbing, rainy-day, spring-bloom, summer-wear, unisex, vacation-beach, wedding, wedding-formal, winter-holiday"
9383139049726,montblanc-emblem-edt-100ml,Emblem Eau de Toilette 100 ml | Aromatic Spicy Woody Perfume,Montblanc,Eau de Toilette,active,0.00,,,1,"brand-montblanc, catalog, desert-climate, dinner-evening, dry-weather, everyday-signature, family-aromatic-woody, family-fresh-citrus, family-oud-woody, family-spicy-oriental, hot-weather, humid-weather, mens, new-arrival, office-wear, vacation-beach, wedding"
9383129055486,ibrahim-al-qurashi-emerald-soul-diamond-150ml-edp,Emerald Soul Diamond EDP 150ml Unisex by Ibrahim Al Qurashi | Citrus Fresh Amber Perfume,Ibrahim Alqurashi,Eau de Parfum,active,0.00,,,1,"arabic, brand-ibrahim-alqurashi, catalog, cold-weather, desert-climate, dinner-evening, dry-weather, everyday-signature, family-citrus-amber, family-fresh-citrus, family-spicy-oriental, family-sweet-gourmand, hot-weather, humid-weather, luxury, new-arrival, office-wear, sale, summer-wear, unisex, vacation-beach, wedding-formal, winter-holiday"
9383145931006,enclose-edp-100ml,Enclose EDP 100ml | Fresh Woody Aromatic Perfume,The Fragrance Secrets,Eau de Parfum,active,0.00,,,1,"brand-the-fragrance-secrets, catalog, cold-weather, everyday-signature, family-fresh-woody, hot-weather, new-arrival, sale, spring-bloom, summer-wear, unisex, winter-holiday"
9383150289150,endless-edp-100ml,Endless EDP 100ml | Fruity Floral Woody Perfume,Ahmed Al Maghribi,Eau de Parfum,active,0.00,,,1,"arabic, brand-ahmed-al-maghribi, catalog, desert-climate, dry-weather, everyday-signature, family-floral-rose, family-fresh-citrus, family-fruity-floral, family-oud-woody, family-sweet-gourmand, hot-weather, humid-weather, new-arrival, office-wear, unisex, wedding"
9383134658814,enigma-eau-de-parfum-80ml-for-men,Enigma Eau De Parfum 80ml | For Men,La Parfum Galleria Exclusif,Eau de Parfum,active,0.00,,,1,"brand-la-parfum-galleria, catalog, cold-weather, date-night, desert-climate, dinner-evening, dry-weather, everyday-signature, family-aromatic-sweet, family-fresh-citrus, family-spicy-oriental, family-sweet-gourmand, hot-weather, humid-weather, mens, new-arrival, office-wear, party-clubbing, spring-bloom, summer-wear, wedding-formal, winter-holiday"
9383153795326,enteash-edp-100ml,Enteash EDP 100ml | Amber Spicy Sweet Perfume,Rasasi,Eau de Parfum,active,0.00,,,1,"arabic, brand-rasasi, catalog, date-night, desert-climate, dry-weather, family-amber-spicy, family-spicy-oriental, family-sweet-gourmand, new-arrival, party-clubbing, unisex"
9383151698174,epic-56-woman-edp-100ml,Epic 56 Woman EDP 100ml | Spicy Floral Oud Perfume,Amouage,Eau de Parfum,active,0.00,,,1,"brand-amouage, catalog, desert-climate, dry-weather, family-floral-rose, family-oud-woody, family-spicy-floral, family-spicy-oriental, luxury, new-arrival, wedding, womens"
9383122731262,escada-sentiment-pour-homme-edt-100ml-for-men-woody-aromatic-perfume,Escada Sentiment Pour Homme EDT 100ML for Men | Woody Aromatic Perfume,Escada,Eau de Toilette,active,0.00,,,1,"brand-escada, catalog, desert-climate, dry-weather, family-fresh-woody, family-oud-woody, family-spicy-oriental, gym, hot-weather, humid-weather, mens, new-arrival, office-wear, wedding"
9383149830398,eternal-oud-edp-100ml,Eternal Oud Edp 100ml | Oud Woody Amber Perfume,Secret Scents,Eau de Parfum,active,0.00,,,1,"arabic, brand-secret-scents, catalog, desert-climate, dry-weather, family-oud-woody, gym, new-arrival, sale, unisex, wedding"
9383122141438,etienne-aigner-debut-edp-100ml-for-women-oriental-floral-perfume,Etienne Aigner Debut EDP 100ML for Women | Oriental Floral Perfume,Etienne Aigner,Eau de Parfum,active,0.00,,,1,"brand-etienne-aigner, catalog, desert-climate, dry-weather, everyday-signature, family-floral-rose, family-fruity-floral, family-spicy-oriental, family-sweet-gourmand, gym, hot-weather, humid-weather, new-arrival, office-wear, rainy-day, wedding, womens"
9383122174206,etienne-aigner-starlight-gold-edp-100ml-for-women-oriental-floral-perfume,Etienne Aigner Starlight Gold EDP 100ML for Women | Oriental Floral Perfume,Etienne Aigner,Eau de Parfum,active,0.00,,,1,"brand-etienne-aigner, catalog, desert-climate, dry-weather, everyday-signature, family-floral-oriental, family-floral-rose, family-spicy-oriental, family-sweet-gourmand, gym, new-arrival, office-wear, wedding, wedding-formal, womens"
9383151567102,evoke-edp-75ml,Evoke EDP 75ml | Floral Powdery Sweet Perfume,Ajmal Perfumes,Eau de Parfum,active,0.00,,,1,"brand-ajmal-perfumes, catalog, date-night, desert-climate, dry-weather, family-floral-powdery, family-floral-rose, family-fresh-citrus, family-oud-woody, family-spicy-oriental, gym, hot-weather, humid-weather, new-arrival, office-wear, party-clubbing, wedding, womens"
9383140557054,ex-nihilo-blue-talisman-100ml-eau-de-parfum,Ex Nihilo Blue Talisman 100ml Eau de Parfum | Fresh Fruity Woody Perfume,Ex Nihilo,Eau de Parfum,active,0.00,,,1,"beach-vacation, brand-ex-nihilo, catalog, desert-climate, dry-weather, family-fresh-citrus, family-fresh-woody, gym, hot-weather, humid-weather, luxury, new-arrival, office-wear, rainy-day, spring-bloom, summer-wear, unisex, vacation-beach, wedding, wedding-formal"
9383122436350,ex-nihilo-fleur-narcotique-edp-100ml-unisex-floral-fruity-luxury-perfume,Ex Nihilo Fleur Narcotique EDP 100ML Unisex | Floral Fruity Luxury Perfume,Ex Nihilo,Eau de Parfum,active,0.00,,,1,"arabic, beach-vacation, brand-ex-nihilo, catalog, date-night, desert-climate, dry-weather, everyday-signature, family-floral, family-floral-rose, family-fresh-citrus, family-oud-woody, gym, hot-weather, humid-weather, luxury, new-arrival, office-wear, party-clubbing, rainy-day, unisex, vacation-beach, wedding"
9383138132222,exotic-edp-100ml,Exotic EDP 100ml | Fresh Woody Aromatic Perfume,Ahmed Al Maghribi,Eau de Parfum,active,0.00,,,1,"arabic, brand-ahmed-al-maghribi, catalog, cold-weather, desert-climate, dry-weather, everyday-signature, family-floral-rose, family-fresh-woody, family-oud-woody, family-spicy-oriental, hot-weather, humid-weather, new-arrival, office-wear, spring-bloom, summer-wear, tropical-climate, unisex, wedding, wedding-formal, winter-holiday"
9383143506174,exotica-pour-homme-house-of-morais-100ml,Exotica Pour Femme Eau De Parfum 100ml | Floral Fresh Perfume,House of Morais,Eau de Parfum,active,0.00,,,1,"brand-house-of-morais, catalog, date-night, dinner-evening, everyday-signature, family-floral-fresh, family-floral-rose, family-spicy-oriental, family-sweet-gourmand, hot-weather, humid-weather, new-arrival, office-wear, party-clubbing, womens"
9383139115262,montblanc-explorer-eau-de-parfum-100ml,Explorer Eau de Parfum 100ml | Woody Aromatic Leather Perfume,Montblanc,Eau de Parfum,active,0.00,,,1,"beach-vacation, brand-montblanc, catalog, desert-climate, dry-weather, everyday-signature, family-fresh-citrus, family-oud-woody, family-spicy-oriental, family-woody-aromatic, hot-weather, humid-weather, mens, new-arrival, office-wear, rainy-day, wedding, wedding-formal"
9383139082494,montblanc-explorer-ultra-blue-edp-100ml,Explorer Ultra Blue Eau de Parfum 100 ml | Fresh Aquatic Woody Perfume,Montblanc,Eau de Parfum,active,0.00,,,1,"beach-vacation, brand-montblanc, catalog, desert-climate, dry-weather, everyday-signature, family-fresh-citrus, family-fresh-woody, family-oud-woody, family-spicy-oriental, hot-weather, humid-weather, mens, new-arrival, office-wear, rainy-day, wedding"
9383126991102,faan-laguna-pour-femme-eau-de-parfum-100ml-for-women-fresh-floral-musky-perfume,FAAN Laguna Pour Femme Eau De Parfum 100ML for Women | Fresh Floral Musky Perfume,FAAN,Eau de Parfum,active,0.00,,,1,"brand-faan, catalog, desert-climate, dry-weather, everyday-signature, family-floral, family-floral-rose, family-fresh-citrus, hot-weather, humid-weather, new-arrival, office-wear, sale, spring-bloom, summer-wear, womens"
9383161921790,fabulous-yuzu-edp-120ml,Fabulous Yuzu EDP 120ml | Citrus Floral Woody Perfume,Mancera,Eau de Parfum,active,0.00,,,1,"brand-mancera, catalog, desert-climate, dry-weather, family-citrus-floral, family-floral-rose, family-fresh-citrus, family-oud-woody, family-sweet-gourmand, hot-weather, humid-weather, luxury, new-arrival, office-wear, tropical-climate, unisex, wedding"
9383145898238,farah-delicious-al-gazal-100ml,Farah Delicious Eau De Parfum 100ml | Fruity Sweet Gourmand Perfume,Al Gazal,Eau de Parfum,active,0.00,,,1,"arabic, brand-al-gazal, catalog, cold-weather, desert-climate, dry-weather, everyday-signature, family-fruity-gourmand, family-spicy-oriental, family-sweet-gourmand, hot-weather, humid-weather, new-arrival, office-wear, spring-bloom, summer-wear, wedding-formal, winter-holiday, womens"
9383123255550,farzanas-collection-al-faris-eau-de-parfum-100ml-unisex-arabic-spicy-woody-perfume,Farzanas Collection Al Faris Eau De Parfum 100ML Unisex | Arabic Spicy Woody Perfume,Farzana's Collection,Eau de Parfum,active,0.00,,,1,"arabic, brand-farzana-s-collection, catalog, desert-climate, dry-weather, everyday-signature, family-oud-woody, family-spicy-oriental, family-sweet-gourmand, hot-weather, humid-weather, new-arrival, office-wear, unisex"
9383122108670,farzanas-collection-mukhawi-al-lail-edp-100ml-unisex-arabic-luxury-perfume,Farzanas Collection Mukhawi Al Lail EDP 100ML Unisex | Arabic Luxury Perfume,Farzana's Collection,Eau de Parfum,active,0.00,,,1,"arabic, brand-farzana-s-collection, catalog, date-night, desert-climate, dinner-evening, dry-weather, everyday-signature, family-amber-woody, family-oud-woody, family-spicy-oriental, luxury, new-arrival, party-clubbing, unisex"
9383132758270,filthy-musk-eau-de-parfum-50ml-by-borntostandout-unisex-perfume,Filthy Musk Eau De Parfum 50ml by Borntostandout | Unisex Perfume,Born To Stand Out,Eau de Parfum,active,0.00,,,1,"brand-born-to-stand-out, catalog, cold-weather, date-night, desert-climate, dry-weather, family-floral-rose, family-oud-woody, family-spicy-oriental, family-sweet-gourmand, family-sweet-musk, luxury, new-arrival, party-clubbing, unisex, wedding, wedding-formal, winter-holiday"
9383145636094,flora-gorgeous-gardenia-edp-100ml,Flora Gorgeous Gardenia EDP 100ml | Floral Sweet Gardenia Perfume,Gucci,Eau de Parfum,active,0.00,,,1,"brand-gucci, catalog, cold-weather, date-night, everyday-signature, family-floral-rose, family-floral-sweet, family-sweet-gourmand, gym, hot-weather, luxury, new-arrival, office-wear, party-clubbing, spring-bloom, summer-wear, vacation-beach, wedding, wedding-formal, winter-holiday, womens"
9383146881278,flower-shells-al-gazal-100ml,Flower Shells Eau De Parfum 100ml | Floral Fruity Gourmand Perfume,Al Gazal,Eau de Parfum,active,0.00,,,1,"arabic, brand-al-gazal, catalog, cold-weather, everyday-signature, family-floral-gourmand, family-floral-rose, family-fresh-citrus, family-sweet-gourmand, gym, hot-weather, humid-weather, new-arrival, office-wear, rainy-day, spring-bloom, summer-wear, wedding-formal, winter-holiday, womens"
9383142818046,forever-khaleej-pride-100ml,Forever Eau De Parfum 100ml | Floral Sweet Perfume,Khaleej Pride,Eau de Parfum,active,0.00,,,1,"arabic, brand-khaleej-pride, catalog, everyday-signature, family-floral-rose, family-floral-sweet, family-fresh-citrus, family-sweet-gourmand, gym, hot-weather, humid-weather, new-arrival, office-wear, tropical-climate, womens"
9383139606782,forever-wanted-elixir-parfum-100ml,Forever Wanted Elixir Parfum 100ml | Fruity Spicy Leather Perfume,Azzaro,Eau de Parfum,active,0.00,,,1,"brand-azzaro, catalog, date-night, dinner-evening, family-fresh-citrus, family-oud-woody, family-spicy-leather, family-spicy-oriental, gym, hot-weather, humid-weather, luxury, mens, new-arrival, office-wear, party-clubbing, tropical-climate, wedding, wedding-formal"
9383126434046,fragrance-secrets-muruj-edp-100ml-for-women-and-men-oriental-woody-spicy-perfume,Fragrance Secrets Muruj EDP 100ML for Women and Men | Oriental Woody Spicy Perfume,The Fragrance Secrets,Eau de Parfum,active,0.00,,,1,"brand-the-fragrance-secrets, catalog, cold-weather, desert-climate, dry-weather, family-floral-rose, family-oud-woody, family-spicy-oriental, family-sweet-gourmand, hot-weather, new-arrival, office-wear, sale, spring-bloom, summer-wear, unisex, winter-holiday"
9383125516542,fragrance-secrets-savage-noir-edp-100ml-unisex-bold-fresh-woody-perfume,Fragrance Secrets Savage Noir EDP 100ML Unisex | Bold Fresh Woody Perfume,The Fragrance Secrets,Eau de Parfum,active,0.00,,,1,"brand-the-fragrance-secrets, catalog, cold-weather, desert-climate, dry-weather, everyday-signature, family-oud-woody, family-spicy-oriental, family-woody-aromatic, hot-weather, humid-weather, new-arrival, office-wear, spring-bloom, summer-wear, unisex, winter-holiday"
9383128367358,frankel-aventus-elixir-200ml-eau-de-parfum-men-perfume,Frankel Aventus Elixir 200ml Eau De Parfum | Men Perfume,Assaf,Eau de Parfum,active,0.00,,,1,"arabic, beach-vacation, brand-assaf, catalog, cold-weather, date-night, desert-climate, dinner-evening, dry-weather, everyday-signature, family-floral-rose, family-fresh-citrus, family-oud-woody, family-spicy-oriental, family-sweet-gourmand, family-woody-amber, gym, hot-weather, humid-weather, mens, new-arrival, office-wear, party-clubbing, rainy-day, sale, summer-wear, vacation-beach, wedding, wedding-formal, winter-holiday"
9383128334590,frankel-imagination-elixir-200ml-eau-de-parfum-men-perfume,Frankel Imagination Elixir 200ml Eau De Parfum | Men Perfume,Assaf,Eau de Parfum,active,0.00,,,1,"arabic, beach-vacation, brand-assaf, catalog, cold-weather, desert-climate, dinner-evening, dry-weather, everyday-signature, family-fresh-citrus, family-oud-woody, family-spicy-oriental, family-spicy-woody, family-sweet-gourmand, gym, hot-weather, humid-weather, mens, new-arrival, office-wear, rainy-day, sale, summer-wear, vacation-beach, wedding, wedding-formal, winter-holiday"
9383127089406,french-avenue-eclair-affair-edp-100ml-for-women-floral-fruity-gourmand-perfume,French Avenue Eclair Affair EDP 100ML for Women | Floral Fruity Gourmand Perfume,French Avenue,Eau de Parfum,active,0.00,,,1,"beach-vacation, brand-french-avenue, catalog, cold-weather, desert-climate, dry-weather, family-gourmand, family-sweet-gourmand, new-arrival, spring-bloom, wedding-formal, winter-holiday, womens"
9383127122174,french-avenue-el-dorado-extrait-edp-100ml-woody-spicy-unisex-perfume,French Avenue El Dorado Extrait EDP 100ML | Woody Spicy Unisex Perfume,French Avenue,Extrait de Parfum,active,0.00,,,1,"brand-french-avenue, catalog, cold-weather, desert-climate, dry-weather, family-amber-woody, family-oud-woody, family-spicy-oriental, family-sweet-gourmand, new-arrival, office-wear, spring-bloom, unisex, vacation-beach, wedding, wedding-formal, winter-holiday"
9383125582078,french-avenue-french-avenue-naughty-dates-aromatix-x-extrait-de-parfum-100ml-unisex-floral-fruity-gourmand-perfume,French Avenue French Avenue Naughty Dates Aromatix X Extrait De Parfum 100ML Unisex | Floral Fruity Gourmand Perfume,French Avenue,Extrait de Parfum,active,0.00,,,1,"brand-french-avenue, catalog, cold-weather, desert-climate, dry-weather, family-floral-rose, family-gourmand, family-oud-woody, family-spicy-oriental, family-sweet-gourmand, hot-weather, humid-weather, new-arrival, office-wear, unisex, vacation-beach, wedding, wedding-formal, winter-holiday"
9383126958334,french-avenue-grecia-white-edp-100ml-for-women-floral-woody-musk-perfume,French Avenue Grecia White EDP 100ML for Women | Floral Woody Musk Perfume,French Avenue,Eau de Parfum,active,0.00,,,1,"brand-french-avenue, catalog, cold-weather, date-night, desert-climate, dinner-evening, dry-weather, everyday-signature, family-floral-rose, family-gourmand, family-sweet-gourmand, hot-weather, new-arrival, party-clubbing, spring-bloom, summer-wear, wedding, wedding-formal, winter-holiday, womens"
9383445692670,french-avenue-liquid-brun-paris-corner-marshmallow-blush-valentine-s-day-perfume-gift-bundle-2-100ml-edp,French Avenue Liquid Brun & Paris Corner Marshmallow Blush - Valentine's Day Perfume Gift Bundle (2 x 100ml EDP),Valentine's Day Offer,Gift Set,active,0.00,,,1,"brand-valentine-s-day-offer, catalog, cold-weather, desert-climate, dry-weather, family-oud-woody, family-set, family-sweet-gourmand, gift-set, hot-weather, humid-weather, new-arrival, office-wear, set, summer-wear, unisex, vacation-beach, wedding, wedding-formal, winter-holiday"
9383121191166,french-avenue-liquid-brun-limited-edition-extrait-de-parfum-150ml-unisex,French Avenue Liquid Brun Limited Edition Extrait De Parfum 150ML Unisex | Oriental Fougere Perfume,French Avenue,Extrait de Parfum,active,0.00,,,1,"brand-french-avenue, catalog, desert-climate, dry-weather, everyday-signature, family-oud-woody, family-sweet-gourmand, family-woody-aromatic, hot-weather, humid-weather, luxury, new-arrival, office-wear, unisex, vacation-beach, wedding, wedding-formal"
9383126925566,french-avenue-pinnace-noir-edp-100ml-for-men-fresh-spicy-woody-perfume,French Avenue Pinnace Noir EDP 100ML for Men | Fresh Spicy Woody Perfume,French Avenue,Eau de Parfum,active,0.00,,,1,"brand-french-avenue, catalog, cold-weather, desert-climate, dry-weather, everyday-signature, family-floral-rose, family-fresh-citrus, family-oud-woody, family-spicy-oriental, family-woody-aromatic, hot-weather, humid-weather, mens, new-arrival, office-wear, spring-bloom, summer-wear, vacation-beach, wedding, wedding-formal, winter-holiday"
9383126892798,french-avenue-pinnace-oryn-edp-100ml-for-men-fresh-citrus-ambergris-perfume,French Avenue Pinnace Oryn EDP 100ML for Men | Fresh Citrus Ambergris Perfume,French Avenue,Eau de Parfum,active,0.00,,,1,"brand-french-avenue, catalog, cold-weather, desert-climate, dry-weather, everyday-signature, family-fresh-citrus, family-fresh-woody, family-spicy-oriental, hot-weather, humid-weather, mens, new-arrival, office-wear, spring-bloom, summer-wear, vacation-beach, wedding-formal, winter-holiday"
9383126761726,french-avenue-royal-blend-bourbon-extrait-de-parfum-100ml-for-women-and-men-aromatic-woody-spicy-perfume,French Avenue Royal Blend Bourbon Extrait De Parfum 100ML for Women and Men | Aromatic Woody Spicy Perfume,French Avenue,Extrait de Parfum,active,0.00,,,1,"brand-french-avenue, catalog, cold-weather, desert-climate, dry-weather, everyday-signature, family-oud-woody, family-spicy-oriental, family-woody-aromatic, hot-weather, humid-weather, new-arrival, office-wear, spring-bloom, summer-wear, unisex, vacation-beach, wedding, wedding-formal, winter-holiday"
9383126860030,french-avenue-royal-blend-extrait-de-parfum-100ml-for-women-warm-spicy-gourmand-perfume,French Avenue Royal Blend Extrait De Parfum 100ML for Women | Warm Spicy Gourmand Perfume,French Avenue,Extrait de Parfum,active,0.00,,,1,"brand-french-avenue, catalog, cold-weather, everyday-signature, family-amber-woody, family-oud-woody, family-spicy-oriental, family-sweet-gourmand, hot-weather, new-arrival, spring-bloom, summer-wear, wedding, wedding-formal, winter-holiday, womens"
9383126827262,french-avenue-royal-blend-nero-extrait-de-parfum-100ml-for-women-and-men-warm-spicy-gourmand-perfume,French Avenue Royal Blend Nero Extrait De Parfum 100ML for Women and Men | Warm Spicy Gourmand Perfume,French Avenue,Extrait de Parfum,active,0.00,,,1,"brand-french-avenue, catalog, cold-weather, desert-climate, dry-weather, everyday-signature, family-amber-woody, family-oud-woody, family-spicy-oriental, family-sweet-gourmand, hot-weather, humid-weather, new-arrival, office-wear, spring-bloom, summer-wear, unisex, vacation-beach, wedding, wedding-formal, winter-holiday"
9383445856510,french-avenue-vulcan-baie-vulcan-feu-valentine-s-day-perfume-gift-bundle-2-100ml-edp,French Avenue Vulcan Baie & Vulcan Feu - Valentine's Day Perfume Gift Bundle (2 x 100ml EDP),Valentine's Day Offer,Gift Set,active,0.00,,,1,"brand-valentine-s-day-offer, catalog, cold-weather, date-night, desert-climate, dry-weather, family-floral-rose, family-oud-woody, family-set, family-spicy-oriental, family-sweet-gourmand, gift-set, hot-weather, humid-weather, luxury, new-arrival, office-wear, party-clubbing, sale, set, summer-wear, unisex, vacation-beach, wedding, wedding-formal, winter-holiday"
9383161954558,french-riviera-edp-120ml,French Riviera EDP 120ml | Citrus Aquatic Woody Perfume,Mancera,Eau de Parfum,active,0.00,,,1,"brand-mancera, catalog, desert-climate, dry-weather, family-citrus-aquatic, family-fresh-citrus, family-spicy-oriental, gym, hot-weather, humid-weather, luxury, new-arrival, office-wear, summer-wear, unisex, vacation-beach"
9383446774014,fs-dark-brown-avento-coffee-oud-edp-100ml-3-in-1-fragrance-set,FS Dark Brown + Avento + Coffee Oud Edp 100ml | 3-In-1 Perfume Set,Fragrance Secrets,Gift Set,active,0.00,,,1,"brand-fragrance-secrets, catalog, cold-weather, desert-climate, dry-weather, everyday-signature, family-fresh-citrus, family-oud-woody, family-set, family-spicy-oriental, family-sweet-gourmand, gift-set, hot-weather, humid-weather, new-arrival, office-wear, sale, set, spring-bloom, summer-wear, unisex, winter-holiday"
9383145865470,fs-dark-brown-edp-100ml,FS Dark Brown EDP 100ml | Woody Warm Spicy Perfume,The Fragrance Secrets,Eau de Parfum,active,0.00,,,1,"brand-the-fragrance-secrets, catalog, cold-weather, dinner-evening, everyday-signature, family-woody-spicy, hot-weather, mens, new-arrival, sale, spring-bloom, summer-wear, winter-holiday"
9383132889342,fugazzi-eau-de-parfum-50ml-by-borntostandout-unisex-perfume,Fugazzi Eau De Parfum 50ml by Borntostandout | Unisex Perfume,Born To Stand Out,Eau de Parfum,active,0.00,,,1,"brand-born-to-stand-out, catalog, cold-weather, date-night, desert-climate, dry-weather, everyday-signature, family-floral-rose, family-oud-woody, family-spicy-oriental, family-sweet-gourmand, family-woody-aromatic, hot-weather, luxury, new-arrival, office-wear, party-clubbing, spring-bloom, summer-wear, unisex, vacation-beach, wedding, wedding-formal, winter-holiday"
9383134396670,fursan-al-lail-eau-de-parfum-100ml-for-men,Fursan Al Lail Eau De Parfum 100ml | For Men,Rafaan,Eau de Parfum,active,0.00,,,1,"arabic, brand-rafaan, catalog, cold-weather, desert-climate, dry-weather, everyday-signature, family-fresh-woody, family-oud-woody, family-spicy-oriental, hot-weather, humid-weather, mens, new-arrival, office-wear, spring-bloom, summer-wear, vacation-beach, wedding, wedding-formal, winter-holiday"
9383130956030,g-code-eau-de-parfum-100ml-masculine-perfume-for-men,G. Code Eau De Parfum 100ml | Masculine Perfume for Men,The Fragrance Secrets,Eau de Parfum,active,0.00,,,1,"brand-the-fragrance-secrets, catalog, date-night, everyday-signature, family-aromatic-sweet, hot-weather, humid-weather, mens, new-arrival, office-wear, party-clubbing, sale, spring-bloom, summer-wear"
9383129645310,gardenia-eau-de-parfum-75ml-by-ahmed-al-maghribi-long-lasting-oriental-floral-perfume,Gardenia Eau De Parfum 75ml by Ahmed Al Maghribi | Long Lasting Oriental Floral Perfume,Ahmed Al Maghribi,Eau de Parfum,active,0.00,,,1,"arabic, brand-ahmed-al-maghribi, catalog, desert-climate, dinner-evening, dry-weather, family-floral-oud, family-floral-rose, family-oud-woody, family-spicy-oriental, hot-weather, humid-weather, new-arrival, office-wear, spring-bloom, summer-wear, unisex, wedding, wedding-formal"
9383119716606,gelato-mango-tango-amaran-eau-de-parfum-100ml,Gelato Mango Tango Amaran Eau De Parfum 100ml | Fruity Tropical Sweet Perfume,Amaran,Eau de Parfum,active,0.00,,,1,"beach-vacation, brand-amaran, catalog, everyday-signature, family-fruity, family-sweet-gourmand, humid-weather, new-arrival, office-wear, summer-wear, tropical-climate, unisex, vacation-beach, wedding"
9383119683838,gelato-viva-la-vanilla-amaran-eau-de-parfum-100ml,Gelato Viva La Vanilla Amaran Eau De Parfum 100ml | Gourmand Vanilla Sweet Perfume,Amaran,Eau de Parfum,active,0.00,,,1,"brand-amaran, catalog, date-night, everyday-signature, family-gourmand, family-sweet-gourmand, new-arrival, party-clubbing, unisex, wedding, wedding-formal"
9383122632958,ghala-zayed-luxury-saheb-al-samou-edp-100ml-unisex,Ghala Zayed Luxury Saheb Al Samou EDP 100ML Unisex | Fresh Citrus Woody Perfume,Ghala Zayed,Eau de Parfum,active,0.00,,,1,"arabic, brand-ghala-zayed, catalog, desert-climate, dry-weather, everyday-signature, family-fresh-citrus, family-fresh-woody, family-oud-woody, family-spicy-oriental, hot-weather, humid-weather, luxury, new-arrival, office-wear, summer-wear, unisex, wedding"
9368764547326,gift-card,Gift Card,Snowboard Vendor,giftcard,archived,10.00,,,1,
9383147077886,giorgio-armani-code-edp-for-women-75ml,Giorgio Armani Code EDP For Women 75ml | Floral Sweet Woody Perfume,Giorgio Armani,Eau de Parfum,active,0.00,,,1,"beach-vacation, brand-giorgio-armani, catalog, everyday-signature, family-floral-rose, family-floral-sweet, family-fresh-citrus, family-spicy-oriental, hot-weather, humid-weather, luxury, new-arrival, office-wear, vacation-beach, wedding-formal, womens"
9383147110654,giorgio-armani-code-perfume-for-men-edp-125ml,Giorgio Armani Code Perfume For Men EDP 125ml | Aromatic Sweet Woody Perfume,Giorgio Armani,Eau de Parfum,active,0.00,,,1,"beach-vacation, brand-giorgio-armani, catalog, date-night, desert-climate, dinner-evening, dry-weather, everyday-signature, family-aromatic-sweet, family-fresh-citrus, family-oud-woody, family-spicy-oriental, family-sweet-gourmand, hot-weather, humid-weather, luxury, mens, new-arrival, office-wear, party-clubbing, sale, vacation-beach, wedding, wedding-formal"
9383126073598,giorgio-armani-stronger-with-you-powerfully-edp-100ml-for-men-smoky-gourmand-perfume,Giorgio Armani Stronger With You Powerfully EDP 100ML for Men | Smoky Gourmand Perfume,Giorgio Armani,Eau de Parfum,active,0.00,,,1,"brand-giorgio-armani, catalog, cold-weather, everyday-signature, family-gourmand, family-sweet-gourmand, hot-weather, humid-weather, luxury, mens, new-arrival, office-wear, vacation-beach, winter-holiday"
9383161987326,gold-aoud-edp-120ml,Gold Aoud EDP 120ml | Oud Rose Woody Perfume,Mancera,Eau de Parfum,active,0.00,,,1,"brand-mancera, catalog, desert-climate, dry-weather, family-floral-rose, family-fresh-citrus, family-oud-rose, family-oud-woody, family-spicy-oriental, hot-weather, humid-weather, luxury, new-arrival, office-wear, unisex, wedding"
9383151730942,gold-woman-2023-edp-100ml,Gold Woman (2023) EDP 100ml | Floral Amber Powdery Perfume,Amouage,Eau de Parfum,active,0.00,,,1,"brand-amouage, catalog, desert-climate, dinner-evening, dry-weather, family-floral-amber, family-floral-rose, family-oud-woody, family-spicy-oriental, luxury, new-arrival, wedding, wedding-formal, womens"
9383142228222,golden-dust-roll-on-raees-20ml,Golden Dust Roll On 20ml Attar | Floral Spicy Sweet Perfume,Raees,Parfum Oil,active,0.00,,,1,"arabic, brand-raees, catalog, date-night, desert-climate, dry-weather, family-floral-rose, family-floral-sweet, family-fresh-citrus, family-oud-woody, family-spicy-oriental, hot-weather, humid-weather, luxury, new-arrival, office-wear, party-clubbing, perfume-oil, unisex"
9383143211262,intense-oud-golden-lion-100ml,Golden Lion Intense Oud Eau De Parfum 100ml | Oud Smoky Leather Perfume,Golden Lion,Eau de Parfum,active,0.00,,,1,"brand-golden-lion, catalog, desert-climate, dinner-evening, dry-weather, family-oud-leather, family-oud-woody, family-spicy-oriental, new-arrival, unisex, wedding-formal"
9383146127614,great-oud-al-gazal-100ml,Great Oud Eau De Parfum 100ml | Oud Spicy Woody Perfume,Al Gazal,Eau de Parfum,active,0.00,,,1,"arabic, brand-al-gazal, catalog, cold-weather, desert-climate, dry-weather, everyday-signature, family-oud-woody, family-spicy-oriental, hot-weather, new-arrival, spring-bloom, summer-wear, unisex, winter-holiday"
9383128793342,ibrahim-al-qurashi-greek-tobacco-edp-100ml-unisex,Greek Tobacco EDP 100ml Unisex | Ibrahim Al Qurashi,Ibrahim Alqurashi,Eau de Parfum,active,0.00,,,1,"arabic, brand-ibrahim-alqurashi, catalog, cold-weather, desert-climate, dry-weather, everyday-signature, family-floral-rose, family-floral-tobacco, hot-weather, luxury, new-arrival, summer-wear, unisex, winter-holiday"
9383137968382,green-pearl-edp-80ml,Green Pearl EDP 80ml | Fruity Floral Sweet Perfume,Ahmed Al Maghribi,Eau de Parfum,active,0.00,,,1,"arabic, brand-ahmed-al-maghribi, catalog, desert-climate, dry-weather, family-floral-rose, family-fresh-citrus, family-fruity-floral, family-oud-woody, family-spicy-oriental, hot-weather, humid-weather, new-arrival, office-wear, unisex, wedding"
9383446479102,greeting-card,Greeting Card,Gift,Gift Service,active,0.00,,,1,"brand-gift, catalog, eid, family-giftservice, gift-set, giftservice, new-arrival, unisex"
9383128695038,ibrahim-alqurashi-grey-pearl-diamond-eau-de-parfum-150ml-unisex,Grey Pearl Diamond Eau De Parfum 150ml Unisex Ibrahim Alqurashi | Fresh Woody Oud Perfume,Ibrahim Alqurashi,Eau de Parfum,active,0.00,,,1,"arabic, brand-ibrahim-alqurashi, catalog, cold-weather, desert-climate, dry-weather, everyday-signature, family-floral-rose, family-fresh-citrus, family-oud-woody, family-spicy-oriental, family-woody-oud, hot-weather, humid-weather, luxury, new-arrival, office-wear, sale, summer-wear, tropical-climate, unisex, vacation-beach, wedding, winter-holiday"
9383122764030,guy-laroche-drakkar-intense-edp-100ml-for-men-aromatic-fougere-perfume,Guy Laroche Drakkar Intense EDP 100ML for Men | Aromatic Fougere Perfume,Guy Laroche,Eau de Parfum,active,0.00,,,1,"brand-guy-laroche, catalog, desert-climate, dry-weather, everyday-signature, family-oud-woody, family-spicy-oriental, family-woody-aromatic, gym, hot-weather, humid-weather, mens, new-arrival, office-wear, tropical-climate, wedding, wedding-formal"
9383122829566,guy-laroche-drakkar-noir-edt-200ml-for-men-classic-aromatic-fougere-perfume,Guy Laroche Drakkar Noir EDT 200ML for Men | Classic Aromatic Fougere Perfume,Guy Laroche,Eau de Toilette,active,0.00,,,1,"brand-guy-laroche, catalog, desert-climate, dry-weather, everyday-signature, family-oud-woody, family-spicy-oriental, family-woody-aromatic, gym, hot-weather, humid-weather, mens, new-arrival, office-wear, tropical-climate, wedding"
9383130759422,gyan-eau-de-parfum-100ml-unisex-perfume-by-orchid,Gyan Eau De Parfum 100ml | Unisex Perfume by Orchid,Orchid,Eau de Parfum,active,0.00,,,1,"brand-orchid, catalog, desert-climate, dry-weather, everyday-signature, family-floral-rose, family-floral-woody, family-fresh-citrus, family-oud-woody, family-spicy-oriental, gym, hot-weather, humid-weather, new-arrival, office-wear, sale, spring-bloom, summer-wear, tropical-climate, unisex, wedding, wedding-formal"
9383141736702,hajre-al-aswad-roll-on-raees-20ml,Hajre Al Aswad Roll-On 20ml Attar | Woody Spicy Oud Perfume,Raees,Parfum Oil,active,0.00,,,1,"arabic, brand-raees, catalog, desert-climate, dry-weather, everyday-signature, family-floral-rose, family-oud-woody, family-spicy-oriental, family-woody-oud, new-arrival, perfume-oil, unisex"
9383131775230,happy-emoji-blue-eau-de-parfum-50ml-kids-perfume,Happy Emoji Blue Eau De Parfum 50ml | kids perfume,The Fragrance Secrets,Eau de Parfum,active,0.00,,,1,"brand-the-fragrance-secrets, catalog, everyday-signature, family-floral-rose, family-fresh-citrus, family-sweet-fresh, family-sweet-gourmand, hot-weather, humid-weather, new-arrival, sale, unisex"
9383131742462,happy-emoji-pink-eau-de-parfum-50ml-kids-perfume,Happy Emoji Pink Eau De Parfum 50ml | kids perfume,The Fragrance Secrets,Eau de Parfum,active,0.00,,,1,"brand-the-fragrance-secrets, catalog, everyday-signature, family-floral-rose, family-fresh-citrus, family-sweet-floral, family-sweet-gourmand, hot-weather, humid-weather, new-arrival, sale, unisex"
9383131709694,happy-emoji-yellow-eau-de-parfum-50ml-kids-perfume,Happy Emoji Yellow Eau De Parfum 50ml | kids perfume,The Fragrance Secrets,Eau de Parfum,active,0.00,,,1,"brand-the-fragrance-secrets, catalog, everyday-signature, family-floral-rose, family-fresh-citrus, family-sweet-fruity, family-sweet-gourmand, hot-weather, humid-weather, new-arrival, sale, unisex"
9383153828094,hatem-man-edp-75ml,Hatem Man EDP 75ml | Aromatic Floral Woody Perfume,Rasasi,Eau de Parfum,active,0.00,,,1,"arabic, brand-rasasi, catalog, desert-climate, dry-weather, family-aromatic-floral, family-floral-rose, family-fresh-citrus, family-oud-woody, family-spicy-oriental, gym, hot-weather, humid-weather, mens, new-arrival, office-wear, wedding"
9383153860862,hawas-black-for-him-edp-100ml,Hawas Black for Him EDP 100ml | Fruity Woody Fresh Perfume,Rasasi,Eau de Parfum,active,0.00,,,1,"brand-rasasi, catalog, date-night, desert-climate, dry-weather, family-floral-rose, family-fresh-citrus, family-fruity-woody, family-spicy-oriental, hot-weather, humid-weather, mens, new-arrival, office-wear, party-clubbing, rainy-day, wedding"
9370244940030,hawas-fire-edp,Hawas Fire EDP,Rasasi,Eau de Parfum,archived,99.00,140.00,,1,"brand-rasasi, men, mens, new-arrival, seed"
9383139934462,hawas-fire-edp-100ml,Hawas Fire EDP 100ml | Fresh Aquatic Amber Perfume,Rasasi,Eau de Parfum,active,0.00,,,1,"brand-rasasi, catalog, desert-climate, dinner-evening, dry-weather, family-fresh-aquatic, family-spicy-oriental, hot-weather, humid-weather, mens, new-arrival, office-wear, rainy-day, sale"
9383153893630,hawas-for-him-edp-100ml,Hawas for Him EDP 100ml | Fruity Woody Aromatic Perfume,Rasasi,Eau de Parfum,active,0.00,,,1,"beach-vacation, brand-rasasi, catalog, desert-climate, dry-weather, family-floral-rose, family-fresh-citrus, family-fruity-woody, family-spicy-oriental, gym, hot-weather, humid-weather, mens, new-arrival, office-wear, rainy-day, tropical-climate, wedding"
9383140458750,rasasi-hawas-tropical-100ml-eau-de-parfum,Hawas for Him Tropical 100 ml Eau de Parfum | Fresh Coconut Woody Perfume,Rasasi,Eau de Parfum,active,0.00,,,1,"beach-vacation, brand-rasasi, catalog, date-night, desert-climate, dry-weather, everyday-signature, family-fresh-citrus, family-fresh-woody, gym, hot-weather, humid-weather, mens, new-arrival, office-wear, party-clubbing, rainy-day, sale, summer-wear, tropical-climate, vacation-beach, wedding"
9383133151486,hawas-verde-eau-de-parfum-100ml-for-men-by-rasasi,Hawas Verde Eau De Parfum 100ml for Men by Rasasi | Fresh Citrus Woody Perfume,Rasasi,Eau de Parfum,active,0.00,,,1,"beach-vacation, brand-rasasi, catalog, desert-climate, dry-weather, everyday-signature, family-floral-rose, family-fresh-citrus, family-fresh-woody, family-spicy-oriental, gym, hot-weather, humid-weather, mens, new-arrival, office-wear, rainy-day, sale, spring-bloom, summer-wear, tropical-climate, wedding"
9383127580926,hersh-2-eau-de-parfum-100ml-unisex-perfume-by-alezz-oud,Hersh 2 Eau de Parfum 100ML Unisex Perfume by Alezz Oud | Fresh Citrus Woody Perfume,Alezz Oud,Eau de Parfum,active,0.00,,,1,"arabic, beach-vacation, brand-alezz-oud, catalog, cold-weather, desert-climate, dry-weather, everyday-signature, family-floral-rose, family-fresh-citrus, family-fresh-woody, family-spicy-oriental, gym, hot-weather, humid-weather, luxury, new-arrival, office-wear, rainy-day, sale, spring-bloom, summer-wear, unisex, vacation-beach, wedding, wedding-formal, winter-holiday"
9383127613694,hersh-lahab-eau-de-parfum-100ml-alezz-oud,Hersh Lahab EDP 100ML Unisex Perfume by Alezz Oud | Green Fresh Woody Perfume,Alezz Oud,Eau de Parfum,active,0.00,,,1,"arabic, brand-alezz-oud, catalog, cold-weather, desert-climate, dry-weather, everyday-signature, family-oud-woody, family-spicy-oriental, family-woody-aromatic, hot-weather, humid-weather, new-arrival, office-wear, sale, spring-bloom, summer-wear, unisex, vacation-beach, wedding, wedding-formal, winter-holiday"
9383150485758,highness-iii-edp-100ml,Highness III EDP 100ml | Woody Aromatic Leather Perfume,Afnan Perfumes,Eau de Parfum,active,0.00,,,1,"arabic, brand-afnan-perfumes, catalog, desert-climate, dry-weather, family-oud-woody, family-spicy-oriental, family-woody-aromatic, hot-weather, humid-weather, mens, new-arrival, office-wear, wedding"
9383150518526,highness-iv-edp-100ml,Highness IV EDP 100ml | Oud Amber Woody Perfume,Afnan Perfumes,Eau de Parfum,active,0.00,,,1,"arabic, brand-afnan-perfumes, catalog, date-night, desert-climate, dry-weather, family-floral-rose, family-fresh-citrus, family-oud-amber, family-oud-woody, family-spicy-oriental, hot-weather, humid-weather, new-arrival, office-wear, party-clubbing, summer-wear, unisex, wedding"
9383150551294,highness-v-edp-100ml,Highness V EDP 100ml | Floral Fruity Amber Perfume,Afnan Perfumes,Eau de Parfum,active,0.00,,,1,"arabic, brand-afnan-perfumes, catalog, desert-climate, dry-weather, family-floral-fruity, family-floral-rose, family-spicy-oriental, new-arrival, womens"
9383150584062,highness-x-edp-100ml,Highness X EDP 100ml | Woody Spicy Aromatic Perfume,Afnan Perfumes,Eau de Parfum,active,0.00,,,1,"arabic, brand-afnan-perfumes, catalog, desert-climate, dry-weather, family-fresh-citrus, family-oud-woody, family-spicy-oriental, family-woody-spicy, hot-weather, humid-weather, new-arrival, office-wear, unisex, wedding"
9383131021566,hikaya-imperial-eau-de-parfum-100ml-oriental-woody-unisex-perfume,Hikaya Imperial Eau De Parfum 100ml | Oriental Woody Unisex Perfume,Farzana's Collection,Eau de Parfum,active,0.00,,,1,"brand-farzana-s-collection, catalog, cold-weather, date-night, desert-climate, dry-weather, family-floral-rose, family-oud-woody, family-spicy-oriental, family-woody-oud, hot-weather, humid-weather, new-arrival, office-wear, party-clubbing, rainy-day, sale, unisex, wedding, winter-holiday"
9383130988798,hikaya-so-only-eau-de-parfum-100ml-for-women,Hikaya So Only Eau De Parfum 100ml | For Women,Farzana's Collection,Eau de Parfum,active,0.00,,,1,"brand-farzana-s-collection, catalog, date-night, desert-climate, dry-weather, everyday-signature, family-fruity-floral, family-sweet-gourmand, hot-weather, humid-weather, new-arrival, office-wear, party-clubbing, sale, spring-bloom, summer-wear, wedding, womens"
9383150616830,historic-doria-edp-100ml,Historic Doria EDP 100ml | Floral Fruity Musky Perfume,Afnan Perfumes,Eau de Parfum,active,0.00,,,1,"arabic, brand-afnan-perfumes, catalog, desert-climate, dry-weather, family-floral-fruity, family-floral-rose, family-fresh-citrus, family-oud-woody, hot-weather, humid-weather, new-arrival, office-wear, unisex, wedding"
9383150649598,historic-olmeda-edp-100ml,Historic Olmeda EDP 100ml | Spicy Woody Fresh Perfume,Afnan Perfumes,Eau de Parfum,active,0.00,,,1,"arabic, brand-afnan-perfumes, catalog, desert-climate, dry-weather, family-fresh-citrus, family-oud-woody, family-spicy-oriental, family-spicy-woody, hot-weather, humid-weather, new-arrival, office-wear, unisex, wedding"
9383131807998,honey-girl-natural-spray-50ml-kids-perfume,Honey Girl Natural spray 50ml | kids perfume,The Fragrance Secrets,Eau de Parfum,active,0.00,,,1,"brand-the-fragrance-secrets, catalog, everyday-signature, family-floral-rose, family-fresh-citrus, family-sweet-floral, family-sweet-gourmand, hot-weather, humid-weather, new-arrival, sale, unisex"
9383131676926,honey-kitty-blue-eau-de-parfum-50ml-kids-perfume,Honey Kitty Blue Eau De Parfum 50ml | kids perfume,The Fragrance Secrets,Eau de Parfum,active,0.00,,,1,"brand-the-fragrance-secrets, catalog, everyday-signature, family-sweet-fresh, family-sweet-gourmand, new-arrival, sale, unisex"
9383131644158,honey-kitty-green-eau-de-parfum-50ml-kids-perfume,Honey Kitty green Eau De Parfum 50ml | kids perfume,The Fragrance Secrets,Eau de Parfum,active,0.00,,,1,"brand-the-fragrance-secrets, catalog, everyday-signature, family-fresh-sweet, family-sweet-gourmand, new-arrival, sale, unisex"
9383131611390,honey-kitty-purple-eau-de-parfum-50ml-kids-perfume,Honey Kitty Purple Eau De Parfum 50ml | kids perfume,The Fragrance Secrets,Eau de Parfum,active,0.00,,,1,"brand-the-fragrance-secrets, catalog, everyday-signature, family-sweet-floral, family-sweet-gourmand, new-arrival, sale, unisex"
9383131578622,honey-kitty-red-eau-de-parfum-50ml-kids-perfume,Honey Kitty Red Eau De Parfum 50ml | kids perfume,The Fragrance Secrets,Eau de Parfum,active,0.00,,,1,"brand-the-fragrance-secrets, catalog, everyday-signature, family-sweet-fruity, family-sweet-gourmand, new-arrival, sale, unisex"
9383131545854,honey-kitty-sky-blue-eau-de-parfum-50ml-kids-perfume,Honey Kitty Sky Blue Eau De Parfum 50ml | kids perfume,The Fragrance Secrets,Eau de Parfum,active,0.00,,,1,"brand-the-fragrance-secrets, catalog, everyday-signature, family-sweet-fresh, family-sweet-gourmand, new-arrival, sale, unisex"
9383131513086,honey-kitty-yellow-eau-de-parfum-50ml-kids-perfume,Honey Kitty Yellow Eau De Parfum 50ml | kids perfume,The Fragrance Secrets,Eau de Parfum,active,0.00,,,1,"brand-the-fragrance-secrets, catalog, everyday-signature, family-sweet-fruity, family-sweet-gourmand, new-arrival, sale, unisex"
9383129481470,parisbelle-honey-tabac-extrait-de-parfum-100ml,Honey Tabac Extrait De Parfum 100ml | Honey Tobacco Oud Long-Lasting Perfume by Parisbelle,Parisbelle,Extrait de Parfum,active,0.00,,,1,"brand-parisbelle, catalog, cold-weather, date-night, desert-climate, dinner-evening, dry-weather, everyday-signature, family-oud-woody, family-spicy-oriental, family-sweet-gourmand, family-tobacco-sweet, hot-weather, luxury, new-arrival, party-clubbing, sale, summer-wear, unisex, wedding, wedding-formal, winter-holiday"
9383138984190,honorable-man-edp-100ml,Honorable Man Eau de Parfum 100ml | Spicy Powdery Perfume,The Fragrance Secrets,Eau de Parfum,active,0.00,,,1,"brand-the-fragrance-secrets, catalog, everyday-signature, family-spicy-oriental, family-spicy-powdery, mens, new-arrival, wedding-formal"
9383124173054,hormone-paris-this-is-not-gaba-edp-100ml-unisex-aromatic-spicy-perfume,Hormone Paris This Is Not GABA EDP 100ML Unisex | Aromatic Spicy Perfume,Hormone Paris,Eau de Parfum,active,0.00,,,1,"brand-hormone-paris, catalog, desert-climate, dry-weather, everyday-signature, family-floral, family-floral-rose, family-oud-woody, family-spicy-oriental, gym, hot-weather, humid-weather, luxury, new-arrival, office-wear, unisex, wedding"
9383137116414,davidoff-hot-water-men-edt-100ml,Hot Water M Edt 110ml | Spicy Aromatic Woody Perfume,Davidoff,Eau de Toilette,active,0.00,,,1,"arabic, brand-davidoff, catalog, date-night, family-fresh-citrus, family-oud-woody, family-spicy-oriental, family-spicy-woody, gym, hot-weather, humid-weather, mens, new-arrival, office-wear, party-clubbing, rainy-day, wedding"
9383123484926,house-of-morais-my-journey-pour-femme-edp-100ml-floral-musky-perfume,House of Morais My Journey Pour Femme EDP 100ML | Floral Musky Perfume,House of Morais,Eau de Parfum,active,0.00,,,1,"brand-house-of-morais, catalog, date-night, desert-climate, dinner-evening, dry-weather, everyday-signature, family-floral, family-floral-rose, family-fresh-citrus, family-oud-woody, family-spicy-oriental, hot-weather, humid-weather, new-arrival, office-wear, party-clubbing, sale, wedding, womens"
9383153172734,hunter-for-men-edp-100ml,Hunter for Men EDP 100ml | Aromatic Citrus Woody Perfume,Armaf,Eau de Parfum,active,0.00,,,1,"brand-armaf, catalog, desert-climate, dry-weather, family-aromatic-citrus, family-floral-rose, family-fresh-citrus, family-oud-woody, hot-weather, humid-weather, mens, new-arrival, office-wear, party-clubbing, wedding"
9383128858878,ibrahim-al-qurashi-purple-heart-diamond-edp-150ml,Ibrahim Al Qurashi (Ibraq / Ibrahim Alqurashi) Purple Heart Diamond Eau De Parfum 150ml | Long Lasting Unisex Perfume,Ibrahim Alqurashi,Eau de Parfum,active,0.00,,,1,"arabic, brand-ibrahim-alqurashi, catalog, cold-weather, date-night, desert-climate, dry-weather, everyday-signature, family-floral-rose, family-floral-woody, family-fresh-citrus, family-oud-woody, family-spicy-oriental, hot-weather, humid-weather, luxury, new-arrival, office-wear, party-clubbing, sale, summer-wear, unisex, wedding, winter-holiday"
9383445627134,ibrahim-al-qurashi-tobacco-collection-gift-set-9-20ml-edp-luxury-tobacco-perfume-set,Ibrahim Al Qurashi Tobacco Collection Gift Set 9x20ML EDP - Luxury Tobacco Perfume Set,Ibrahim Alqurashi,Gift Set,active,0.00,,,1,"arabic, brand-ibrahim-alqurashi, catalog, desert-climate, dry-weather, family-oud-woody, family-set, family-spicy-oriental, gift-set, luxury, new-arrival, sale, set, unisex, wedding, wedding-formal"
9383119913214,ibrahim-alqurashi-french-tobacco-extrait-de-parfum-100ml-unisex,Ibrahim AlQurashi French Tobacco Extrait De Parfum 100ML Unisex | Aromatic Fougere Woody Perfume,Ibrahim Alqurashi,Extrait de Parfum,active,0.00,,,1,"arabic, brand-ibrahim-alqurashi, catalog, desert-climate, dry-weather, everyday-signature, family-fresh-citrus, family-oud-woody, family-spicy-oriental, family-woody-aromatic, hot-weather, humid-weather, luxury, new-arrival, office-wear, unisex, wedding, wedding-formal"
9383125647614,ibrahim-alqurashi-spanish-tobacco-extrait-de-parfum-100ml-unisex-oriental-woody-tobacco-perfume,Ibrahim Alqurashi Spanish Tobacco Extrait De Parfum 100ML Unisex | Oriental Woody Tobacco Perfume,Ibrahim Alqurashi,Extrait de Parfum,active,0.00,,,1,"arabic, brand-ibrahim-alqurashi, catalog, cold-weather, desert-climate, dry-weather, everyday-signature, family-amber-woody, family-oud-woody, family-spicy-oriental, hot-weather, humid-weather, luxury, new-arrival, office-wear, summer-wear, unisex, wedding, winter-holiday"
9383153959166,ibreez-pour-femme-edp-100ml,Ibreez Pour Femme EDP 100ml | Fruity Floral Woody Perfume,Rasasi,Eau de Parfum,active,0.00,,,1,"arabic, brand-rasasi, catalog, desert-climate, dry-weather, family-floral-rose, family-fresh-citrus, family-fruity-floral, family-oud-woody, hot-weather, humid-weather, new-arrival, office-wear, wedding, womens"
9383150256382,ignite-oud-edp-60ml,Ignite Oud EDP 60ml | Woody Leather Aromatic Perfume,Ahmed Al Maghribi,Eau de Parfum,active,0.00,,,1,"arabic, brand-ahmed-al-maghribi, catalog, desert-climate, dry-weather, family-oud-woody, family-woody-leather, new-arrival, unisex, wedding"
9383135183102,imperial-eau-de-parfum-100ml-for-men,Imperial Eau De Parfum 100ml | For Men,La Parfum Galleria,Eau de Parfum,active,0.00,,,1,"beach-vacation, brand-la-parfum-galleria, catalog, cold-weather, desert-climate, dinner-evening, dry-weather, everyday-signature, family-floral-rose, family-fresh-citrus, family-fresh-woody, family-oud-woody, hot-weather, humid-weather, mens, new-arrival, office-wear, rainy-day, spring-bloom, summer-wear, tropical-climate, vacation-beach, wedding, wedding-formal, winter-holiday"
9383137378558,imperial-edp-100ml-gift-hamper,Imperial EDP 100ml Gift Hamper | Oud Woody Leather Perfume,Paris Collection,Eau de Parfum,active,0.00,,,1,"brand-paris-collection, catalog, date-night, desert-climate, dry-weather, family-fresh-citrus, family-oud-woody, family-spicy-oriental, hot-weather, humid-weather, luxury, new-arrival, office-wear, party-clubbing, sale, unisex, wedding"
9383149568254,paris-collection-imperial-eau-de-parfum-100ml,Imperial EDP 100ml | Woody Oud Leather Perfume,Paris Collection,Eau de Parfum,active,0.00,,,1,"arabic, brand-paris-collection, catalog, cold-weather, date-night, desert-climate, dry-weather, everyday-signature, family-fresh-citrus, family-oud-woody, family-spicy-oriental, family-woody-oud, hot-weather, luxury, new-arrival, office-wear, party-clubbing, sale, spring-bloom, summer-wear, tropical-climate, unisex, vacation-beach, wedding, wedding-formal, winter-holiday"
9383135150334,imperial-legend-eau-de-parfum-100ml-for-men,Imperial Legend Eau De Parfum 100ml | For Men,La Parfum Galleria,Eau de Parfum,active,0.00,,,1,"beach-vacation, brand-la-parfum-galleria, catalog, cold-weather, desert-climate, dinner-evening, dry-weather, everyday-signature, family-fresh-amber, family-fresh-citrus, family-spicy-oriental, gym, hot-weather, humid-weather, mens, new-arrival, office-wear, rainy-day, spring-bloom, summer-wear, tropical-climate, vacation-beach, wedding-formal, winter-holiday"
9383130923262,imperium-eau-de-parfum-100ml-unisex-perfume,Imperium Eau De Parfum 100ml | Perfume for Men,The Fragrance Secrets,Eau de Parfum,active,0.00,,,1,"beach-vacation, brand-the-fragrance-secrets, catalog, desert-climate, dry-weather, everyday-signature, family-fresh-citrus, family-fresh-woody, family-oud-woody, gym, hot-weather, humid-weather, mens, new-arrival, office-wear, rainy-day, sale, spring-bloom, summer-wear, tropical-climate, vacation-beach, wedding, wedding-formal"
9383135019262,impressio-eau-de-parfum-100ml-for-men,Impressio Eau De Parfum 100ml | For Men,La Parfum Galleria,Eau de Parfum,active,0.00,,,1,"beach-vacation, brand-la-parfum-galleria, catalog, cold-weather, desert-climate, dinner-evening, dry-weather, everyday-signature, family-floral-rose, family-fresh-citrus, family-fresh-woody, family-oud-woody, family-spicy-oriental, gym, hot-weather, humid-weather, mens, new-arrival, office-wear, rainy-day, spring-bloom, summer-wear, tropical-climate, vacation-beach, wedding, wedding-formal, winter-holiday"
9383162052862,indian-dream-edp-120ml,Indian Dream EDP 120ml | Floral Fruity Amber Perfume,Mancera,Eau de Parfum,active,0.00,,,1,"brand-mancera, catalog, date-night, family-floral-fruity, family-floral-rose, family-fresh-citrus, family-oud-woody, family-spicy-oriental, hot-weather, humid-weather, luxury, new-arrival, office-wear, party-clubbing, wedding, womens"
9383447003390,inte-hayaati-oud-tamayuz-100ml,Inte Hayaati & Oud Tamayuz 100ml EDP Set,Farzanas Collection,Gift Set,active,0.00,,,1,"arabic, brand-farzanas-collection, catalog, desert-climate, dry-weather, everyday-signature, family-fresh-citrus, family-oud-woody, family-set, gift-set, hot-weather, humid-weather, new-arrival, office-wear, set, unisex"
9383148454142,inte-hayaati-edp-100ml,Inte Hayaati EDP 100ml | Fresh Citrus Aromatic Perfume,Farzana's Collection,Eau de Parfum,active,0.00,,,1,"arabic, brand-farzana-s-collection, catalog, desert-climate, dry-weather, everyday-signature, family-fresh-citrus, family-oud-woody, family-spicy-oriental, hot-weather, humid-weather, new-arrival, office-wear, unisex"
9383135478014,intense-black-eau-de-parfum-100ml-unisex-fragrance,Intense Black Eau De Parfum 100ml | Unisex Fragrance,La Parfum Galleria,Eau de Parfum,active,0.00,,,1,"brand-la-parfum-galleria, catalog, cold-weather, desert-climate, dry-weather, everyday-signature, family-oud-woody, family-spicy-oriental, family-spicy-woody, hot-weather, humid-weather, new-arrival, spring-bloom, summer-wear, unisex, wedding, wedding-formal, winter-holiday"
9383135445246,intense-brown-eau-de-parfum-100ml-unisex-fragrance,Intense Brown Eau De Parfum 100ml | Unisex Fragrance,La Parfum Galleria,Eau de Parfum,active,0.00,,,1,"brand-la-parfum-galleria, catalog, cold-weather, desert-climate, dry-weather, everyday-signature, family-floral-rose, family-oud-woody, family-spicy-oriental, hot-weather, humid-weather, new-arrival, spring-bloom, summer-wear, unisex, wedding, wedding-formal, winter-holiday"
9383135412478,intense-pink-eau-de-parfum-100ml-for-women,Intense Pink Eau De Parfum 100ml | For Women,La Parfum Galleria,Eau de Parfum,active,0.00,,,1,"brand-la-parfum-galleria, catalog, cold-weather, desert-climate, dry-weather, everyday-signature, family-floral-rose, family-fruity-gourmand, family-oud-woody, family-sweet-gourmand, hot-weather, humid-weather, new-arrival, spring-bloom, summer-wear, tropical-climate, vacation-beach, wedding, wedding-formal, winter-holiday, womens"
9383151829246,interlude-53-man-edp-100ml,Interlude 53 Man EDP 100ml | Amber Spicy Leather Perfume,Amouage,Eau de Parfum,active,0.00,,,1,"brand-amouage, catalog, desert-climate, dry-weather, family-amber-spicy, family-oud-woody, family-spicy-oriental, luxury, mens, new-arrival, wedding"
9383151862014,interlude-man-edp-100ml,Interlude Man EDP 100ml | Amber Spicy Smoky Perfume,Amouage,Eau de Parfum,active,0.00,,,1,"brand-amouage, catalog, desert-climate, dry-weather, family-amber-spicy, family-oud-woody, family-spicy-oriental, luxury, mens, new-arrival, wedding"
9383135314174,ivory-black-eau-de-parfum-100ml-for-men,Ivory Black Eau De Parfum 100ml | For Men,La Parfum Galleria,Eau de Parfum,active,0.00,,,1,"brand-la-parfum-galleria, catalog, cold-weather, desert-climate, dinner-evening, dry-weather, everyday-signature, family-floral-rose, family-oud-woody, family-spicy-oriental, family-sweet-gourmand, family-woody-aromatic, hot-weather, humid-weather, mens, new-arrival, office-wear, spring-bloom, summer-wear, wedding, wedding-formal, winter-holiday"
9383127810302,jadore-eau-de-parfum-100ml-floral-fruity-perfume-for-women-dior,Jadore Eau de Parfum 100ML Floral Fruity Perfume for Women | Dior,Dior,Eau de Parfum,active,0.00,,,1,"brand-dior, catalog, cold-weather, date-night, desert-climate, dry-weather, family-floral, family-floral-rose, family-sweet-gourmand, hot-weather, humid-weather, luxury, new-arrival, office-wear, party-clubbing, summer-wear, wedding, wedding-formal, winter-holiday, womens"
9383130890494,jannat-eau-de-parfum-100ml-unisex-perfume,Jannat Eau De Parfum 100ml | Unisex Perfume,The Fragrance Secrets,Eau de Parfum,active,0.00,,,1,"brand-the-fragrance-secrets, catalog, date-night, desert-climate, dry-weather, everyday-signature, family-floral-rose, family-fresh-amber, family-oud-woody, family-spicy-oriental, family-sweet-gourmand, hot-weather, humid-weather, new-arrival, office-wear, party-clubbing, sale, spring-bloom, summer-wear, unisex"
9383134331134,jenan-eau-de-parfum-100ml-for-women,Jenan Eau De Parfum 100ml | For Women,Rafaan,Eau de Parfum,active,0.00,,,1,"arabic, brand-rafaan, catalog, cold-weather, desert-climate, dry-weather, everyday-signature, family-floral-fruity, family-floral-rose, family-oud-woody, family-spicy-oriental, family-sweet-gourmand, hot-weather, humid-weather, new-arrival, office-wear, spring-bloom, summer-wear, wedding, wedding-formal, winter-holiday, womens"
9383122239742,jesus-del-pozo-ambar-edt-100ml-for-women-oriental-floral-perfume,Jesus Del Pozo Ambar EDT 100ML for Women | Oriental Floral Perfume,Jesus Del Pozo,Eau de Toilette,active,0.00,,,1,"brand-jesus-del-pozo, catalog, date-night, desert-climate, dry-weather, everyday-signature, family-amber-woody, family-floral-rose, family-oud-woody, family-spicy-oriental, gym, hot-weather, humid-weather, new-arrival, office-wear, party-clubbing, wedding, womens"
9383122272510,jesus-del-pozo-ambar-edt-50ml-for-women-oriental-floral-perfume,Jesus Del Pozo Ambar EDT 50ML for Women | Oriental Floral Perfume,Jesus Del Pozo,Eau de Toilette,active,0.00,,,1,"brand-jesus-del-pozo, catalog, date-night, desert-climate, dry-weather, everyday-signature, family-amber-woody, family-floral-rose, family-oud-woody, family-spicy-oriental, gym, hot-weather, humid-weather, new-arrival, office-wear, party-clubbing, wedding, womens"
9383134003454,journey-of-oud-blue-moon-eau-de-parfum-100ml-for-men,Journey Of Oud Blue Moon Eau De Parfum 100ml | For Men,Rafaan,Eau de Parfum,active,0.00,,,1,"arabic, brand-rafaan, catalog, cold-weather, desert-climate, dinner-evening, dry-weather, everyday-signature, family-fruity-floral, family-oud-woody, family-spicy-oriental, hot-weather, humid-weather, mens, new-arrival, spring-bloom, summer-wear, wedding, wedding-formal, winter-holiday"
9383133937918,journey-of-oud-brillante-eau-de-parfum-100ml-for-men,Journey Of Oud Brillante Eau De Parfum 100ml | For Men,Rafaan,Eau de Parfum,active,0.00,,,1,"arabic, brand-rafaan, catalog, cold-weather, desert-climate, dinner-evening, dry-weather, everyday-signature, family-oud-woody, family-spicy-oriental, family-spicy-woody, hot-weather, humid-weather, mens, new-arrival, spring-bloom, summer-wear, wedding, wedding-formal, winter-holiday"
9383133872382,journey-of-oud-imperial-jade-eau-de-parfum-100ml-for-men,Journey Of Oud Imperial Jade Eau De Parfum 100ml | For Men,Rafaan,Eau de Parfum,active,0.00,,,1,"arabic, brand-rafaan, catalog, cold-weather, date-night, desert-climate, dinner-evening, dry-weather, everyday-signature, family-fruity-oud, family-oud-woody, family-spicy-oriental, hot-weather, humid-weather, luxury, mens, new-arrival, party-clubbing, spring-bloom, summer-wear, wedding, wedding-formal, winter-holiday"
9383133905150,journey-of-oud-opulent-eau-de-parfum-100ml-for-men,Journey Of Oud Opulent Eau De Parfum 100ml | For Men,Rafaan,Eau de Parfum,active,0.00,,,1,"arabic, brand-rafaan, catalog, cold-weather, date-night, desert-climate, dinner-evening, dry-weather, everyday-signature, family-oud-woody, family-spicy-oriental, family-woody-leather, hot-weather, humid-weather, luxury, mens, new-arrival, party-clubbing, spring-bloom, summer-wear, wedding, wedding-formal, winter-holiday"
9383134068990,journey-of-oud-roja-eau-de-parfum-100ml-unisex-fragrance,Journey Of Oud Roja Eau De Parfum 100ml | Unisex Fragrance,Rafaan,Eau de Parfum,active,0.00,,,1,"arabic, brand-rafaan, catalog, cold-weather, desert-climate, dry-weather, everyday-signature, family-fruity-floral, family-oud-woody, family-spicy-oriental, hot-weather, new-arrival, spring-bloom, summer-wear, unisex, wedding, wedding-formal, winter-holiday"
9383122338046,jovan-sex-appeal-cologne-spray-88ml-for-men-aromatic-spicy-fragrance,Jovan Sex Appeal Cologne Spray 88ML for Men | Aromatic Spicy Fragrance,Jovan,Eau de Cologne,active,0.00,,,1,"brand-jovan, catalog, family-woody-aromatic, mens, new-arrival"
9383122305278,jovan-white-musk-eau-de-cologne-88ml-for-men-fresh-aromatic-musk-fragrance,Jovan White Musk Eau De Cologne 88ML for Men | Fresh Aromatic Musk Fragrance,Jovan,Eau de Cologne,active,0.00,,,1,"brand-jovan, catalog, family-fresh-musk, mens, new-arrival"
9383138689278,amouage-jubilation-25-for-women-eau-de-parfum-100ml,Jubilation 25 For Women Eau De Parfum 100Ml | Floral Incense Woody Perfume,Amouage,Eau de Parfum,active,0.00,,,1,"brand-amouage, catalog, date-night, desert-climate, dinner-evening, dry-weather, family-floral-rose, family-floral-woody, family-oud-woody, family-spicy-oriental, hot-weather, humid-weather, luxury, new-arrival, party-clubbing, wedding, wedding-formal, womens"
9383134855422,juicy-bomb-eau-de-parfum-100ml-unisex-fragrance,Juicy Bomb Eau De Parfum 100ml | Unisex Fragrance,La Parfum Galleria,Eau de Parfum,active,0.00,,,1,"brand-la-parfum-galleria, catalog, cold-weather, desert-climate, dry-weather, everyday-signature, family-floral-rose, family-fruity-gourmand, family-oud-woody, family-spicy-oriental, family-sweet-gourmand, hot-weather, humid-weather, new-arrival, office-wear, spring-bloom, summer-wear, unisex, wedding, wedding-formal, winter-holiday"
9383139442942,just-cavalli-wild-heart-edp-90ml,Just Cavalli Wild Heart EDP 90ml | Fruity Floral Musky Perfume,Roberto Cavalli,Eau de Parfum,active,0.00,,,1,"beach-vacation, brand-roberto-cavalli, catalog, date-night, desert-climate, dry-weather, family-floral-rose, family-fruity-floral, new-arrival, party-clubbing, womens"
9383139377406,just-cavalli-wild-heart-edt-90ml,Just Cavalli Wild Heart EDT 90ml | Spicy Woody Aromatic Perfume,Roberto Cavalli,Eau de Toilette,active,0.00,,,1,"brand-roberto-cavalli, catalog, desert-climate, dinner-evening, dry-weather, family-spicy-oriental, family-spicy-woody, gym, hot-weather, humid-weather, mens, new-arrival, office-wear, wedding"
9383134298366,just-wardi-eau-de-parfum-100ml-for-women,Just Wardi Eau De Parfum 100ml | For Women,Rafaan,Eau de Parfum,active,0.00,,,1,"arabic, beach-vacation, brand-rafaan, catalog, cold-weather, desert-climate, dinner-evening, dry-weather, everyday-signature, family-fruity-floral, family-spicy-oriental, family-sweet-gourmand, hot-weather, humid-weather, new-arrival, office-wear, spring-bloom, summer-wear, wedding-formal, winter-holiday, womens"
9383136854270,k-edp-100ml,K Edp 100ml | Fresh Aromatic Woody Perfume,Dolce & Gabbana,Eau de Parfum,active,0.00,,,1,"beach-vacation, brand-dolce-gabbana, catalog, desert-climate, dry-weather, family-fresh-citrus, family-fresh-woody, family-oud-woody, family-spicy-oriental, hot-weather, humid-weather, luxury, mens, new-arrival, office-wear, wedding"
9383136821502,k-edt-100ml,K Edt 100ml | Fresh Woody Aromatic Perfume,Dolce & Gabbana,Eau de Toilette,active,0.00,,,1,"brand-dolce-gabbana, catalog, desert-climate, dry-weather, family-fresh-woody, family-oud-woody, family-spicy-oriental, luxury, mens, new-arrival, wedding"
9383151304958,kaaf-edp-100ml,Kaaf EDP 100ml | Fresh Aquatic Fruity Perfume,Ahmed Al Maghribi,Eau de Parfum,active,0.00,,,1,"arabic, brand-ahmed-al-maghribi, catalog, desert-climate, dry-weather, family-fresh-aquatic, family-fresh-citrus, gym, hot-weather, humid-weather, new-arrival, office-wear, rainy-day, unisex, vacation-beach, wedding"
9383136395518,kaaf-noir-perfume-for-unisex-extrait-de-parfum-100ml,Kaaf Noir Perfume For Unisex Extrait De Parfum 100ml | Fresh Aromatic Woody Perfume,Ahmed Al Maghribi,Extrait de Parfum,active,0.00,,,1,"arabic, brand-ahmed-al-maghribi, catalog, desert-climate, dry-weather, everyday-signature, family-fresh-woody, family-oud-woody, family-spicy-oriental, gym, hot-weather, humid-weather, new-arrival, office-wear, rainy-day, spring-bloom, summer-wear, unisex, vacation-beach, wedding, wedding-formal"
9383119159550,kafu-al-nasr-amaran-eau-de-parfum-100ml-for-men-fresh-aquatic-woody-perfume,Kafu Al Nasr Amaran Eau De Parfum 100ML for Men | Fresh Aquatic Woody Perfume,Amaran,Eau de Parfum,active,0.00,,,1,"beach-vacation, brand-amaran, catalog, desert-climate, dry-weather, everyday-signature, family-fresh-aquatic, family-fresh-citrus, family-oud-woody, family-spicy-oriental, gym, hot-weather, humid-weather, mens, new-arrival, office-wear, rainy-day, summer-wear, tropical-climate, vacation-beach, wedding"
9383132135678,kawkab-eau-de-parfum-75ml-by-ahmed-al-maghribi-unisex-long-lasting-perfume,Kawkab Eau de Parfum 75ml by Ahmed Al Maghribi | Unisex Long-Lasting Perfume,Ahmed Al Maghribi,Eau de Parfum,active,0.00,,,1,"arabic, brand-ahmed-al-maghribi, catalog, desert-climate, dinner-evening, dry-weather, everyday-signature, family-floral-oud, family-oud-woody, family-spicy-oriental, hot-weather, new-arrival, office-wear, spring-bloom, summer-wear, unisex, wedding, wedding-formal"
9383124107518,kayali-vanilla-28-edp-100ml-unisex-oriental-vanilla-perfume,KAYALI Vanilla 28 EDP 100ML Unisex | Oriental Vanilla Perfume,KAYALI,Eau de Parfum,active,0.00,,,1,"brand-kayali, catalog, date-night, everyday-signature, family-gourmand, family-sweet-gourmand, luxury, new-arrival, party-clubbing, unisex, wedding, wedding-formal"
9383124140286,kayali-yum-boujee-marshmallow-81-edp-intense-100ml-for-women,KAYALI Yum Boujee Marshmallow 81 EDP Intense 100ML for Women | Sweet Fruity Gourmand Perfume,KAYALI,Eau de Parfum,active,0.00,,,1,"beach-vacation, brand-kayali, catalog, everyday-signature, family-gourmand, family-sweet-gourmand, hot-weather, humid-weather, luxury, new-arrival, wedding-formal, womens"
9383124074750,kayali-yum-pistachio-gelato-33-intense-edp-100ml-unisex-gourmand-perfume,KAYALI Yum Pistachio Gelato 33 Intense EDP 100ML Unisex | Gourmand Perfume,KAYALI,Eau de Parfum,active,0.00,,,1,"brand-kayali, catalog, everyday-signature, family-gourmand, family-sweet-gourmand, luxury, new-arrival, unisex, wedding, wedding-formal"
9383121682686,khadlaj-cream-velvet-extrait-de-parfum-100ml-for-women,Khadlaj Cream Velvet Extrait De Parfum 100ML for Women | Sweet Vanilla Amber Perfume,Khadlaj,Extrait de Parfum,active,0.00,,,1,"brand-khadlaj, catalog, date-night, everyday-signature, family-gourmand, family-spicy-oriental, family-sweet-gourmand, new-arrival, party-clubbing, wedding-formal, womens"
9383118733566,khadlaj-island-dreams-eau-de-parfum-100ml-unisex-oriental-citrus-musk-perfume,Khadlaj Island Dreams Eau De Parfum 100ML Unisex | Oriental Citrus Musk Perfume,Khadlaj,Eau de Parfum,active,0.00,,,1,"beach-vacation, brand-khadlaj, catalog, cold-weather, desert-climate, dry-weather, everyday-signature, family-fresh-citrus, family-spicy-oriental, gym, hot-weather, humid-weather, new-arrival, office-wear, rainy-day, summer-wear, tropical-climate, unisex, vacation-beach, winter-holiday"
9383119028478,khadlaj-island-eau-de-parfum-100ml-unisex-tropical-woody-amber-perfume,Khadlaj Island Eau De Parfum 100ML Unisex | Tropical Woody Amber Perfume,Khadlaj,Eau de Parfum,active,0.00,,,1,"beach-vacation, brand-khadlaj, catalog, cold-weather, desert-climate, dry-weather, everyday-signature, family-floral-rose, family-fresh-citrus, family-spicy-oriental, family-sweet-gourmand, family-tropical-woody, gym, hot-weather, humid-weather, new-arrival, office-wear, rainy-day, summer-wear, tropical-climate, unisex, vacation-beach, wedding, winter-holiday"
9383119061246,khadlaj-panache-angel-dust-eau-de-parfum-100ml-for-women-gourmand-vanilla-floral-perfume,Khadlaj Panache Angel Dust Eau De Parfum 100ML for Women | Gourmand Vanilla Floral Perfume,Khadlaj,Eau de Parfum,active,0.00,,,1,"brand-khadlaj, catalog, cold-weather, date-night, dry-weather, family-gourmand, family-sweet-gourmand, gym, humid-weather, new-arrival, office-wear, party-clubbing, vacation-beach, wedding, wedding-formal, winter-holiday, womens"
9383125844222,khadlaj-shiyaaka-snow-edp-100ml-for-women-and-men-citrus-aromatic-fresh-perfume,Khadlaj Shiyaaka Snow EDP 100ML for Women and Men | Citrus Aromatic Fresh Perfume,Khadlaj,Eau de Parfum,active,0.00,,,1,"arabic, brand-khadlaj, catalog, cold-weather, desert-climate, dry-weather, everyday-signature, family-floral-rose, family-fresh-citrus, family-fresh-woody, family-spicy-oriental, gym, hot-weather, humid-weather, new-arrival, office-wear, rainy-day, spring-bloom, summer-wear, tropical-climate, unisex, vacation-beach, wedding, winter-holiday"
9371900969214,khadlaj-titan-eau-de-parfum-100ml-for-men-spicy-amber-woody-perfume,Khadlaj Titan Eau De Parfum 100ML for Men | Spicy Amber Woody Perfume,Khadlaj,Eau de Parfum,active,24.99,34.99,KHADLAJ-TITAN-100,0,"arabic, brand-khadlaj, catalog, cold-weather, desert-climate, dry-weather, family-oud-woody, family-spicy-oriental, hot-weather, humid-weather, luxury, mens, new-arrival, office-wear, summer-wear, tropical-climate, vacation-beach, wedding, wedding-formal, winter-holiday"
9383126204670,khaleej-pride-absolute-black-edp-85ml-for-men-spicy-woody-amber-perfume,Khaleej Pride Absolute Black EDP 85ML for Men | Spicy Woody Amber Perfume,Khaleej Pride,Eau de Parfum,active,0.00,,,1,"arabic, brand-khaleej-pride, catalog, cold-weather, desert-climate, dry-weather, everyday-signature, family-oud-woody, family-spicy-oriental, family-woody-aromatic, hot-weather, mens, new-arrival, office-wear, sale, spring-bloom, summer-wear, tropical-climate, wedding, wedding-formal, winter-holiday"
9383126270206,khaleej-pride-amber-king-edp-85ml-for-men-oud-amber-perfume,Khaleej Pride Amber King EDP 85ML for Men | Oud Amber Perfume,Khaleej Pride,Eau de Parfum,active,0.00,,,1,"arabic, brand-khaleej-pride, catalog, cold-weather, desert-climate, dry-weather, everyday-signature, family-oud-woody, family-spicy-oriental, hot-weather, mens, new-arrival, sale, spring-bloom, summer-wear, wedding, wedding-formal, winter-holiday"
9383126335742,khaleej-pride-poetique-eau-de-parfum-85ml-for-women-and-men-floral-rose-musky-perfume,Khaleej Pride Poetique Eau De Parfum 85ML for Women and Men | Floral Rose Musky Perfume,Khaleej Pride,Eau de Parfum,active,0.00,,,1,"arabic, brand-khaleej-pride, catalog, cold-weather, date-night, desert-climate, dry-weather, everyday-signature, family-floral, family-floral-rose, family-oud-woody, family-spicy-oriental, hot-weather, humid-weather, new-arrival, office-wear, party-clubbing, sale, spring-bloom, summer-wear, tropical-climate, unisex, wedding, wedding-formal, winter-holiday"
9383126237438,khaleej-pride-red-rouge-edp-85ml-for-women-and-men-spicy-woody-oud-leather-perfume,Khaleej Pride Red Rouge EDP 85ML for Women and Men | Spicy Woody Oud Leather Perfume,Khaleej Pride,Eau de Parfum,active,0.00,,,1,"arabic, brand-khaleej-pride, catalog, cold-weather, desert-climate, dry-weather, everyday-signature, family-floral-rose, family-oud-woody, family-spicy-oriental, family-woody-aromatic, hot-weather, humid-weather, new-arrival, office-wear, sale, spring-bloom, summer-wear, tropical-climate, unisex, wedding, wedding-formal, winter-holiday"
9383126302974,khaleej-pride-white-sapphire-edp-85ml-for-women-and-men-oriental-woody-oud-perfume,Khaleej Pride White Sapphire EDP 85ML for Women and Men | Oriental Woody Oud Perfume,Khaleej Pride,Eau de Parfum,active,0.00,,,1,"arabic, brand-khaleej-pride, catalog, cold-weather, desert-climate, dry-weather, everyday-signature, family-amber-woody, family-floral-rose, family-oud-woody, family-spicy-oriental, hot-weather, new-arrival, sale, spring-bloom, summer-wear, unisex, wedding, wedding-formal, winter-holiday"
9383145472254,khamrah-qahwa-lattafa-100ml,Khamrah Qahwa Eau de Parfum 100ml | Sweet Coffee Gourmand Perfume,Lattafa,Eau de Parfum,active,0.00,,,1,"arabic, brand-lattafa, catalog, desert-climate, dry-weather, everyday-signature, family-spicy-oriental, family-sweet-gourmand, new-arrival, unisex"
9383127941374,khanjar-eau-de-parfum-100ml-luxury-unisex-oud-perfume-oman-luxury,Khanjar Eau De Parfum 100ML Luxury Unisex Oud Perfume | Oman Luxury,Oman Luxury,Eau de Parfum,active,0.00,,,1,"arabic, brand-oman-luxury, catalog, cold-weather, date-night, desert-climate, dry-weather, everyday-signature, family-oud-woody, family-spicy-oriental, hot-weather, humid-weather, luxury, new-arrival, office-wear, party-clubbing, summer-wear, unisex, wedding, wedding-formal, winter-holiday"
9383146914046,kushad-al-gazal-100ml,Kushad Eau De Parfum 100ml | Spicy Tobacco Woody Perfume,Al Gazal,Eau de Parfum,active,0.00,,,1,"arabic, brand-al-gazal, catalog, cold-weather, desert-climate, dry-weather, everyday-signature, family-floral-rose, family-oud-woody, family-spicy-oriental, family-spicy-woody, family-sweet-gourmand, hot-weather, mens, new-arrival, spring-bloom, summer-wear, wedding, wedding-formal, winter-holiday"
9383140131070,l-homme-prada-edt-100ml,L'Homme Prada EDT 100ml | Floral Powdery Woody Perfume,Prada,Eau de Toilette,active,0.00,,,1,"brand-prada, catalog, desert-climate, dry-weather, family-floral-rose, family-floral-woody, family-fresh-citrus, family-oud-woody, family-spicy-oriental, hot-weather, humid-weather, luxury, mens, new-arrival, office-wear, tropical-climate, wedding"
9383136788734,limperatrice-edt-100ml,L'imperatrice Edt 100ml | Fruity Fresh Floral Perfume,Dolce & Gabbana,Eau de Toilette,active,0.00,,,1,"brand-dolce-gabbana, catalog, date-night, desert-climate, dry-weather, family-floral-rose, family-fruity-fresh, luxury, new-arrival, party-clubbing, wedding, womens"
9383128137982,la-belle-flower-edition-edp-100ml-perfume-for-women-jean-paul-gaultier,La Belle Flower Edition EDP 100ml | Perfume for Women | Jean Paul Gaultier,Jean Paul Gaultier,Eau de Parfum,active,0.00,,,1,"brand-jean-paul-gaultier, catalog, cold-weather, date-night, desert-climate, dry-weather, everyday-signature, family-floral-fruity, family-floral-rose, family-oud-woody, family-sweet-gourmand, hot-weather, luxury, new-arrival, party-clubbing, summer-wear, wedding, wedding-formal, winter-holiday, womens"
9383150682366,la-fleur-bouquet-edp-80ml,La Fleur Bouquet EDP 80ml | Floral Fruity Musky Perfume,Afnan Perfumes,Eau de Parfum,active,0.00,,,1,"arabic, brand-afnan-perfumes, catalog, desert-climate, dry-weather, family-floral-fruity, family-floral-rose, family-fresh-citrus, family-sweet-gourmand, hot-weather, humid-weather, new-arrival, office-wear, tropical-climate, womens"
9383124500734,la-parfum-galleria-cocoa-kiss-edp-100ml-chocolate-coffee-gourmand-perfume,La Parfum Galleria Cocoa Kiss EDP 100ML | Chocolate Coffee Gourmand Perfume,La Parfum Galleria,Eau de Parfum,active,0.00,,,1,"brand-la-parfum-galleria, catalog, cold-weather, dry-weather, family-gourmand, family-sweet-gourmand, new-arrival, sale, unisex, winter-holiday"
9383124664574,la-parfum-galleria-foret-noire-edp-100ml-unisex-gourmand-chocolate-perfume,La Parfum Galleria Forêt Noire EDP 100ML Unisex | Gourmand Chocolate Perfume,La Parfum Galleria,Eau de Parfum,active,0.00,,,1,"brand-la-parfum-galleria, catalog, cold-weather, family-gourmand, family-sweet-gourmand, new-arrival, sale, unisex, winter-holiday"
9383124631806,la-parfum-galleria-pandan-whisper-edp-100ml-unisex-creamy-gourmand-perfume,La Parfum Galleria Pandan Whisper EDP 100ML Unisex | Creamy Gourmand Perfume,La Parfum Galleria,Eau de Parfum,active,0.00,,,1,"brand-la-parfum-galleria, catalog, cold-weather, family-gourmand, family-sweet-gourmand, new-arrival, sale, unisex, winter-holiday"
9383124533502,la-parfum-galleria-princessa-100ml-sweet-royal-fruity-chocolate-delight,La Parfum Galleria Princessa EDP 100ML | Fruity Chocolate Gourmand Perfume,La Parfum Galleria,Eau de Parfum,active,0.00,,,1,"brand-la-parfum-galleria, catalog, cold-weather, dry-weather, family-gourmand, family-sweet-gourmand, new-arrival, sale, unisex, wedding, winter-holiday"
9383124566270,la-parfum-galleria-reve-rose-edp-100ml-fruity-rose-gourmand-perfume,La Parfum Galleria Reve Rose EDP 100ML | Fruity Rose Gourmand Perfume,La Parfum Galleria,Eau de Parfum,active,0.00,,,1,"brand-la-parfum-galleria, catalog, cold-weather, date-night, dry-weather, family-floral, family-spicy-oriental, family-sweet-gourmand, new-arrival, office-wear, party-clubbing, sale, tropical-climate, unisex, vacation-beach, wedding, winter-holiday"
9383124599038,la-parfum-galleria-sweet-cloud-edp-100ml-unisex-milky-candy-gourmand-perfume,La Parfum Galleria Sweet Cloud EDP 100ML Unisex | Milky Candy Gourmand Perfume,La Parfum Galleria,Eau de Parfum,active,0.00,,,1,"beach-vacation, brand-la-parfum-galleria, catalog, cold-weather, dry-weather, family-gourmand, family-sweet-gourmand, new-arrival, sale, unisex, wedding, winter-holiday"
9383150059774,la-rosee-edp-100ml,La Rosee EDP 100ml | Rose Oud Sweet Perfume,Ahmed Al Maghribi,Eau de Parfum,active,0.00,,,1,"arabic, brand-ahmed-al-maghribi, catalog, date-night, desert-climate, dry-weather, family-floral-rose, family-fresh-citrus, family-oud-woody, family-rose-oud, family-spicy-oriental, family-sweet-gourmand, hot-weather, humid-weather, new-arrival, office-wear, party-clubbing, unisex, wedding"
9383153991934,la-yuqawam-ambergris-showers-edp-75ml,La Yuqawam Ambergris Showers EDP 75ml | Green Woody Leather Perfume,Rasasi,Eau de Parfum,active,0.00,,,1,"arabic, brand-rasasi, catalog, desert-climate, dry-weather, family-green-woody, family-oud-woody, family-spicy-oriental, hot-weather, humid-weather, mens, new-arrival, office-wear, wedding"
9383154024702,la-yuqawam-orchid-prairie-edp-75ml,La Yuqawam Orchid Prairie EDP 75ml | Floral Oud Sweet Perfume,Rasasi,Eau de Parfum,active,0.00,,,1,"arabic, brand-rasasi, catalog, date-night, desert-climate, dry-weather, family-floral-oud, family-floral-rose, family-fresh-citrus, family-oud-woody, family-spicy-oriental, family-sweet-gourmand, hot-weather, humid-weather, luxury, new-arrival, office-wear, party-clubbing, wedding, womens"
9383154090238,la-yuqawam-tobacco-blaze-ph-edp-75ml,La Yuqawam Tobacco Blaze PH EDP 75ml | Woody Amber Leather Perfume,Rasasi,Eau de Parfum,active,0.00,,,1,"arabic, brand-rasasi, catalog, date-night, desert-climate, dry-weather, family-oud-woody, family-spicy-oriental, family-woody-amber, hot-weather, humid-weather, mens, new-arrival, office-wear, party-clubbing, wedding"
9383133839614,lady-reef-eau-de-parfum-150ml-for-women,Lady Reef Eau De Parfum 150ml | For Women,Reef,Eau de Parfum,active,0.00,,,1,"brand-reef, catalog, desert-climate, dry-weather, family-floral-rose, family-fresh-citrus, family-fruity-floral, hot-weather, humid-weather, new-arrival, office-wear, spring-bloom, summer-wear, wedding-formal, womens"
9383132365054,lady-white-snake-eau-de-parfum-50ml-by-stephane-humbert-lucas-women-s-perfume,Lady White Snake Eau De Parfum 50ml by Stephane Humbert Lucas | Women’s Perfume,Stephane Humbert Lucas,Eau de Parfum,active,0.00,,,1,"brand-stephane-humbert-lucas, catalog, date-night, desert-climate, dry-weather, everyday-signature, family-floral-musk, family-floral-rose, family-oud-woody, family-spicy-oriental, family-sweet-gourmand, hot-weather, humid-weather, luxury, new-arrival, office-wear, party-clubbing, spring-bloom, summer-wear, wedding, wedding-formal, womens"
9383145079038,lail-maleki-lattafa-100ml,Lail Maleki Eau De Parfum 100ml | Floral Sweet Amber Perfume,Lattafa,Eau de Parfum,active,0.00,,,1,"arabic, brand-lattafa, catalog, date-night, desert-climate, dry-weather, family-floral-rose, family-floral-sweet, family-oud-woody, family-spicy-oriental, family-sweet-gourmand, hot-weather, humid-weather, new-arrival, office-wear, party-clubbing, wedding, womens"
9383121256702,lattafa-eclaire-eau-de-parfum-100ml-for-women,Lattafa Eclaire Eau De Parfum 100ML for Women | Sweet Gourmand Vanilla Perfume,Lattafa,Eau de Parfum,active,0.00,,,1,"arabic, brand-lattafa, catalog, desert-climate, everyday-signature, family-gourmand, family-sweet-gourmand, luxury, new-arrival, sale, womens"
9383119782142,lattafa-eternal-oud-eau-de-parfum-100ml-unisex,Lattafa Eternal Oud Eau De Parfum 100ML Unisex | Oriental Amber Oud Perfume,Lattafa,Eau de Parfum,active,0.00,,,1,"arabic, brand-lattafa, catalog, cold-weather, desert-climate, dry-weather, family-oud, family-oud-woody, family-spicy-oriental, family-sweet-gourmand, luxury, new-arrival, office-wear, unisex, vacation-beach, wedding, wedding-formal, winter-holiday"
9383119094014,lattafa-habik-eau-de-parfum-100ml-for-men-aromatic-woody-amber-perfume,Lattafa Habik Eau De Parfum 100ML for Men | Aromatic Woody Amber Perfume,Lattafa,Eau de Parfum,active,0.00,,,1,"arabic, brand-lattafa, catalog, cold-weather, desert-climate, dry-weather, everyday-signature, family-spicy-oriental, family-sweet-gourmand, family-woody-aromatic, hot-weather, humid-weather, mens, new-arrival, office-wear, summer-wear, tropical-climate, vacation-beach, wedding, wedding-formal, winter-holiday"
9383119126782,lattafa-habik-eau-de-parfum-100ml-for-women-floral-musk-perfume,Lattafa Habik Eau De Parfum 100ML for Women | Floral Musk Perfume,Lattafa,Eau de Parfum,active,0.00,,,1,"arabic, brand-lattafa, catalog, cold-weather, desert-climate, dinner-evening, dry-weather, everyday-signature, family-floral, family-floral-rose, family-spicy-oriental, family-sweet-gourmand, hot-weather, humid-weather, luxury, new-arrival, office-wear, summer-wear, tropical-climate, vacation-beach, wedding, wedding-formal, winter-holiday, womens"
9383138394366,lattafa-khamrah-dukhan-edp-100ml,Lattafa Khamrah Dukhan Edp 100ml | Spicy Smoky Sweet Perfume,Lattafa,Eau de Parfum,active,0.00,,,1,"arabic, brand-lattafa, catalog, desert-climate, family-oud-woody, family-spicy-oriental, family-spicy-smoky, family-sweet-gourmand, new-arrival, office-wear, sale, unisex, vacation-beach, wedding"
9383138361598,lattafa-khamrah-edp-100ml,Lattafa Khamrah Edp 100ml | Sweet Spicy Gourmand Perfume,Lattafa,Eau de Parfum,active,0.00,,,1,"arabic, brand-lattafa, catalog, date-night, desert-climate, family-oud-woody, family-spicy-oriental, family-sweet-gourmand, new-arrival, office-wear, party-clubbing, sale, unisex, vacation-beach, wedding, wedding-formal"
9383138230526,lattafa-pride-art-of-universe-edp-100ml,Lattafa Pride Art of Universe Edp 100ml | Fresh Woody Aromatic Perfume,Lattafa,Eau de Parfum,active,0.00,,,1,"arabic, brand-lattafa, catalog, desert-climate, dry-weather, family-floral-rose, family-fresh-woody, family-spicy-oriental, family-sweet-gourmand, hot-weather, humid-weather, new-arrival, office-wear, sale, unisex, vacation-beach, wedding"
9383138296062,lattafa-qaed-al-fursan-edp-100ml,Lattafa Qaed Al Fursan Edp 100ml | Fruity Woody Oud Perfume,Lattafa,Eau de Parfum,active,0.00,,,1,"arabic, brand-lattafa, catalog, desert-climate, dry-weather, family-fruity-oud, family-oud-woody, family-spicy-oriental, new-arrival, sale, unisex, wedding"
9383144489214,velvet-rose-lattafa-100ml,Lattafa Velvet Rose Eau De Parfum 100ml | Rose Musky Amber Perfume,Lattafa,Eau de Parfum,active,0.00,,,1,"arabic, brand-lattafa, catalog, desert-climate, dry-weather, everyday-signature, family-floral-rose, family-oud-woody, family-rose-amber, family-spicy-oriental, new-arrival, unisex, wedding"
9383144227070,yara-pink-lattafa-100ml,Lattafa Yara Pink Eau De Parfum 100ML for Women | Floral Gourmand Sweet Perfume,Lattafa,Eau de Parfum,active,0.00,,,1,"arabic, brand-lattafa, catalog, desert-climate, dry-weather, everyday-signature, family-floral-gourmand, family-sweet-gourmand, new-arrival, sale, tropical-climate, vacation-beach, wedding, wedding-formal, womens"
9383127351550,laverne-champion-eau-de-parfum-100ml-for-men-long-lasting-daily-perfume,Laverne Champion Eau De Parfum 100ml for Men | Long-Lasting Daily Perfume,Laverne,Eau de Parfum,active,0.00,,,1,"beach-vacation, brand-laverne, catalog, cold-weather, desert-climate, dry-weather, everyday-signature, family-oud-woody, family-spicy-oriental, family-woody-aromatic, gym, hot-weather, humid-weather, mens, new-arrival, office-wear, spring-bloom, summer-wear, wedding, wedding-formal, winter-holiday"
9383446642942,layali-gift-set-ramsons-100ml,Layali Eau De Parfum 100ml + Body Spray Perfume Gift Set,Ramsons,Gift Set,active,0.00,,,1,"brand-ramsons, catalog, date-night, desert-climate, dry-weather, everyday-signature, family-floral-rose, family-set, family-spicy-oriental, gift-set, hot-weather, humid-weather, new-arrival, office-wear, party-clubbing, set, unisex"
9383129514238,parisbelle-lazham-extrait-de-parfum-100ml,"Lazham Extrait De Parfum 100ml | Fruity, Leathery & Oud Long-Lasting Perfume by Parisbelle Perfume",Parisbelle,Extrait de Parfum,active,0.00,,,1,"brand-parisbelle, catalog, cold-weather, desert-climate, dinner-evening, dry-weather, family-fruity-leather, family-oud-woody, hot-weather, humid-weather, new-arrival, office-wear, sale, summer-wear, unisex, wedding, wedding-formal, winter-holiday"
9383128105214,le-beau-flower-edition-perfume-for-men-jean-paul-gaultier,Le Beau Flower Edition Perfume for Men | Jean Paul Gaultier,Jean Paul Gaultier,Eau de Parfum,active,0.00,,,1,"brand-jean-paul-gaultier, catalog, cold-weather, date-night, desert-climate, dry-weather, everyday-signature, family-floral-rose, family-fresh-citrus, family-fresh-woody, family-oud-woody, family-sweet-gourmand, hot-weather, humid-weather, luxury, mens, new-arrival, office-wear, party-clubbing, summer-wear, wedding, wedding-formal, winter-holiday"
9383140425982,le-beau-paradise-garden-edp-100ml,Le Beau Paradise Garden EDP 125ml | Fresh Coconut Woody Perfume,Jean Paul Gaultier,Eau de Parfum,active,0.00,,,1,"beach-vacation, brand-jean-paul-gaultier, catalog, desert-climate, dry-weather, family-fresh-woody, family-oud-woody, family-sweet-gourmand, hot-weather, humid-weather, luxury, mens, new-arrival, office-wear, tropical-climate, vacation-beach, wedding"
9383140393214,le-beau-paradise-garden-edp-75ml,Le Beau Paradise Garden EDP For Men 75ml | Fresh Coconut Woody Perfume,Jean Paul Gaultier,Eau de Parfum,active,0.00,,,1,"beach-vacation, brand-jean-paul-gaultier, catalog, desert-climate, dry-weather, family-fresh-woody, family-oud-woody, family-sweet-gourmand, hot-weather, humid-weather, luxury, mens, new-arrival, office-wear, sale, tropical-climate, vacation-beach, wedding"
9383138754814,le-gemme-falkar-edp-for-men-100ml,Le Gemme Falkar EDP For Men 100ML | Spicy Oud Incense Perfume,Bvlgari,Eau de Parfum,active,0.00,,,1,"brand-bvlgari, catalog, date-night, desert-climate, dry-weather, everyday-signature, family-oud-woody, family-spicy-oriental, family-spicy-woody, luxury, mens, new-arrival, party-clubbing, wedding"
9383138918654,bvlgari-le-gemme-kobraa-for-men-edp-100ml,Le Gemme Kobraa For Men EDP 100ml | Oud Incense Woody Perfume,Bvlgari,Eau de Parfum,active,0.00,,,1,"brand-bvlgari, catalog, desert-climate, dinner-evening, dry-weather, family-oud-woody, family-spicy-oriental, hot-weather, humid-weather, luxury, mens, new-arrival, wedding, wedding-formal"
9383138951422,bvlgari-le-gemme-onekh-for-men-eau-de-parfum-100ml,Le Gemme Onekh For Men Eau De Parfum 100ml | Oud Amber Smoky Perfume,Bvlgari,Eau de Parfum,active,0.00,,,1,"brand-bvlgari, catalog, everyday-signature, family-fresh-citrus, family-oud-amber, hot-weather, humid-weather, luxury, mens, new-arrival, wedding-formal"
9383138885886,bvlgari-le-gemme-tygar-eau-de-parfum-100-ml,Le Gemme Tygar Eau De Parfum 100 ml | Citrus Woody Musky Perfume,Bvlgari,Eau de Parfum,active,0.00,,,1,"beach-vacation, brand-bvlgari, catalog, desert-climate, dry-weather, everyday-signature, family-citrus-woody, family-fresh-citrus, family-oud-woody, hot-weather, humid-weather, luxury, mens, new-arrival, rainy-day, wedding, wedding-formal"
9383134691582,leon-eau-de-parfum-80ml-for-men,Leon Eau De Parfum 80ml | For Men,La Parfum Galleria Exclusif,Eau de Parfum,active,0.00,,,1,"beach-vacation, brand-la-parfum-galleria, catalog, cold-weather, desert-climate, dinner-evening, dry-weather, everyday-signature, family-floral-rose, family-fresh-citrus, family-fresh-woody, family-oud-woody, family-spicy-oriental, family-sweet-gourmand, gym, hot-weather, humid-weather, mens, new-arrival, office-wear, rainy-day, spring-bloom, summer-wear, wedding, wedding-formal, winter-holiday"
9383146848510,life-is-bliss-al-gazal-100ml,Life is Bliss Eau De Parfum 100ml | Fruity Floral Sweet Perfume,Al Gazal,Eau de Parfum,active,0.00,,,1,"arabic, brand-al-gazal, catalog, cold-weather, date-night, everyday-signature, family-floral-rose, family-fruity-floral, family-oud-woody, family-sweet-gourmand, hot-weather, new-arrival, party-clubbing, spring-bloom, summer-wear, wedding, winter-holiday, womens"
9383146455294,life-is-bliss-joyfull-pour-femme-edp-100ml,Life Is Bliss Joyful Pour Femme EDP 100ml | Floral Fruity Sweet Perfume,Marxzelle,Eau de Parfum,active,0.00,,,1,"brand-marxzelle, catalog, cold-weather, everyday-signature, family-floral-fruity, hot-weather, new-arrival, sale, spring-bloom, summer-wear, wedding-formal, winter-holiday, womens"
9383136755966,light-blue-w-edt-100ml,Light Blue W Edt 100ml | Fresh Citrus Woody Perfume,Dolce & Gabbana,Eau de Toilette,active,0.00,,,1,"beach-vacation, brand-dolce-gabbana, catalog, date-night, desert-climate, dry-weather, everyday-signature, family-floral-rose, family-fresh-citrus, family-fresh-woody, family-oud-woody, family-spicy-oriental, gym, hot-weather, humid-weather, luxury, new-arrival, office-wear, party-clubbing, rainy-day, summer-wear, tropical-climate, wedding, womens"
9383151796478,lineage-edp-100ml,Lineage EDP 100ml | Spicy Woody Resinous Perfume,Amouage,Eau de Parfum,active,0.00,,,1,"brand-amouage, catalog, family-oud-woody, family-spicy-oriental, family-spicy-woody, hot-weather, luxury, new-arrival, summer-wear, unisex, wedding"
9383148388606,lion-of-the-arabs-edp-100ml,Lion of the Arabs EDP 100ml | Woody Spicy Amber Perfume,Farzana's Collection,Eau de Parfum,active,0.00,,,1,"arabic, brand-farzana-s-collection, catalog, desert-climate, dry-weather, everyday-signature, family-oud-woody, family-woody-spicy, hot-weather, humid-weather, mens, new-arrival, office-wear, wedding"
9383148781822,liquid-brun-edp-100ml,Liquid Brun EDP 100ml | Spicy Vanilla Woody Perfume,French Avenue,Eau de Parfum,active,0.00,,,1,"brand-french-avenue, catalog, desert-climate, dry-weather, family-oud-woody, family-spicy-oriental, family-spicy-woody, family-sweet-gourmand, hot-weather, humid-weather, luxury, new-arrival, office-wear, unisex, vacation-beach, wedding"
9383141310718,lord-roll-on-6ml-x6-farzanas,Lord 6pcs Roll On 6ml x 6 Attar | Woody Spicy Green Perfume,Shazine,Parfum Oil,active,0.00,,,1,"arabic, brand-shazine, catalog, desert-climate, dinner-evening, dry-weather, family-oud-woody, family-spicy-oriental, family-woody-spicy, hot-weather, humid-weather, mens, new-arrival, office-wear, perfume-oil, travel-friendly, wedding"
9383132102910,love-eau-de-parfum-100ml-by-baboon-collection-kids-perfume,Love Eau De Parfum 100ml by Baboon Collection | Kids Perfume,Baboon Collection,Eau de Parfum,active,0.00,,,1,"brand-baboon-collection, catalog, everyday-signature, family-fresh-citrus, family-sweet-floral, hot-weather, humid-weather, new-arrival, office-wear, sale, spring-bloom, summer-wear, unisex"
9383135117566,love-in-oud-rouge-eau-de-parfum-100ml-unisex-fragrance,Love in Oud Rouge Eau De Parfum 100ml | Unisex Fragrance,La Parfum Galleria,Eau de Parfum,active,0.00,,,1,"brand-la-parfum-galleria, catalog, cold-weather, desert-climate, dry-weather, everyday-signature, family-floral-rose, family-oud-floral, family-oud-woody, family-spicy-oriental, family-sweet-gourmand, hot-weather, luxury, new-arrival, spring-bloom, summer-wear, unisex, wedding, wedding-formal, winter-holiday"
9383148814590,love-is-blissful-edp-100ml,Love Is Blissful EDP 100ml | Floral Sweet Powdery Perfume,The Fragrance Secrets,Eau de Parfum,active,0.00,,,1,"brand-the-fragrance-secrets, catalog, everyday-signature, family-floral-rose, family-floral-sweet, family-sweet-gourmand, luxury, new-arrival, womens"
9383142949118,lovebound-dreams-marxzelle-100ml,Lovebound Dreams Eau De Parfum 100ml | Floral Sweet Gourmand Perfume,Marxzelle,Eau de Parfum,active,0.00,,,1,"brand-marxzelle, catalog, dinner-evening, family-floral-gourmand, family-floral-rose, family-sweet-gourmand, luxury, new-arrival, womens"
9383142883582,lovebound-escape-marxzelle-100ml,Lovebound Escape EDP 100ml | Fruity Floral Perfume,Marxzelle,Eau de Parfum,active,0.00,,,1,"brand-marxzelle, catalog, date-night, everyday-signature, family-floral-rose, family-fruity-floral, hot-weather, luxury, new-arrival, party-clubbing, spring-bloom, summer-wear, womens"
9383129219326,parisbelle-perfumes-lumi-extrait-de-parfum-100ml,Lumi Extrait De Parfum 100ml | Citrusy Spicy Woody by Parisbelle,Parisbelle,Extrait de Parfum,active,0.00,,,1,"brand-parisbelle, catalog, cold-weather, desert-climate, dry-weather, everyday-signature, family-citrus-woody, family-fresh-citrus, family-oud-woody, family-spicy-oriental, hot-weather, humid-weather, luxury, new-arrival, office-wear, sale, summer-wear, unisex, wedding, wedding-formal, winter-holiday"
9383139999998,luna-rossa-carbon-edt-100ml,Luna Rossa Carbon EDT 100ml | Aromatic Fresh Woody Perfume,Prada,Eau de Toilette,active,0.00,,,1,"brand-prada, catalog, everyday-signature, family-aromatic-woody, family-fresh-citrus, family-oud-woody, family-spicy-oriental, hot-weather, humid-weather, mens, new-arrival, office-wear, sale, wedding"
9383446872318,luxury-oud-premium-perfume-bundle-3-bestselling-unisex-fragrances,Luxury Oud Perfume Trio - 3 Bestselling Long-Lasting Fragrances (Unisex),Fragrance Secrets,Gift Set,active,0.00,,,1,"arabic, brand-fragrance-secrets, catalog, date-night, desert-climate, dry-weather, family-floral-rose, family-fresh-citrus, family-oud-woody, family-set, family-spicy-oriental, gift-set, luxury, new-arrival, office-wear, party-clubbing, sale, set, unisex"
9383151894782,lyric-man-edp-100ml,Lyric Man EDP 100ml | Floral Spicy Woody Perfume,Amouage,Eau de Parfum,active,0.00,,,1,"brand-amouage, catalog, desert-climate, dry-weather, family-floral-rose, family-floral-spicy, family-fresh-citrus, family-oud-woody, family-spicy-oriental, hot-weather, humid-weather, luxury, mens, new-arrival, office-wear, wedding"
9383145046270,maani-lattafa-100ml,Ma'ani Eau De Parfum 100ml | Gourmand Woody Nutty Perfume,Lattafa,Eau de Parfum,active,0.00,,,1,"arabic, brand-lattafa, catalog, everyday-signature, family-floral-rose, family-fresh-citrus, family-gourmand-woody, family-oud-woody, family-sweet-gourmand, hot-weather, humid-weather, luxury, new-arrival, office-wear, unisex, vacation-beach, wedding, wedding-formal"
9383150190846,maani-edp-100ml,Ma'ani EDP 100ml | Floral Woody Perfume,Ahmed Al Maghribi,Eau de Parfum,active,0.00,,,1,"arabic, brand-ahmed-al-maghribi, catalog, desert-climate, dry-weather, family-floral-rose, family-floral-woody, family-fresh-citrus, family-oud-woody, family-sweet-gourmand, hot-weather, humid-weather, new-arrival, office-wear, unisex, wedding"
9383145341182,maahir-legacy-lattafa-men-100ml,Maahir Legacy Eau De Parfum 100ml | Fresh Fruity Woody Perfume,Lattafa,Eau de Parfum,active,0.00,,,1,"arabic, brand-lattafa, catalog, everyday-signature, family-floral-rose, family-fresh-citrus, family-fresh-woody, family-spicy-oriental, gym, hot-weather, humid-weather, mens, new-arrival, office-wear, sale, vacation-beach, wedding, wedding-formal"
9383132856574,mad-honey-eau-de-parfum-50ml-by-borntostandout-unisex-perfume,MAD HONEY Eau De Parfum 50ml by Borntostandout | Unisex Perfume,Born To Stand Out,Eau de Parfum,active,0.00,,,1,"brand-born-to-stand-out, catalog, cold-weather, date-night, desert-climate, dry-weather, family-floral-rose, family-oud-woody, family-spicy-oriental, family-sweet-gourmand, hot-weather, luxury, new-arrival, party-clubbing, spring-bloom, summer-wear, unisex, wedding, wedding-formal, winter-holiday"
9383131414782,magical-moment-blush-eau-de-parfum-100ml-for-women,Magical Moment Blush Eau De Parfum 100ml for women | Floral Sweet Perfume,The Fragrance Secrets,Eau de Parfum,active,0.00,,,1,"brand-the-fragrance-secrets, catalog, everyday-signature, family-floral-sweet, new-arrival, womens"
9383149207806,magical-moment-blush-ints-edp-100ml,Magical Moment Blush Intense EDP 100ml | Floral Sweet Jasmine Perfume,The Fragrance Secrets,Eau de Parfum,active,0.00,,,1,"brand-the-fragrance-secrets, catalog, everyday-signature, family-floral-rose, family-floral-sweet, family-sweet-gourmand, luxury, new-arrival, womens"
9383129317630,parisbelle-mahraa-extrait-de-parfum-100ml,Mahraa Extrait De Parfum 100ml | Fruity Spicy Oud by Parisbelle,Parisbelle,Extrait de Parfum,active,0.00,,,1,"brand-parisbelle, catalog, cold-weather, desert-climate, dinner-evening, dry-weather, everyday-signature, family-fruity-oud, family-oud-woody, family-spicy-oriental, hot-weather, humid-weather, luxury, new-arrival, office-wear, sale, summer-wear, unisex, vacation-beach, wedding, wedding-formal, winter-holiday"
9383121617150,maison-alhambra-delilah-blanc-eau-de-parfum-100ml-for-women,Maison Alhambra Delilah Blanc Eau De Parfum 100ML for Women | Floral Fruity Perfume,Maison Alhambra,Eau de Parfum,active,0.00,,,1,"brand-maison-alhambra, catalog, desert-climate, dry-weather, everyday-signature, family-floral, family-floral-rose, family-fresh-citrus, family-sweet-gourmand, hot-weather, humid-weather, new-arrival, office-wear, rainy-day, spring-bloom, summer-wear, vacation-beach, wedding, womens"
9383127056638,maison-asrar-faris-al-arab-eau-de-parfum-100ml-for-men-oriental-woody-fragrance,MAISON ASRAR Faris Al Arab Eau De Parfum 100ML for Men | Oriental Woody Fragrance,Maison Asrar,Eau de Parfum,active,0.00,,,1,"brand-maison-asrar, catalog, cold-weather, desert-climate, dry-weather, everyday-signature, family-amber-woody, family-oud-woody, family-spicy-oriental, family-sweet-gourmand, hot-weather, mens, new-arrival, summer-wear, wedding, wedding-formal, winter-holiday"
9383121748222,maison-asrar-milky-way-eau-de-parfum-100ml-unisex,Maison Asrar Milky Way Eau De Parfum 100ML Unisex | Creamy Vanilla Gourmand Perfume,Maison Asrar,Eau de Parfum,active,0.00,,,1,"brand-maison-asrar, catalog, cold-weather, everyday-signature, family-gourmand, family-spicy-oriental, family-sweet-gourmand, new-arrival, spring-bloom, summer-wear, unisex, wedding, wedding-formal, winter-holiday"
9383124402430,maison-asrar-vanilla-aura-eau-de-parfum-100ml-unisex-sweet-vanilla-gourmand-perfume,Maison Asrar Vanilla Aura Eau De Parfum 100ml Unisex | Sweet Vanilla Gourmand Perfume,Maison Asrar,Eau de Parfum,active,0.00,,,1,"brand-maison-asrar, catalog, cold-weather, dry-weather, everyday-signature, family-gourmand, family-spicy-oriental, family-sweet-gourmand, humid-weather, new-arrival, office-wear, unisex, vacation-beach, wedding, wedding-formal, winter-holiday"
9383127187710,maison-asrar-vision-eau-de-parfum-100ml-citrus-aromatic-unisex-perfume,Maison Asrar Vision Eau De Parfum 100ML | Citrus Aromatic Unisex Perfume,Maison Asrar,Eau de Parfum,active,0.00,,,1,"brand-maison-asrar, catalog, desert-climate, dry-weather, everyday-signature, family-fresh-citrus, family-fresh-woody, family-spicy-oriental, humid-weather, luxury, new-arrival, office-wear, spring-bloom, summer-wear, unisex, vacation-beach, wedding"
9383122469118,maison-crivelli-hibiscus-mahajad-extrait-de-parfum-50ml-unisex-floral-leather-gourmand,Maison Crivelli Hibiscus Mahajad Extrait De Parfum 50ML Unisex | Floral Leather Gourmand,Maison Crivelli,Extrait de Parfum,active,0.00,,,1,"brand-maison-crivelli, catalog, date-night, desert-climate, dry-weather, family-floral-rose, family-fruity-floral, family-oud-woody, family-spicy-oriental, hot-weather, humid-weather, luxury, new-arrival, office-wear, party-clubbing, unisex, vacation-beach, wedding"
9383123648766,marc-antoine-barrois-b683-edp-100ml-for-men-spicy-leather-woody-perfume,Marc-Antoine Barrois B683 EDP 100ML for Men | Spicy Leather Woody Perfume,Marc-Antoine Barrois,Eau de Parfum,active,0.00,,,1,"brand-marc-antoine-barrois, catalog, desert-climate, dry-weather, family-oud-woody, family-spicy-oriental, luxury, mens, new-arrival, wedding, wedding-formal"
9383123615998,marc-antoine-barrois-encelade-edp-100ml-unisex-aromatic-green-woody-perfume,Marc-Antoine Barrois Encelade EDP 100ML Unisex | Aromatic Green Woody Perfume,Marc-Antoine Barrois,Eau de Parfum,active,0.00,,,1,"brand-marc-antoine-barrois, catalog, cold-weather, date-night, desert-climate, dry-weather, everyday-signature, family-fresh-citrus, family-oud-woody, family-spicy-oriental, family-woody-aromatic, hot-weather, humid-weather, luxury, new-arrival, office-wear, party-clubbing, sale, spring-bloom, summer-wear, unisex, wedding, wedding-formal, winter-holiday"
9383123583230,marc-antoine-barrois-encelade-edp-30ml-unisex-aromatic-green-woody-perfume,Marc-Antoine Barrois Encelade EDP 30ml Unisex | Aromatic Green Woody Perfume,Marc-Antoine Barrois,Eau de Parfum,active,0.00,,,1,"brand-marc-antoine-barrois, catalog, cold-weather, date-night, desert-climate, dry-weather, everyday-signature, family-fresh-citrus, family-oud-woody, family-spicy-oriental, family-woody-aromatic, hot-weather, humid-weather, luxury, new-arrival, office-wear, party-clubbing, spring-bloom, summer-wear, unisex, vacation-beach, wedding, wedding-formal, winter-holiday"
9383123550462,marc-antoine-barrois-ganymede-edp-100ml-unisex-woody-spicy-niche-perfume,Marc-Antoine Barrois Ganymede EDP 100ML Unisex | Woody Spicy Niche Perfume,Marc-Antoine Barrois,Eau de Parfum,active,0.00,,,1,"brand-marc-antoine-barrois, catalog, cold-weather, desert-climate, dry-weather, everyday-signature, family-floral-rose, family-fresh-citrus, family-oud-woody, family-spicy-oriental, family-woody-aromatic, hot-weather, humid-weather, luxury, new-arrival, office-wear, sale, spring-bloom, summer-wear, unisex, wedding, wedding-formal, winter-holiday"
9383123517694,marc-antoine-barrois-ganymede-edp-30ml-unisex-woody-spicy-niche-perfume,Marc-Antoine Barrois Ganymede EDP 30ML Unisex | Woody Spicy Niche Perfume,Marc-Antoine Barrois,Eau de Parfum,active,0.00,,,1,"brand-marc-antoine-barrois, catalog, cold-weather, desert-climate, dry-weather, everyday-signature, family-floral-rose, family-fresh-citrus, family-oud-woody, family-spicy-oriental, family-woody-aromatic, hot-weather, humid-weather, luxury, new-arrival, office-wear, sale, spring-bloom, summer-wear, unisex, vacation-beach, wedding, wedding-formal, winter-holiday"
9383123124478,marc-antoine-barrois-ganymede-extrait-50ml-unisex-oriental-spicy-perfume,Marc-Antoine Barrois Ganymede Extrait 50ML Unisex | Oriental Spicy Perfume,Marc-Antoine Barrois,Extrait de Parfum,active,0.00,,,1,"brand-marc-antoine-barrois, catalog, cold-weather, desert-climate, dry-weather, everyday-signature, family-fresh-citrus, family-oud-woody, family-spicy-oriental, family-woody-aromatic, hot-weather, luxury, new-arrival, office-wear, spring-bloom, summer-wear, unisex, vacation-beach, wedding, wedding-formal, winter-holiday"
9383154123006,marha-femme-edp-100ml,Marha Femme EDP 100ml | Fruity Floral Sweet Perfume,Rasasi,Eau de Parfum,active,0.00,,,1,"arabic, brand-rasasi, catalog, date-night, desert-climate, dry-weather, family-floral-rose, family-fruity-floral, hot-weather, new-arrival, party-clubbing, summer-wear, tropical-climate, vacation-beach, womens"
9383154155774,marha-homme-edp-100ml,Marha Homme EDP 100ml | Citrus Aromatic Woody Perfume,Rasasi,Eau de Parfum,active,0.00,,,1,"arabic, brand-rasasi, catalog, date-night, family-citrus-aromatic, family-floral-rose, family-fresh-citrus, family-oud-woody, family-spicy-oriental, hot-weather, humid-weather, mens, new-arrival, office-wear, party-clubbing, wedding"
9383135281406,marine-blue-eau-de-parfum-100ml-for-men,Marine Blue Eau De Parfum 100ml | For Men,La Parfum Galleria,Eau de Parfum,active,0.00,,,1,"beach-vacation, brand-la-parfum-galleria, catalog, cold-weather, desert-climate, dry-weather, everyday-signature, family-fresh-citrus, family-fresh-musk, hot-weather, humid-weather, mens, new-arrival, office-wear, spring-bloom, summer-wear, wedding-formal, winter-holiday"
9383445332222,bakhoor-marj-20-tabs-luxurious-incense-inspired-by-perfume-marj,Marj 20 Tabs Luxurious Incense Inspired Bakhoor Incense Unisex | Oriental House Impression,The Fragrance Secrets,Bakhoor Incense,active,0.00,,,1,"arabic, attar, brand-the-fragrance-secrets, catalog, family-inspired-impression, family-spicy-oriental, inspired, inspired-collection, luxury, unisex"
9383446413566,marj-body-gel-30ml,Marj Body Gel 30ml,Ahmed Al Maghribi,Body Gel,active,0.00,,,1,"arabic, bodygel, brand-ahmed-al-maghribi, catalog, family-bodygel, family-floral-rose, family-spicy-oriental, hot-weather, humid-weather, new-arrival, office-wear, sale, travel-friendly, unisex, vacation-beach"
9383149928702,ahmed-al-maghribi-marj-edp-60ml,Marj EDP 60ml | Oud Citrus Floral Perfume,Ahmed Al Maghribi,Eau de Parfum,active,0.00,,,1,"arabic, brand-ahmed-al-maghribi, catalog, cold-weather, desert-climate, dry-weather, everyday-signature, family-floral-rose, family-oud-citrus, family-oud-woody, family-spicy-oriental, hot-weather, humid-weather, new-arrival, office-wear, spring-bloom, summer-wear, unisex, wedding, winter-holiday"
9383128039678,marshmallow-blush-eau-de-parfum-100ml-perfume-for-women-by-paris-corner,Marshmallow Blush Eau De Parfum 100ML Perfume for Women By Paris Corner | Sweet Fruity Gourmand Perfume,Paris Corner,Eau de Parfum,active,0.00,,,1,"brand-paris-corner, catalog, cold-weather, dry-weather, everyday-signature, family-sweet-gourmand, hot-weather, humid-weather, new-arrival, office-wear, summer-wear, winter-holiday, womens"
9383126368510,marxzelle-solid-black-edp-100ml-for-men-citrus-woody-musky-perfume,Marxzelle Solid Black EDP 100ML for Men | Citrus Woody Musky Perfume,Marxzelle,Eau de Parfum,active,0.00,,,1,"brand-marxzelle, catalog, cold-weather, desert-climate, dry-weather, everyday-signature, family-fresh-woody, family-oud-woody, hot-weather, humid-weather, mens, new-arrival, office-wear, sale, spring-bloom, summer-wear, winter-holiday"
9383145013502,mayar-lattafa-100ml,Mayar Eau De Parfum 100ml | Fruity Floral Musky Perfume,Lattafa,Eau de Parfum,active,0.00,,,1,"arabic, brand-lattafa, catalog, desert-climate, dry-weather, everyday-signature, family-floral-rose, family-fruity-floral, hot-weather, humid-weather, new-arrival, office-wear, womens"
9383133282558,mazoon-eau-de-parfum-100ml-unisex-amber-floral-gourmand-by-rafaan,Mazoon Eau de Parfum 100ml | Unisex Amber Floral Gourmand by Rafaan,Rafaan,Eau de Parfum,active,0.00,,,1,"arabic, brand-rafaan, catalog, date-night, desert-climate, dry-weather, everyday-signature, family-floral-amber, family-floral-rose, family-oud-woody, family-spicy-oriental, hot-weather, luxury, new-arrival, party-clubbing, spring-bloom, summer-wear, unisex, wedding, wedding-formal"
9383445528830,megamare-orto-parisi-ess,Megamare Inspired Perfume Oil Unisex | Aquatic Marine Fragrance,Fragrance Secrets,Perfume Oil,active,0.00,,,1,"brand-fragrance-secrets, catalog, date-night, desert-climate, dry-weather, everyday-signature, family-fresh-citrus, family-oil, family-spicy-oriental, hot-weather, humid-weather, new-arrival, office-wear, oil, party-clubbing, perfume-oil, unisex, wedding-formal"
9383122600190,memo-paris-african-leather-edp-75ml-unisex-leather-oud-spicy-perfume,Memo Paris African Leather EDP 75ML Unisex | Leather Oud Spicy Perfume,Memo Paris,Eau de Parfum,active,0.00,,,1,"arabic, brand-memo-paris, catalog, date-night, desert-climate, dry-weather, family-oud-woody, family-spicy-oriental, luxury, new-arrival, party-clubbing, sale, unisex, wedding"
9383122501886,memo-paris-irish-leather-edp-75ml-unisex-fresh-green-leather-perfume,Memo Paris Irish Leather EDP 75ML Unisex | Fresh Green Leather Perfume,Memo Paris,Eau de Parfum,active,0.00,,,1,"brand-memo-paris, catalog, desert-climate, dry-weather, everyday-signature, family-oud-woody, family-spicy-oriental, family-woody-aromatic, hot-weather, humid-weather, luxury, new-arrival, unisex, wedding, wedding-formal"
9383122534654,memo-paris-oriental-leather-edp-75ml-unisex-spicy-leather-niche-perfume,Memo Paris Oriental Leather EDP 75ML Unisex | Spicy Leather Niche Perfume,Memo Paris,Eau de Parfum,active,0.00,,,1,"brand-memo-paris, catalog, desert-climate, dry-weather, everyday-signature, family-oud-woody, family-spicy-oriental, hot-weather, humid-weather, luxury, new-arrival, unisex, wedding, wedding-formal"
9383151993086,memoir-man-2023-edp-100ml,Memoir Man (2023) EDP 100ml | Aromatic Woody Smoky Perfume,Amouage,Eau de Parfum,active,0.00,,,1,"brand-amouage, catalog, desert-climate, dry-weather, family-aromatic-woody, family-floral-rose, family-fresh-citrus, family-oud-woody, family-spicy-oriental, hot-weather, humid-weather, luxury, mens, new-arrival, wedding"
9383152025854,memoir-w-2023-edp-100ml-spray,Memoir W (2023) EDP 100ml Spray | Chypre Floral Woody Perfume,Amouage,Eau de Parfum,active,0.00,,,1,"brand-amouage, catalog, desert-climate, dry-weather, family-chypre-floral, family-floral-rose, family-fresh-citrus, family-oud-woody, family-spicy-oriental, luxury, new-arrival, wedding, womens"
9383128727806,ibrahim-alqurashi-mexican-tobacco-extrait-de-parfum-100ml-unisex,Mexican Tobacco Extrait De Parfum 100ml Unisex Ibrahim Alqurashi | Tobacco Woody Sweet Perfume,Ibrahim Alqurashi,Extrait de Parfum,active,0.00,,,1,"arabic, brand-ibrahim-alqurashi, catalog, cold-weather, desert-climate, dry-weather, everyday-signature, family-oud-woody, family-spicy-oriental, family-tobacco-woody, hot-weather, luxury, new-arrival, summer-wear, unisex, wedding, winter-holiday"
9383140884734,mi-amor-edp-100ml-by-ar-rahmani,Mi Amor Extrait De Parfum 90ml | Sweet Floral Perfume,AR Rahmani,Extrait de Parfum,active,0.00,,,1,"brand-ar-rahmani, catalog, date-night, everyday-signature, family-floral-rose, family-sweet-floral, family-sweet-gourmand, new-arrival, party-clubbing, wedding-formal, womens"
9383445496062,miracle-plant-deep-sleep-natural-perfume-aromatherapy-spray-for-mature-adults-alcohol-free-sleep-mist,Miracle Plant Deep Sleep Natural Perfume 9ML Aromatherapy Spray for Mature Adults - Alcohol Free Sleep Mist,Miracle Plant,Aromatherapy Mist,active,0.00,,,1,"aromatherapy, brand-miracle-plant, catalog, family-aromatherapy, family-oud-woody, new-arrival, unisex"
9383445594366,miracle-plant-deep-sleep-natural-perfume-9ml-for-kids-aromatherapy-sleep-spray,Miracle Plant Deep Sleep Natural Perfume 9ML for Kids - Aromatherapy Sleep Spray,Miracle Plant,Aromatherapy Mist,active,0.00,,,1,"aromatherapy, brand-miracle-plant, catalog, cold-weather, family-aromatherapy, family-floral-rose, family-fresh-citrus, hot-weather, kids, new-arrival, spring-bloom, summer-wear, winter-holiday"
9383128432894,miss-arrogate-eau-de-parfum-200ml-perfume-for-women-assaf,Miss Arrogate Eau De Parfum 200ml Perfume for Women | Assaf,Assaf,Eau de Parfum,active,0.00,,,1,"arabic, brand-assaf, catalog, cold-weather, everyday-signature, family-floral-rose, family-floral-woody, family-fresh-citrus, hot-weather, humid-weather, luxury, new-arrival, office-wear, sale, summer-wear, wedding-formal, winter-holiday, womens"
9383148880126,miss-melodies-edp-100ml,Miss Melodies EDP 100ml | Floral Rose Perfume,The Fragrance Secrets,Eau de Parfum,active,0.00,,,1,"brand-the-fragrance-secrets, catalog, everyday-signature, family-floral-rose, luxury, new-arrival, womens"
9383135379710,montecarlo-eau-de-parfum-100ml-for-men,MonteCarlo Eau De Parfum 100ml | For Men,La Parfum Galleria,Eau de Parfum,active,0.00,,,1,"brand-la-parfum-galleria, catalog, cold-weather, desert-climate, dinner-evening, dry-weather, everyday-signature, family-aromatic-sweet, family-oud-woody, hot-weather, humid-weather, mens, new-arrival, office-wear, spring-bloom, summer-wear, wedding, wedding-formal, winter-holiday"
9383132528894,mortal-skin-eau-de-parfum-50ml-by-stephane-humbert-lucas-unisex-perfume,Mortal Skin Eau De Parfum 50ml by Stephane Humbert Lucas | Unisex Perfume,Stephane Humbert Lucas,Eau de Parfum,active,0.00,,,1,"brand-stephane-humbert-lucas, catalog, desert-climate, dry-weather, family-floral-rose, family-oud-woody, family-spicy-oriental, family-spicy-woody, luxury, new-arrival, unisex, wedding"
9383146815742,mouser-black-al-gazal-100ml,Mouser Black Eau De Parfum 100ml | Fruity Woody Aromatic Perfume,Al Gazal,Eau de Parfum,active,0.00,,,1,"arabic, brand-al-gazal, catalog, cold-weather, date-night, everyday-signature, family-floral-rose, family-fresh-citrus, family-fruity-woody, family-oud-woody, hot-weather, humid-weather, mens, new-arrival, office-wear, party-clubbing, spring-bloom, summer-wear, wedding, wedding-formal, winter-holiday"
9383119519998,muharib-alpha-le-falcone-perfumes-eau-de-parfum-100ml,Muharib Alpha Le Falconé Perfumes Eau De Parfum 100ml | Aromatic Spicy Gourmand Perfume,The Fragrance Secrets,Eau de Parfum,active,0.00,,,1,"arabic, brand-the-fragrance-secrets, catalog, cold-weather, desert-climate, dry-weather, family-oud-woody, family-spicy-oriental, family-woody-aromatic, hot-weather, humid-weather, new-arrival, office-wear, unisex, wedding, wedding-formal, winter-holiday"
9383141867774,mukhallat-arabi-raees-roll-on-20ml,Mukhallat Arabi Roll On 20ml Attar | Oud Musky Oriental Perfume,Raees,Parfum Oil,active,0.00,,,1,"arabic, brand-raees, catalog, desert-climate, dry-weather, everyday-signature, family-floral-rose, family-oud-musky, family-oud-woody, family-spicy-oriental, luxury, new-arrival, perfume-oil, unisex"
9383145308414,musamam-white-intense-lattafa-100ml,Musamam White Intense Eau De Parfum 100ml | Woody Creamy Spicy Perfume,Lattafa,Eau de Parfum,active,0.00,,,1,"arabic, beach-vacation, brand-lattafa, catalog, date-night, desert-climate, dry-weather, family-floral-rose, family-fresh-citrus, family-oud-woody, family-spicy-oriental, family-woody-creamy, hot-weather, humid-weather, luxury, new-arrival, office-wear, party-clubbing, sale, tropical-climate, unisex, vacation-beach, wedding"
9383139672318,musk-and-roses-edp-50ml,Musk & Roses EDP 50ml | Rose Floral Musky Perfume,Ahmed Al Maghribi,Eau de Parfum,active,0.00,,,1,"arabic, brand-ahmed-al-maghribi, catalog, desert-climate, dinner-evening, dry-weather, family-floral-rose, family-oud-woody, family-rose-floral, family-sweet-gourmand, new-arrival, sale, unisex, wedding"
9383142359294,musk-al-ghazal-roll-on-raees-20ml,Musk Al Ghazal Roll-On 20ml Attar | Musky Powdery Perfume,Raees,Parfum Oil,active,0.00,,,1,"arabic, brand-raees, catalog, desert-climate, dry-weather, everyday-signature, family-floral-rose, family-musky-powdery, new-arrival, perfume-oil, travel-friendly, unisex"
9383138656510,musk-and-leather-edp-100ml,Musk and Leather Edp 100ml | Fruity Leather Sweet Perfume,Ahmed Al Maghribi,Eau de Parfum,active,0.00,,,1,"arabic, brand-ahmed-al-maghribi, catalog, desert-climate, dry-weather, family-fruity-leather, family-oud-woody, family-spicy-oriental, family-sweet-gourmand, hot-weather, humid-weather, new-arrival, office-wear, sale, unisex, wedding"
9383144882430,musk-mood-lattafa-100ml,Musk Mood Eau De Parfum 100ml | Musky Fresh Floral Perfume,Lattafa,Eau de Parfum,active,0.00,,,1,"arabic, brand-lattafa, catalog, desert-climate, dry-weather, everyday-signature, family-floral-rose, family-fresh-citrus, family-musky-fresh, family-oud-woody, family-sweet-gourmand, hot-weather, humid-weather, new-arrival, office-wear, unisex, wedding"
9383147045118,my-way-edp-for-women-90ml,My Way EDP For Women 90ml | Floral White Floral Musk Perfume,Giorgio Armani,Eau de Parfum,active,0.00,,,1,"brand-giorgio-armani, catalog, desert-climate, dry-weather, everyday-signature, family-floral-musk, family-floral-rose, family-fresh-citrus, family-oud-woody, hot-weather, humid-weather, luxury, new-arrival, office-wear, rainy-day, sale, spring-bloom, summer-wear, wedding, womens"
9383154188542,nafaeis-al-shaghaf-ph-edp-100ml,Nafaeis Al Shaghaf PH EDP 100ml | Floral Aldehydic Woody Perfume,Rasasi,Eau de Parfum,active,0.00,,,1,"arabic, brand-rasasi, catalog, desert-climate, dry-weather, family-floral-aldehydic, family-floral-rose, family-fresh-citrus, hot-weather, humid-weather, mens, new-arrival, office-wear, wedding"
9383134363902,najah-pistachio-eau-de-parfum-100ml-for-women,Najah Pistachio Eau De Parfum 100ml | For Women,Rafaan,Eau de Parfum,active,0.00,,,1,"arabic, brand-rafaan, catalog, cold-weather, dinner-evening, everyday-signature, family-sweet-gourmand, new-arrival, office-wear, spring-bloom, summer-wear, wedding-formal, winter-holiday, womens"
9383129284862,parisbelle-najrah-extrait-de-parfum-100ml,Najrah Extrait De Parfum 100ml | Floral Spicy Woody by Parisbelle,Parisbelle,Extrait de Parfum,active,0.00,,,1,"brand-parisbelle, catalog, cold-weather, desert-climate, dinner-evening, dry-weather, everyday-signature, family-floral-woody, family-oud-woody, family-spicy-oriental, family-sweet-gourmand, hot-weather, luxury, new-arrival, sale, summer-wear, unisex, wedding, wedding-formal, winter-holiday"
9383132823806,naked-laundry-eau-de-parfum-50ml-by-borntostandout-unisex-perfume,Naked Laundry Eau De Parfum 50ml by Borntostandout | Unisex Perfume,Born To Stand Out,Eau de Parfum,active,0.00,,,1,"brand-born-to-stand-out, catalog, date-night, desert-climate, dry-weather, everyday-signature, family-clean-musk, family-spicy-oriental, hot-weather, humid-weather, luxury, new-arrival, office-wear, party-clubbing, spring-bloom, summer-wear, unisex, vacation-beach, wedding-formal"
9383123976446,niche-profumo-awaken-extrait-de-parfum-100ml-unisex-citrus-spicy-perfume,Niche Profumo Awaken Extrait De Parfum 100ML Unisex | Citrus Spicy Perfume,Niche Profumo,Extrait de Parfum,active,0.00,,,1,"brand-niche-profumo, catalog, desert-climate, dry-weather, family-fresh-woody, family-oud-woody, family-spicy-oriental, hot-weather, humid-weather, new-arrival, office-wear, sale, unisex, wedding"
9383123845374,niche-profumo-celestial-extrait-de-parfum-100ml-unisex-floral-fruity-perfume,Niche Profumo Celestial Extrait De Parfum 100ML Unisex | Floral Fruity Perfume,Niche Profumo,Extrait de Parfum,active,0.00,,,1,"beach-vacation, brand-niche-profumo, catalog, desert-climate, dry-weather, family-floral, family-floral-rose, family-oud-woody, family-spicy-oriental, hot-weather, humid-weather, new-arrival, office-wear, sale, unisex, wedding"
9383123878142,niche-profumo-divine-extrait-de-parfum-100ml-unisex-aromatic-woody-perfume,Niche Profumo Divine Extrait De Parfum 100ML Unisex | Aromatic Woody Perfume,Niche Profumo,Extrait de Parfum,active,0.00,,,1,"brand-niche-profumo, catalog, desert-climate, dry-weather, family-floral-rose, family-oud-woody, family-spicy-oriental, family-woody-aromatic, hot-weather, humid-weather, new-arrival, office-wear, sale, unisex, wedding"
9383123943678,niche-profumo-eau-de-bouquet-extrait-100ml-unisex-floral-gourmand-perfume,Niche Profumo Eau De Bouquet Extrait 100ML Unisex | Floral Gourmand Perfume,Niche Profumo,Extrait de Parfum,active,0.00,,,1,"brand-niche-profumo, catalog, desert-climate, dry-weather, family-floral, family-floral-rose, family-oud-woody, family-spicy-oriental, hot-weather, humid-weather, new-arrival, office-wear, sale, unisex, wedding"
9383123910910,niche-profumo-ignite-extrait-de-parfum-100ml-unisex-floral-fruity-perfume,Niche Profumo Ignite Extrait De Parfum 100ML Unisex | Floral Fruity Perfume,Niche Profumo,Extrait de Parfum,active,0.00,,,1,"brand-niche-profumo, catalog, desert-climate, dry-weather, family-floral, family-floral-rose, family-oud-woody, family-spicy-oriental, hot-weather, humid-weather, new-arrival, office-wear, sale, unisex, wedding"
9383124041982,niche-profumo-oud-grandeur-extrait-de-parfum-100ml-unisex-oud-leather-perfume,Niche Profumo Oud Grandeur Extrait De Parfum 100ML Unisex | Oud Leather Perfume,Niche Profumo,Extrait de Parfum,active,0.00,,,1,"brand-niche-profumo, catalog, desert-climate, dry-weather, family-amber-woody, family-floral-rose, family-oud-woody, family-spicy-oriental, hot-weather, humid-weather, new-arrival, office-wear, sale, unisex, wedding"
9383132168446,niswah-extrait-de-parfum-75ml-by-ahmed-al-maghribi-for-women,Niswah Extrait de Parfum 75ml by Ahmed Al Maghribi | For Women,Ahmed Al Maghribi,Extrait de Parfum,active,0.00,,,1,"arabic, beach-vacation, brand-ahmed-al-maghribi, catalog, cold-weather, desert-climate, dry-weather, family-floral-rose, family-fruity-gourmand, family-oud-woody, family-spicy-oriental, family-sweet-gourmand, hot-weather, new-arrival, office-wear, sale, spring-bloom, summer-wear, vacation-beach, wedding, wedding-formal, winter-holiday, womens"
9383123190014,nobile-1942-cafe-chantant-edp-75ml-unisex-floral-gourmand-perfume,Nobile 1942 Café Chantant EDP 75ML Unisex | Floral Gourmand Perfume,Nobile 1942,Eau de Parfum,active,0.00,,,1,"brand-nobile-1942, catalog, cold-weather, desert-climate, dry-weather, family-gourmand, family-oud-woody, family-sweet-gourmand, luxury, new-arrival, unisex, wedding, wedding-formal, winter-holiday"
9383131119870,noir-parfum-150ml,Noir Parfum 150ml | Fruity Leather Woody Perfume,Al Majed Oud,Eau de Parfum,active,0.00,,,1,"arabic, brand-al-majed-oud, catalog, cold-weather, desert-climate, dry-weather, family-floral-rose, family-fruity-leather, family-oud-woody, family-spicy-oriental, new-arrival, unisex, wedding, wedding-formal, winter-holiday"
9383128236286,nomade-eau-de-parfum-200ml-unisex-perfume-assaf,Nomade Eau De Parfum 200ml | Unisex Perfume | Assaf,Assaf,Eau de Parfum,active,0.00,,,1,"arabic, brand-assaf, catalog, cold-weather, desert-climate, dinner-evening, dry-weather, everyday-signature, family-oud-woody, family-spicy-oriental, family-woody-smoky, hot-weather, luxury, new-arrival, sale, summer-wear, unisex, wedding, wedding-formal, winter-holiday"
9383128203518,nova-eclor-eau-de-parfum-80ml-unisex-perfume-hevora,Nova Eclor Eau De Parfum 80ml | Unisex Perfume | Hevora,Hevora,Eau de Parfum,active,0.00,,,1,"brand-hevora, catalog, cold-weather, desert-climate, dinner-evening, dry-weather, everyday-signature, family-floral-rose, family-fresh-citrus, family-fruity-gourmand, family-sweet-gourmand, hot-weather, humid-weather, new-arrival, office-wear, summer-wear, tropical-climate, unisex, vacation-beach, wedding, wedding-formal, winter-holiday"
9383132791038,nuts-eau-de-parfum-50ml-by-borntostandout-unisex-perfume,Nuts Eau De Parfum 50ml by Borntostandout | Unisex Perfume,Born To Stand Out,Eau de Parfum,active,0.00,,,1,"brand-born-to-stand-out, catalog, cold-weather, desert-climate, dry-weather, family-oud-woody, family-spicy-oriental, family-sweet-gourmand, hot-weather, luxury, new-arrival, spring-bloom, summer-wear, unisex, wedding, wedding-formal, winter-holiday"
9383133577470,obaiah-arabs-eau-de-parfum-100ml-unisex-fragrance,Obaiah Arabs Eau De Parfum 100ml | Unisex Fragrance,Reef,Eau de Parfum,active,0.00,,,1,"brand-reef, catalog, desert-climate, dry-weather, family-fresh-citrus, family-fruity-oud, family-oud-woody, family-spicy-oriental, hot-weather, humid-weather, luxury, new-arrival, office-wear, spring-bloom, summer-wear, tropical-climate, unisex, wedding, wedding-formal"
9383129153790,parisbelle-perfumes-obsedian-extrait-de-parfum-100ml,Obsedian Extrait De Parfum 100ml | Spicy Woody by Parisbelle,Parisbelle,Extrait de Parfum,active,0.00,,,1,"brand-parisbelle, catalog, cold-weather, desert-climate, dinner-evening, dry-weather, everyday-signature, family-oud-woody, family-spicy-oriental, family-woody-oud, hot-weather, luxury, new-arrival, office-wear, sale, summer-wear, unisex, wedding, wedding-formal, winter-holiday"
9383140360446,odyssey-dubai-chocolat-edp-100ml,Odyssey Dubai Chocolat EDP 100ml | Sweet Gourmand Coffee Perfume,Armaf,Eau de Parfum,active,0.00,,,1,"brand-armaf, catalog, desert-climate, dinner-evening, dry-weather, family-oud-woody, family-spicy-oriental, luxury, new-arrival, unisex, wedding, wedding-formal"
9383129350398,parisbelle-perfumes-ombrelle-100ml,Ombrelle Extrait De Parfum 100ml | Elegant Floral Oud Perfume by Parisbelle,Parisbelle,Extrait de Parfum,active,0.00,,,1,"arabic, brand-parisbelle, catalog, cold-weather, desert-climate, dinner-evening, dry-weather, everyday-signature, family-floral-rose, family-oud-floral, family-oud-woody, family-spicy-oriental, hot-weather, luxury, new-arrival, office-wear, sale, summer-wear, unisex, wedding, wedding-formal, winter-holiday"
9383134527742,ombria-de-intenso-eau-de-parfum-100ml-unisex-fragrance,Ombria De Intenso Eau De Parfum 100ml | Unisex Fragrance,La Parfum Galleria,Eau de Parfum,active,0.00,,,1,"beach-vacation, brand-la-parfum-galleria, catalog, cold-weather, desert-climate, dry-weather, everyday-signature, family-oud-woody, family-spicy-oriental, hot-weather, new-arrival, spring-bloom, summer-wear, unisex, wedding, wedding-formal, winter-holiday"
9383146488062,only-one-pour-homme-edp-100ml,Only One Pour Homme EDP 100ml | Woody Aromatic Fresh Perfume,Marxzelle,Eau de Parfum,active,0.00,,,1,"brand-marxzelle, catalog, cold-weather, everyday-signature, family-woody-aromatic, hot-weather, mens, new-arrival, sale, spring-bloom, summer-wear, winter-holiday"
9383133315326,opus-eau-de-parfum-80ml-unisex-luxury-fragrance-by-la-parfum-galleria-exclusifv,Opus Eau de Parfum 80ml | Unisex Luxury Fragrance by La Parfum Galleria Exclusif,La Parfum Galleria Exclusif,Eau de Parfum,active,0.00,,,1,"brand-la-parfum-galleria, catalog, cold-weather, desert-climate, dry-weather, family-floral-rose, family-oud-woody, family-spicy-oriental, family-spicy-woody, hot-weather, luxury, new-arrival, office-wear, spring-bloom, summer-wear, unisex, wedding, wedding-formal, winter-holiday"
9383152058622,opus-v-woods-symphony-edp-100ml-spray,Opus V Woods Symphony EDP 100ml | Floral Woody Perfume,Amouage,Eau de Parfum,active,0.00,,,1,"brand-amouage, catalog, desert-climate, dry-weather, family-floral-rose, family-floral-woody, family-oud-woody, luxury, new-arrival, unisex, wedding"
9383138820350,amouage-opus-vii-reckless-leather-perfume-for-unisex-edp-100ml,Opus VII Reckless Leather EDP 100ml | Leather Oud Spicy Perfume,Amouage,Eau de Parfum,active,0.00,,,1,"brand-amouage, catalog, desert-climate, dry-weather, family-leather-oud, family-oud-woody, family-spicy-oriental, luxury, new-arrival, unisex, wedding"
9383152156926,opus-xii-rose-incense-edp-100ml-spray,Opus XII Rose Incense EDP 100ml | Rose Incense Woody Perfume,Amouage,Eau de Parfum,active,0.00,,,1,"brand-amouage, catalog, desert-climate, dry-weather, family-oud-woody, family-rose-incense, family-spicy-oriental, hot-weather, humid-weather, luxury, new-arrival, office-wear, unisex, wedding"
9383152091390,opus-xiii-silver-oud-edp-100ml,Opus XIII Silver Oud EDP 100ml | Woody Oud Amber Perfume,Amouage,Eau de Parfum,active,0.00,,,1,"brand-amouage, catalog, desert-climate, dry-weather, family-oud-woody, family-spicy-oriental, family-woody-oud, luxury, new-arrival, unisex, wedding"
9383152189694,opus-xiv-royal-tobacco-2023-edp-100ml,Opus XIV Royal Tobacco (2023) EDP 100ml | Tobacco Spicy Woody Perfume,Amouage,Eau de Parfum,active,0.00,,,1,"brand-amouage, catalog, desert-climate, dry-weather, family-oud-woody, family-spicy-oriental, family-tobacco-spicy, hot-weather, humid-weather, luxury, new-arrival, office-wear, unisex, wedding"
9383152222462,opus-xv-king-blue-2023-edp-100ml,Opus XV King Blue (2023) EDP 100ml | Woody Oud Amber Perfume,Amouage,Eau de Parfum,active,0.00,,,1,"brand-amouage, catalog, desert-climate, dry-weather, family-oud-woody, family-spicy-oriental, family-woody-oud, luxury, new-arrival, office-wear, unisex, wedding"
9383123812606,orchid-black-white-collection-element-no-06-edp-100ml-unisex-perfume,Orchid Black & White Collection Element No.06 EDP 100ML Unisex Perfume | Woody Aromatic Musk Perfume,Orchid,Eau de Parfum,active,0.00,,,1,"brand-orchid, catalog, everyday-signature, family-woody-aromatic, luxury, new-arrival, sale, unisex, wedding-formal"
9383123747070,orchid-black-white-collection-element-no-09-edp-100ml-unisex-perfume,Orchid Black & White Collection Element No.09 EDP 100ML Unisex Perfume | Woody Spicy Musk Perfume,Orchid,Eau de Parfum,active,0.00,,,1,"brand-orchid, catalog, date-night, desert-climate, dinner-evening, dry-weather, everyday-signature, family-floral-rose, family-fresh-citrus, family-oud-woody, family-woody-aromatic, hot-weather, humid-weather, new-arrival, office-wear, party-clubbing, sale, unisex, wedding"
9383129841918,orchid-glorious-eau-de-parfum-100ml-unisex-luxury-perfume,Orchid Glorious Eau De Parfum 100ml | Unisex Luxury Perfume,Orchid,Eau de Parfum,active,0.00,,,1,"brand-orchid, catalog, desert-climate, dry-weather, everyday-signature, family-floral-rose, family-fruity-floral, family-oud-woody, hot-weather, luxury, new-arrival, sale, spring-bloom, summer-wear, unisex, wedding, wedding-formal"
9383130693886,orchid-heritage-pour-homme-eau-de-parfum-100ml-luxury-men-s-perfume,Orchid Heritage Pour Homme Eau De Parfum 100ml | Luxury Men’s Perfume,Orchid,Eau de Parfum,active,0.00,,,1,"brand-orchid, catalog, everyday-signature, family-woody-aromatic, hot-weather, luxury, mens, new-arrival, sale, spring-bloom, summer-wear, wedding-formal"
9383130628350,orchid-immortals-eau-de-parfum-100ml-spray-unisex-amber-woody-perfume,Orchid Immortals Eau de Parfum 100ml Spray | Unisex Amber Woody Perfume,Orchid,Eau de Parfum,active,0.00,,,1,"brand-orchid, catalog, date-night, desert-climate, dinner-evening, dry-weather, everyday-signature, family-oud-woody, family-spicy-oriental, hot-weather, new-arrival, office-wear, party-clubbing, sale, spring-bloom, summer-wear, unisex, wedding, wedding-formal"
9383130562814,orchid-magnificent-night-eau-de-parfum-100ml-luxury-unisex-perfume,Orchid Magnificent Night Eau De Parfum 100ml | Luxury Unisex Perfume,Orchid,Eau de Parfum,active,0.00,,,1,"brand-orchid, catalog, dinner-evening, everyday-signature, family-warm-woody, hot-weather, luxury, new-arrival, sale, spring-bloom, summer-wear, unisex, wedding-formal"
9383130530046,orchid-oceania-aqua-the-collection-eau-de-parfum-100ml-unisex-luxury-perfume,Orchid Oceania Aqua The Collection Eau De Parfum 100ml | Unisex Luxury Perfume,Orchid,Eau de Parfum,active,0.00,,,1,"beach-vacation, brand-orchid, catalog, everyday-signature, family-fresh-aquatic, family-fresh-citrus, gym, hot-weather, humid-weather, luxury, new-arrival, office-wear, rainy-day, sale, spring-bloom, summer-wear, unisex, wedding-formal"
9383130497278,orchid-opulent-eau-de-parfum-100ml-spray-luxury-unisex-perfume,Orchid Opulent Eau De Parfum 100ml Spray | Luxury Unisex Perfume,Orchid,Eau de Parfum,active,0.00,,,1,"brand-orchid, catalog, everyday-signature, family-aromatic-woody, gym, hot-weather, luxury, new-arrival, sale, spring-bloom, summer-wear, unisex, wedding-formal"
9383130333438,orchid-revolt-eau-de-parfum-100ml-luxury-unisex-perfume,Orchid Revolt Eau De Parfum 100ml | Luxury Unisex Perfume,Orchid,Eau de Parfum,active,0.00,,,1,"brand-orchid, catalog, desert-climate, dry-weather, everyday-signature, family-floral-woody, family-fresh-citrus, family-oud-woody, hot-weather, humid-weather, luxury, new-arrival, office-wear, sale, spring-bloom, summer-wear, unisex, wedding, wedding-formal"
9383130300670,orchid-rubinia-eau-de-parfum-100ml-luxury-unisex-perfume,Orchid Rubinia Eau De Parfum 100ml | Luxury Unisex Perfume,Orchid,Eau de Parfum,active,0.00,,,1,"brand-orchid, catalog, everyday-signature, family-floral-rose, family-floral-woody, hot-weather, luxury, new-arrival, sale, spring-bloom, summer-wear, unisex, wedding-formal"
9383130136830,orchid-serenity-pour-femme-eau-de-parfum-100ml-luxury-women-s-perfume,Orchid Serenity Pour Femme Eau de Parfum 100ml | Luxury Women’s Perfume,Orchid,Eau de Parfum,active,0.00,,,1,"brand-orchid, catalog, everyday-signature, family-floral-fresh, family-floral-rose, gym, hot-weather, luxury, new-arrival, sale, spring-bloom, summer-wear, wedding-formal, womens"
9383130431742,orchid-signature-charonne-eau-de-parfum-100ml-luxury-unisex-perfume,Orchid Signature Charonne Eau De Parfum 100ml | Luxury Unisex Perfume,Orchid,Eau de Parfum,active,0.00,,,1,"brand-orchid, catalog, everyday-signature, family-floral-aromatic, family-floral-rose, hot-weather, luxury, new-arrival, sale, spring-bloom, summer-wear, unisex, wedding-formal"
9383130464510,orchid-signature-collection-chaillot-eau-de-parfum-100ml-luxury-unisex-perfume,Orchid Signature Collection Chaillot Eau De Parfum 100ml | Luxury Unisex Perfume,Orchid,Eau de Parfum,active,0.00,,,1,"brand-orchid, catalog, everyday-signature, family-aromatic-woody, hot-weather, luxury, new-arrival, sale, spring-bloom, summer-wear, unisex, wedding-formal"
9383130398974,orchid-signature-montparnasse-eau-de-parfum-100ml-luxury-unisex-perfume,Orchid Signature Montparnasse Eau De Parfum 100ml | Luxury Unisex Perfume,Orchid,Eau de Parfum,active,0.00,,,1,"brand-orchid, catalog, everyday-signature, family-aromatic-woody, family-fresh-citrus, hot-weather, humid-weather, luxury, new-arrival, office-wear, sale, spring-bloom, summer-wear, unisex, wedding-formal"
9383130366206,orchid-signature-pantheon-eau-de-parfum-100ml-luxury-unisex-perfume,Orchid Signature Pantheon Eau De Parfum 100ml | Luxury Unisex Perfume,Orchid,Eau de Parfum,active,0.00,,,1,"brand-orchid, catalog, dinner-evening, everyday-signature, family-aromatic-woody, hot-weather, luxury, new-arrival, sale, spring-bloom, summer-wear, unisex, wedding-formal"
9383130104062,orchid-sostice-eau-de-parfum-100ml-luxury-unisex-perfume,Orchid Sostice Eau De Parfum 100ml | Luxury Unisex Perfume,Orchid,Eau de Parfum,active,0.00,,,1,"brand-orchid, catalog, desert-climate, dry-weather, everyday-signature, family-fresh-citrus, family-oud-woody, family-spicy-oriental, family-woody-oud, gym, hot-weather, humid-weather, luxury, new-arrival, office-wear, sale, spring-bloom, summer-wear, unisex, wedding, wedding-formal"
9383130071294,orchid-sunset-time-the-collection-eau-de-parfum-100ml-unisex-luxury-perfume,Orchid Sunset Time The Collection Eau De Parfum 100ml | Unisex Luxury Perfume,Orchid,Eau de Parfum,active,0.00,,,1,"beach-vacation, brand-orchid, catalog, everyday-signature, family-fresh-citrus, family-warm-woody, gym, hot-weather, humid-weather, luxury, new-arrival, office-wear, sale, spring-bloom, summer-wear, unisex, wedding-formal"
9383130267902,orchid-the-fusion-scentology-aperol-apritz-eau-de-parfum-100ml-unisex-luxury-perfume,Orchid The Fusion Scentology Aperol Apritz Eau De Parfum 100ml | Unisex Luxury Perfume,Orchid,Eau de Parfum,active,0.00,,,1,"brand-orchid, catalog, everyday-signature, family-citrus-fresh, family-fresh-citrus, hot-weather, humid-weather, luxury, new-arrival, office-wear, spring-bloom, summer-wear, unisex, wedding-formal"
9383130235134,orchid-the-fusion-scentology-cosmopolitan-eau-de-parfum-100ml-unisex-luxury-perfume,Orchid The Fusion Scentology Cosmopolitan Eau De Parfum 100ml | Unisex Luxury Perfume,Orchid,Eau de Parfum,active,0.00,,,1,"brand-orchid, catalog, everyday-signature, family-fruity-fresh, hot-weather, luxury, new-arrival, sale, spring-bloom, summer-wear, unisex, wedding-formal"
9383130202366,orchid-the-fusion-scentology-margarita-eau-de-parfum-100ml-unisex-luxury-perfume,Orchid The Fusion Scentology Margarita Eau De Parfum 100ml | Unisex Luxury Perfume,Orchid,Eau de Parfum,active,0.00,,,1,"brand-orchid, catalog, everyday-signature, family-citrus-fresh, family-fresh-citrus, hot-weather, humid-weather, luxury, new-arrival, office-wear, sale, spring-bloom, summer-wear, unisex, wedding-formal"
9383130169598,orchid-the-fusion-scentology-pina-colada-eau-de-parfum-100ml-unisex-luxury-perfume,Orchid The Fusion Scentology Pina Colada Eau De Parfum 100ml | Unisex Luxury Perfume,Orchid,Eau de Parfum,active,0.00,,,1,"beach-vacation, brand-orchid, catalog, dinner-evening, everyday-signature, family-fruity-sweet, family-sweet-gourmand, gym, hot-weather, humid-weather, luxury, new-arrival, office-wear, sale, spring-bloom, summer-wear, tropical-climate, unisex, vacation-beach, wedding-formal"
9383130038526,orchid-treasure-pour-homme-eau-de-parfum-100ml-luxury-perfume-for-men,Orchid Treasure Pour Homme Eau De Parfum 100ml | Luxury Perfume for Men,Orchid,Eau de Parfum,active,0.00,,,1,"brand-orchid, catalog, date-night, everyday-signature, family-fresh-citrus, family-fresh-woody, hot-weather, humid-weather, luxury, mens, new-arrival, office-wear, party-clubbing, sale, spring-bloom, summer-wear, wedding-formal"
9383129809150,orchid-true-color-wisteria-eau-de-parfum-100ml-perfume-for-women,Orchid True Color Wisteria Eau De Parfum 100ml | Perfume for Women,Orchid,Eau de Parfum,active,0.00,,,1,"brand-orchid, catalog, everyday-signature, family-floral-fresh, family-floral-rose, family-fresh-citrus, gym, hot-weather, humid-weather, new-arrival, office-wear, sale, spring-bloom, summer-wear, wedding-formal, womens"
9383129776382,orchid-true-color-woodbine-eau-de-parfum-100ml-perfume-for-men,Orchid True Color Woodbine Eau De Parfum 100ml | Perfume for Men,Orchid,Eau de Parfum,active,0.00,,,1,"brand-orchid, catalog, everyday-signature, family-oud-woody, family-woody-aromatic, hot-weather, luxury, mens, new-arrival, sale, spring-bloom, summer-wear, wedding, wedding-formal"
9383129743614,orchid-true-color-xanadu-eau-de-parfum-100ml-perfume-for-men,Orchid True Color Xanadu Eau De Parfum 100ml | Perfume for Men,Orchid,Eau de Parfum,active,0.00,,,1,"brand-orchid, catalog, everyday-signature, family-fresh-aromatic, family-fresh-citrus, gym, hot-weather, humid-weather, luxury, mens, new-arrival, office-wear, sale, spring-bloom, summer-wear, wedding-formal"
9383130005758,orchid-victorious-pour-femme-eau-de-parfum-100ml-luxury-perfume-for-women,Orchid Victorious Pour Femme Eau De Parfum 100ml | Luxury Perfume for Women,Orchid,Eau de Parfum,active,0.00,,,1,"brand-orchid, catalog, dinner-evening, everyday-signature, family-floral-fresh, family-floral-rose, family-fresh-citrus, gym, hot-weather, humid-weather, luxury, new-arrival, office-wear, party-clubbing, spring-bloom, summer-wear, tropical-climate, wedding-formal, womens"
9383129972990,orchid-victorious-pour-homme-eau-de-parfum-100ml-luxury-perfume-for-men,Orchid Victorious Pour Homme Eau De Parfum 100ml | Luxury Perfume for Men,Orchid,Eau de Parfum,active,0.00,,,1,"brand-orchid, catalog, dinner-evening, everyday-signature, family-woody-aromatic, hot-weather, luxury, mens, new-arrival, sale, spring-bloom, summer-wear, wedding-formal"
9383129940222,orchid-vigilance-pour-femme-eau-de-parfum-100ml-luxury-perfume-for-women,Orchid Vigilance Pour Femme Eau De Parfum 100ml | Luxury Perfume for Women,Orchid,Eau de Parfum,active,0.00,,,1,"brand-orchid, catalog, desert-climate, dinner-evening, dry-weather, everyday-signature, family-floral-rose, family-floral-woody, family-fresh-citrus, family-spicy-oriental, gym, hot-weather, humid-weather, luxury, new-arrival, office-wear, rainy-day, sale, spring-bloom, summer-wear, tropical-climate, wedding, wedding-formal, womens"
9383129907454,orchid-vigilance-pour-homme-eau-de-parfum-100ml-luxury-perfume-for-men,Orchid Vigilance Pour Homme Eau De Parfum 100ml | Luxury Perfume for Men,Orchid,Eau de Parfum,active,0.00,,,1,"brand-orchid, catalog, desert-climate, dinner-evening, dry-weather, everyday-signature, family-floral-rose, family-fresh-citrus, family-fresh-woody, family-spicy-oriental, gym, hot-weather, humid-weather, luxury, mens, new-arrival, office-wear, rainy-day, sale, spring-bloom, summer-wear, tropical-climate, wedding, wedding-formal"
9383129874686,orchid-vivid-eau-de-parfum-100ml-unisex-luxury-perfume,Orchid Vivid Eau De Parfum 100ml | Unisex Luxury Perfume,Orchid,Eau de Parfum,active,0.00,,,1,"brand-orchid, catalog, desert-climate, dinner-evening, dry-weather, everyday-signature, family-floral-rose, family-fresh-citrus, family-fresh-fruity, family-oud-woody, family-sweet-gourmand, gym, hot-weather, humid-weather, luxury, new-arrival, office-wear, rainy-day, sale, spring-bloom, summer-wear, tropical-climate, unisex, wedding, wedding-formal"
9383135346942,orion-eau-de-parfum-100ml-for-men,Orion Eau De Parfum 100ml | For Men,La Parfum Galleria,Eau de Parfum,active,0.00,,,1,"brand-la-parfum-galleria, catalog, cold-weather, desert-climate, dry-weather, everyday-signature, family-floral-rose, family-fresh-citrus, family-fresh-woody, family-oud-woody, family-spicy-oriental, gym, hot-weather, humid-weather, mens, new-arrival, office-wear, spring-bloom, summer-wear, wedding, wedding-formal, winter-holiday"
9383123058942,ormonde-jayne-ormonde-woman-edp-120ml-for-women-chypre-woody-perfume,Ormonde Jayne Ormonde Woman EDP 120ML for Women | Chypre Woody Perfume,Ormonde Jayne,Eau de Parfum,active,0.00,,,1,"brand-ormonde-jayne, catalog, cold-weather, desert-climate, dry-weather, everyday-signature, family-floral-rose, family-fresh-citrus, family-oud-woody, family-spicy-oriental, family-woody-aromatic, hot-weather, humid-weather, luxury, new-arrival, office-wear, wedding, wedding-formal, winter-holiday, womens"
9383446380798,oud-roses-body-gel-30ml,Oud & Roses Body Gel 30ml,Ahmed Al Maghribi,Body Gel,active,0.00,,,1,"arabic, bodygel, brand-ahmed-al-maghribi, catalog, cold-weather, date-night, desert-climate, dry-weather, everyday-signature, family-bodygel, family-floral-rose, family-oud-woody, hot-weather, luxury, new-arrival, party-clubbing, spring-bloom, summer-wear, unisex, wedding, winter-holiday"
9370245267710,oud-roses-edp,Oud & Roses EDP,Fragrance Secrets,Eau de Parfum,archived,79.00,120.00,,1,"brand-fragrance-secrets, own-brand, seed, women, womens"
9383149961470,oud-roses-edp-60ml,Oud & Roses EDP 60ml | Rose Oud Floral Perfume,Ahmed Al Maghribi,Eau de Parfum,active,0.00,,,1,"arabic, brand-ahmed-al-maghribi, catalog, desert-climate, dry-weather, family-floral-rose, family-oud-woody, family-rose-oud, luxury, new-arrival, office-wear, tropical-climate, unisex, wedding, wedding-formal"
9383140983038,oud-400-edp-100ml-by-ar-rahmani,Oud 400 Extrait De Parfum 50ml | Oud Amber Woody Perfume,AR Rahmani,Extrait de Parfum,active,0.00,,,1,"brand-ar-rahmani, catalog, desert-climate, dry-weather, family-floral-rose, family-oud-amber, family-oud-woody, family-spicy-oriental, new-arrival, unisex, wedding"
9383134462206,oud-al-ameer-eau-de-parfum-100ml-for-men,Oud Al Ameer Eau De Parfum 100ml | For Men,Rafaan,Eau de Parfum,active,0.00,,,1,"arabic, brand-rafaan, catalog, cold-weather, desert-climate, dinner-evening, dry-weather, everyday-signature, family-oud-woody, hot-weather, mens, new-arrival, spring-bloom, summer-wear, wedding, wedding-formal, winter-holiday"
9383150125310,oud-classic-edp-50ml,Oud Classic EDP 50ml | Oud Floral Spicy Perfume,Ahmed Al Maghribi,Eau de Parfum,active,0.00,,,1,"arabic, brand-ahmed-al-maghribi, catalog, desert-climate, dry-weather, family-floral-rose, family-oud-floral, family-oud-woody, family-spicy-oriental, hot-weather, humid-weather, new-arrival, office-wear, unisex, vacation-beach, wedding"
9383138066686,oud-couture-edp-100ml,Oud Couture EDP 100ml | Fruity Floral Woody Perfume,Ahmed Al Maghribi,Eau de Parfum,active,0.00,,,1,"arabic, brand-ahmed-al-maghribi, catalog, desert-climate, dry-weather, everyday-signature, family-fruity-woody, family-oud-woody, hot-weather, humid-weather, new-arrival, office-wear, unisex, wedding, wedding-formal"
9383149994238,oud-lavender-edp-75ml,Oud Lavender EDP 75ml | Lavender Oud Floral Perfume,Ahmed Al Maghribi,Eau de Parfum,active,0.00,,,1,"arabic, beach-vacation, brand-ahmed-al-maghribi, catalog, desert-climate, dry-weather, family-floral-rose, family-lavender-oud, family-oud-woody, family-spicy-oriental, hot-weather, humid-weather, new-arrival, office-wear, spring-bloom, tropical-climate, unisex, wedding"
9383130824958,oud-magnolia-eau-de-parfum-100ml-unisex-perfume,Oud Magnolia Eau De Parfum 100ml | Unisex Perfume,The Fragrance Secrets,Eau de Parfum,active,0.00,,,1,"arabic, brand-the-fragrance-secrets, catalog, desert-climate, dinner-evening, dry-weather, everyday-signature, family-floral-rose, family-fruity-oud, family-oud-woody, family-spicy-oriental, hot-weather, humid-weather, new-arrival, office-wear, sale, spring-bloom, summer-wear, unisex, wedding"
9383136166142,oud-maracuja-extrait-de-parfum-100ml,Oud Maracujá Extrait De Parfum 100ml | Fruity Oud Woody Perfume,Maison Crivelli,Extrait de Parfum,active,0.00,,,1,"brand-maison-crivelli, catalog, desert-climate, dry-weather, everyday-signature, family-floral-rose, family-fruity-oud, family-oud-woody, family-spicy-oriental, hot-weather, luxury, new-arrival, spring-bloom, summer-wear, unisex, wedding, wedding-formal"
9383136231678,oud-maracuja-extrait-de-parfum-50ml-unisex-perfume,Oud Maracujá Extrait De Parfum 50ml | Unisex Perfume,Maison Crivelli,Extrait de Parfum,active,0.00,,,1,"brand-maison-crivelli, catalog, desert-climate, dry-weather, everyday-signature, family-floral-rose, family-fruity-oud, family-oud-woody, family-spicy-oriental, gym, hot-weather, luxury, new-arrival, spring-bloom, summer-wear, unisex, wedding, wedding-formal"
9383134920958,oud-prestige-eau-de-parfum-100ml-for-men,Oud Prestige Eau De Parfum 100ml | For Men,La Parfum Galleria,Eau de Parfum,active,0.00,,,1,"brand-la-parfum-galleria, catalog, cold-weather, desert-climate, dinner-evening, dry-weather, everyday-signature, family-oud-woody, family-spicy-oriental, hot-weather, mens, new-arrival, spring-bloom, summer-wear, wedding, wedding-formal, winter-holiday"
9383128400126,oud-royal-eau-de-parfum-200ml-unisex-perfume-assaf,Oud Royal Eau De Parfum 200ml Unisex Perfume | Assaf,Assaf,Eau de Parfum,active,0.00,,,1,"arabic, brand-assaf, catalog, cold-weather, date-night, desert-climate, dinner-evening, dry-weather, everyday-signature, family-floral-rose, family-oud-woody, family-spicy-oriental, family-spicy-woody, hot-weather, humid-weather, new-arrival, office-wear, party-clubbing, summer-wear, unisex, wedding, wedding-formal, winter-holiday"
9383143866622,oud-sharqi-al-gazal-100ml,Oud Sharqi Eau De Parfum 100ml | Spicy Woody Amber Perfume,Al Gazal,Eau de Parfum,active,0.00,,,1,"arabic, brand-al-gazal, catalog, date-night, desert-climate, dry-weather, family-oud-woody, family-spicy-oriental, family-spicy-woody, hot-weather, humid-weather, new-arrival, office-wear, party-clubbing, unisex, wedding"
9383147438334,oud-tamayuz-edp-100ml,Oud Tamayuz EDP 100ml | Oud Woody Sweet Perfume,Farzana's Collection,Eau de Parfum,active,0.00,,,1,"arabic, brand-farzana-s-collection, catalog, desert-climate, dry-weather, family-oud-woody, luxury, new-arrival, unisex, wedding"
9383141933310,oudh-afghano-roll-on-raees-20ml,Oudh Afghano Roll-On Perfume Oil 20ml Attar | Oud Tobacco Leather Perfume,Raees,Parfum Oil,active,0.00,,,1,"arabic, brand-raees, catalog, desert-climate, dry-weather, family-oud-leather, family-oud-woody, family-spicy-oriental, new-arrival, perfume-oil, rainy-day, unisex"
9383154254078,oudh-al-mubakhar-edp-100ml,Oudh Al Mubakhar EDP 100ml | Woody Floral Spicy Perfume,Rasasi,Eau de Parfum,active,0.00,,,1,"arabic, brand-rasasi, catalog, desert-climate, dry-weather, family-floral-rose, family-oud-woody, family-spicy-oriental, family-woody-floral, hot-weather, humid-weather, luxury, new-arrival, office-wear, unisex"
9383142293758,oudh-al-shums-rollon-raees-20ml,Oudh Al Shums Roll-On Perfume Oil 20ml Attar | Rose Oud Smoky Perfume,Raees,Parfum Oil,active,0.00,,,1,"arabic, brand-raees, catalog, desert-climate, dry-weather, family-floral-rose, family-oud-woody, family-rose-oud, new-arrival, perfume-oil, unisex"
9383141802238,oudh-badar-on-raees-20ml,Oudh Badar Roll On 20ml Attar | Oud Woody Amber Perfume,Raees,Parfum Oil,active,0.00,,,1,"arabic, brand-raees, catalog, date-night, desert-climate, dry-weather, family-oud-woody, family-spicy-oriental, new-arrival, party-clubbing, perfume-oil, unisex"
9383127875838,overdose-eau-de-parfum-100ml-fresh-citrus-unisex-perfume-oman-luxury,Overdose Eau De Parfum 100ML Fresh Citrus Unisex Perfume | Oman Luxury,Oman Luxury,Eau de Parfum,active,0.00,,,1,"brand-oman-luxury, catalog, cold-weather, desert-climate, dry-weather, everyday-signature, family-citrus-woody, family-floral-rose, family-fresh-citrus, family-oud-woody, family-spicy-oriental, hot-weather, humid-weather, luxury, new-arrival, office-wear, summer-wear, unisex, wedding, wedding-formal, winter-holiday"
9383152255230,overture-m-edp-100ml,Overture M EDP 100ml | Woody Spicy Smoky Perfume,Amouage,Eau de Parfum,active,0.00,,,1,"brand-amouage, catalog, desert-climate, dry-weather, family-oud-woody, family-spicy-oriental, family-woody-spicy, hot-weather, humid-weather, luxury, mens, new-arrival, wedding"
9383152353534,overture-w-edp-100ml,Overture W EDP 100ml | Floral Spicy Smoky Perfume,Amouage,Eau de Parfum,active,0.00,,,1,"brand-amouage, catalog, family-floral-rose, family-floral-spicy, family-spicy-oriental, luxury, new-arrival, womens"
9383141081342,paradise-fusion-edp-100ml-by-ar-rahmani,Paradise Fusion Extrait De Parfum 50ml | Fruity Leather Oud Perfume,AR Rahmani,Extrait de Parfum,active,0.00,,,1,"brand-ar-rahmani, catalog, desert-climate, dry-weather, family-floral-rose, family-fruity-leather, family-oud-woody, family-spicy-oriental, new-arrival, unisex, wedding, wedding-formal"
9383140294910,paradoxe-prada-edp-90ml,Paradoxe EDP 90ml | Floral Fresh Amber Perfume,Prada,Eau de Parfum,active,0.00,,,1,"brand-prada, catalog, desert-climate, dry-weather, family-floral-amber, family-floral-rose, family-fresh-citrus, family-spicy-oriental, hot-weather, humid-weather, luxury, new-arrival, office-wear, rainy-day, womens"
9383140262142,paradoxe-intense-edp-90ml,Paradoxe Intense EDP 90ml | Floral Amber Sweet Perfume,Prada,Eau de Parfum,active,0.00,,,1,"brand-prada, catalog, desert-climate, dry-weather, family-floral-amber, family-floral-rose, family-fresh-citrus, family-spicy-oriental, hot-weather, humid-weather, luxury, new-arrival, office-wear, rainy-day, womens"
9383446053118,paris-collection-imperial-secret-scents-bouquet-of-oud-valentine-s-day-perfume-gift-bundle-2-100ml-edp,Paris Collection Imperial & Secret Scents Bouquet of Oud - Valentine's Day Perfume Gift Bundle (2 x 100ml EDP),Valentine's Day Offer,Gift Set,active,0.00,,,1,"brand-valentine-s-day-offer, catalog, cold-weather, date-night, desert-climate, dry-weather, family-floral-rose, family-oud-woody, family-set, family-spicy-oriental, gift-set, hot-weather, humid-weather, new-arrival, office-wear, party-clubbing, sale, set, summer-wear, unisex, wedding, winter-holiday"
9383446020350,paris-collection-saffhire-secret-scents-bouquet-of-vanilla-valentine-s-day-perfume-gift-bundle-2-100ml-edp,Paris Collection Saffhire & Secret Scents Bouquet of Vanilla - Valentine's Day Perfume Gift Bundle (2 x 100ml EDP),Valentine's Day Offer,Gift Set,active,0.00,,,1,"brand-valentine-s-day-offer, catalog, cold-weather, date-night, desert-climate, dry-weather, family-floral-rose, family-oud-woody, family-set, family-spicy-oriental, gift-set, hot-weather, new-arrival, office-wear, party-clubbing, sale, set, summer-wear, unisex, wedding, winter-holiday"
9383121092862,paris-corner-aira-eau-de-parfum-100ml-unisex,Paris Corner Aira Eau De Parfum 100ML Unisex | Fresh Fruity Musky Perfume,Paris Corner,Eau de Parfum,active,0.00,,,1,"beach-vacation, brand-paris-corner, catalog, desert-climate, dry-weather, everyday-signature, family-floral-rose, family-fresh-citrus, family-fresh-woody, family-spicy-oriental, gym, hot-weather, humid-weather, luxury, new-arrival, office-wear, rainy-day, tropical-climate, unisex, wedding"
9383120404734,paris-corner-ciao-citrus-eau-de-parfum-100ml-unisex,Paris Corner Ciao Citrus Eau De Parfum 100ML Unisex | Citrus Fresh Woody Perfume,Paris Corner,Eau de Parfum,active,0.00,,,1,"beach-vacation, brand-paris-corner, catalog, desert-climate, dry-weather, everyday-signature, family-floral-rose, family-fresh-citrus, family-spicy-oriental, gym, hot-weather, humid-weather, new-arrival, office-wear, rainy-day, spring-bloom, summer-wear, tropical-climate, unisex, wedding, wedding-formal"
9383121158398,paris-corner-december-ambar-eau-de-parfum-85ml-unisex,Paris Corner December Ambar Eau De Parfum 85ML Unisex | Oriental Vanilla Gourmand Perfume,Paris Corner,Eau de Parfum,active,0.00,,,1,"beach-vacation, brand-paris-corner, catalog, cold-weather, desert-climate, dinner-evening, dry-weather, everyday-signature, family-amber-oriental, family-floral-rose, family-oud-woody, family-spicy-oriental, family-sweet-gourmand, new-arrival, unisex, wedding, wedding-formal, winter-holiday"
9383120240894,paris-corner-fatal-embrace-eau-de-parfum-100ml-unisex,Paris Corner Fatal Embrace Eau De Parfum 100ML Unisex | Floral Amber Sweet Perfume,Paris Corner,Eau de Parfum,active,0.00,,,1,"brand-paris-corner, catalog, date-night, desert-climate, dry-weather, everyday-signature, family-floral, family-floral-rose, family-oud-woody, family-spicy-oriental, family-sweet-gourmand, hot-weather, humid-weather, luxury, new-arrival, office-wear, party-clubbing, spring-bloom, summer-wear, unisex, wedding, wedding-formal"
9383120208126,paris-corner-mango-jugoso-eau-de-parfum-100ml-unisex,Paris Corner Mango Jugoso Eau De Parfum 100ML Unisex | Fruity Fresh Sweet Perfume,Paris Corner,Eau de Parfum,active,0.00,,,1,"brand-paris-corner, catalog, desert-climate, dry-weather, everyday-signature, family-floral-rose, family-fruity, family-sweet-gourmand, hot-weather, humid-weather, new-arrival, office-wear, spring-bloom, summer-wear, tropical-climate, unisex, vacation-beach, wedding, wedding-formal"
9383120699646,paris-corner-ministry-of-oud-gladiators-oath-eau-de-parfum-100ml-for-women,Paris Corner Ministry Of Oud Gladiators Oath Eau De Parfum 100ML for Women | Floral Sweet Amber Perfume,Paris Corner,Eau de Parfum,active,0.00,,,1,"arabic, brand-paris-corner, catalog, desert-climate, dry-weather, everyday-signature, family-floral-gourmand, family-floral-rose, family-oud-woody, family-spicy-oriental, luxury, new-arrival, wedding, wedding-formal, womens"
9383120634110,paris-corner-ministry-of-oud-maestro-s-symphony-eau-de-parfum-100ml-for-women,Paris Corner Ministry Of Oud Maestro’s Symphony Eau De Parfum 100ML for Women | Fruity Floral Leather Perfume,Paris Corner,Eau de Parfum,active,0.00,,,1,"arabic, brand-paris-corner, catalog, desert-climate, dry-weather, everyday-signature, family-floral-rose, family-fruity-floral, family-oud-woody, family-spicy-oriental, hot-weather, humid-weather, luxury, new-arrival, office-wear, wedding, wedding-formal, womens"
9383120797950,paris-corner-ministry-of-oud-nile-whispers-eau-de-parfum-100ml-for-women,Paris Corner Ministry Of Oud Nile Whispers Eau De Parfum 100ML for Women | Sweet Spicy Amber Perfume,Paris Corner,Eau de Parfum,active,0.00,,,1,"arabic, brand-paris-corner, catalog, cold-weather, date-night, desert-climate, dry-weather, everyday-signature, family-floral-rose, family-oud-woody, family-spicy-oriental, luxury, new-arrival, office-wear, party-clubbing, wedding, wedding-formal, winter-holiday, womens"
9383120666878,paris-corner-ministry-of-oud-oud-beyond-the-wall-eau-de-parfum-100ml-for-women,Paris Corner Ministry Of Oud Oud Beyond The Wall Eau De Parfum 100ML for Women | Woody Fruity Musk Perfume,Paris Corner,Eau de Parfum,active,0.00,,,1,"arabic, brand-paris-corner, catalog, date-night, desert-climate, dry-weather, everyday-signature, family-floral-rose, family-oud-woody, family-spicy-oriental, family-woody, hot-weather, humid-weather, luxury, new-arrival, office-wear, party-clubbing, wedding, wedding-formal, womens"
9383120830718,paris-corner-ministry-of-oud-romance-reverie-eau-de-parfum-100ml-for-women,Paris Corner Ministry Of Oud Romance Reverie Eau De Parfum 100ML for Women | Fruity Floral Musk Perfume,Paris Corner,Eau de Parfum,active,0.00,,,1,"arabic, brand-paris-corner, catalog, date-night, desert-climate, dry-weather, everyday-signature, family-floral-rose, family-fruity-floral, family-oud-woody, family-spicy-oriental, hot-weather, humid-weather, new-arrival, office-wear, party-clubbing, wedding, wedding-formal, womens"
9383120961790,paris-corner-nada-blumingle-eau-de-parfum-100ml-unisex,Paris Corner Nada Blumingle Eau De Parfum 100ML Unisex | Fresh Woody Musky Perfume,Paris Corner,Eau de Parfum,active,0.00,,,1,"brand-paris-corner, catalog, dry-weather, everyday-signature, family-floral-rose, family-fresh-woody, family-sweet-gourmand, gym, hot-weather, humid-weather, new-arrival, office-wear, tropical-climate, unisex, wedding"
9383120863486,paris-corner-nada-whimsical-eau-de-parfum-100ml-unisex,Paris Corner Nada Whimsical Eau De Parfum 100ML Unisex | Creamy Fruity Gourmand Perfume,Paris Corner,Eau de Parfum,active,0.00,,,1,"beach-vacation, brand-paris-corner, catalog, dry-weather, everyday-signature, family-floral-rose, family-gourmand, family-sweet-gourmand, gym, hot-weather, humid-weather, new-arrival, office-wear, tropical-climate, unisex, wedding"
9383120994558,paris-corner-nada-wink-eau-de-parfum-100ml-unisex,Paris Corner Nada Wink Eau De Parfum 100ML Unisex | Sweet Creamy Floral Perfume,Paris Corner,Eau de Parfum,active,0.00,,,1,"beach-vacation, brand-paris-corner, catalog, dry-weather, everyday-signature, family-floral-rose, family-gourmand, family-sweet-gourmand, gym, hot-weather, humid-weather, new-arrival, office-wear, tropical-climate, unisex, wedding"
9383120175358,paris-corner-ophidian-sweet-surrender-eau-de-parfum-100ml-unisex,Paris Corner Ophidian Sweet Surrender Eau De Parfum 100ML Unisex | Sweet Gourmand Amber Perfume,Paris Corner,Eau de Parfum,active,0.00,,,1,"brand-paris-corner, catalog, cold-weather, date-night, dry-weather, everyday-signature, family-floral-rose, family-gourmand, family-spicy-oriental, family-sweet-gourmand, hot-weather, humid-weather, luxury, new-arrival, office-wear, party-clubbing, spring-bloom, summer-wear, unisex, wedding, wedding-formal, winter-holiday"
9383120371966,paris-corner-oravea-eau-de-parfum-100ml-unisex,Paris Corner Oravea Eau De Parfum 100ML Unisex | Fruity Floral Woody Perfume,Paris Corner,Eau de Parfum,active,0.00,,,1,"brand-paris-corner, catalog, desert-climate, dry-weather, everyday-signature, family-floral-rose, family-fresh-citrus, family-fruity-floral, family-sweet-gourmand, hot-weather, humid-weather, new-arrival, office-wear, spring-bloom, summer-wear, tropical-climate, unisex, wedding, wedding-formal"
9383120306430,paris-corner-perseviron-fig-hug-eau-de-parfum-100ml-unisex,Paris Corner Perseviron Fig Hug Eau De Parfum 100ML Unisex | Fig Creamy Woody Perfume,Paris Corner,Eau de Parfum,active,0.00,,,1,"brand-paris-corner, catalog, desert-climate, dry-weather, everyday-signature, family-floral-rose, family-fresh-citrus, family-green-woody, family-oud-woody, family-spicy-oriental, family-sweet-gourmand, hot-weather, humid-weather, luxury, new-arrival, office-wear, spring-bloom, summer-wear, tropical-climate, unisex, wedding, wedding-formal"
9383120568574,paris-corner-reham-rose-petals-eau-de-parfum-100ml-unisex,Paris Corner Reham Rose Petals Eau De Parfum 100ML Unisex | Rose Fruity Musk Perfume,Paris Corner,Eau de Parfum,active,0.00,,,1,"brand-paris-corner, catalog, date-night, desert-climate, dry-weather, everyday-signature, family-floral, family-floral-rose, family-fresh-citrus, family-spicy-oriental, family-sweet-gourmand, hot-weather, humid-weather, new-arrival, office-wear, party-clubbing, spring-bloom, summer-wear, unisex, wedding, wedding-formal"
9383120437502,paris-corner-reham-vanilla-mood-eau-de-parfum-100ml-unisex,Paris Corner Reham Vanilla Mood Eau De Parfum 100ML Unisex | Vanilla Warm Spicy Musk Perfume,Paris Corner,Eau de Parfum,active,0.00,,,1,"brand-paris-corner, catalog, cold-weather, date-night, dry-weather, everyday-signature, family-amber-vanilla, family-fresh-citrus, family-sweet-gourmand, hot-weather, humid-weather, new-arrival, office-wear, party-clubbing, spring-bloom, summer-wear, unisex, wedding, wedding-formal, winter-holiday"
9383120503038,paris-corner-reham-wild-mineral-eau-de-parfum-100ml-unisex,Paris Corner Reham Wild Mineral Eau De Parfum 100ML Unisex | Fresh Marine Woody Perfume,Paris Corner,Eau de Parfum,active,0.00,,,1,"brand-paris-corner, catalog, desert-climate, dry-weather, everyday-signature, family-floral-rose, family-fresh-aquatic, family-fresh-citrus, family-oud-woody, family-spicy-oriental, family-sweet-gourmand, hot-weather, humid-weather, new-arrival, office-wear, spring-bloom, summer-wear, tropical-climate, unisex, wedding, wedding-formal"
9383121125630,paris-corner-taskeen-wowie-eau-de-parfum-100ml-unisex,Paris Corner Taskeen Wowie Eau De Parfum 100ML Unisex | Gourmand Sweet Spicy Perfume,Paris Corner,Eau de Parfum,active,0.00,,,1,"brand-paris-corner, catalog, family-gourmand, family-spicy-oriental, family-sweet-gourmand, hot-weather, humid-weather, new-arrival, office-wear, tropical-climate, unisex"
9383146520830,paris-dream-pour-femme-edp-100ml,Paris Dream Pour Femme EDP 100ml | Floral Sweet Powdery Perfume,Marxzelle,Eau de Parfum,active,0.00,,,1,"brand-marxzelle, catalog, cold-weather, date-night, everyday-signature, family-floral-sweet, gym, hot-weather, new-arrival, party-clubbing, sale, spring-bloom, summer-wear, wedding-formal, winter-holiday, womens"
9383133053182,patience-eau-de-parfum-100ml-by-baboon-collection-kids-perfume,Patience Eau De Parfum 100ml by Baboon Collection | Kids Perfume,Baboon Collection,Eau de Parfum,active,0.00,,,1,"brand-baboon-collection, catalog, everyday-signature, family-sweet-floral, hot-weather, new-arrival, sale, spring-bloom, summer-wear, unisex"
9383142588670,peaceful-life-khaleej-pride-100ml,Peaceful Life Eau De Parfum 100ml | Oud Woody Amber Perfume,Khaleej Pride,Eau de Parfum,active,0.00,,,1,"arabic, brand-khaleej-pride, catalog, desert-climate, dinner-evening, dry-weather, family-spicy-oriental, new-arrival, unisex, wedding, wedding-formal"
9383150223614,pearl-oud-edp-75ml,Pearl Oud EDP 75ml | Fruity Oud Floral Perfume,Ahmed Al Maghribi,Eau de Parfum,active,0.00,,,1,"arabic, brand-ahmed-al-maghribi, catalog, date-night, desert-climate, dry-weather, family-floral-rose, family-fresh-citrus, family-fruity-oud, family-oud-woody, family-spicy-oriental, hot-weather, humid-weather, luxury, new-arrival, office-wear, party-clubbing, unisex, wedding"
9383122043134,pendora-scents-tobacco-rouge-edp-100ml-for-men-warm-tobacco-woody-perfume,Pendora Scents Tobacco Rouge EDP 100ML for Men | Warm Tobacco Woody Perfume,Pendora Scents,Eau de Parfum,active,0.00,,,1,"brand-pendora-scents, catalog, cold-weather, desert-climate, dry-weather, everyday-signature, family-oud-woody, family-spicy-oriental, hot-weather, humid-weather, mens, new-arrival, wedding, winter-holiday"
9383140524286,marc-jacobs-perfect-100ml-eau-de-parfum,Perfect 100 ml Eau de Parfum for Women | Floral Fruity Woody Perfume,Marc Jacobs,Eau de Parfum,active,0.00,,,1,"brand-marc-jacobs, catalog, desert-climate, dry-weather, family-floral-fruity, family-floral-rose, family-oud-woody, family-spicy-oriental, luxury, new-arrival, sale, wedding, womens"
9383140491518,marc-jacobs-perfect-intense-100ml-eau-de-parfum,Perfect Intense 100 ml Eau de Parfum for Women | Floral Almond Woody Perfume,Marc Jacobs,Eau de Parfum,active,0.00,,,1,"brand-marc-jacobs, catalog, desert-climate, dinner-evening, dry-weather, family-floral-woody, family-oud-woody, family-spicy-oriental, luxury, new-arrival, wedding, wedding-formal, womens"
9383133544702,pesca-eau-de-parfum-100ml-unisex-fragrance,Pesca Eau De Parfum 100ml | Unisex Fragrance,Reef,Eau de Parfum,active,0.00,,,1,"brand-reef, catalog, everyday-signature, family-floral-rose, family-fresh-citrus, family-fruity-fresh, family-sweet-gourmand, gym, hot-weather, humid-weather, new-arrival, office-wear, spring-bloom, summer-wear, unisex, wedding-formal"
9383128301822,pink-lady-eau-de-parfum-200ml-perfume-for-women-assaf,Pink Lady Eau De Parfum 200ml | Perfume for Women | Assaf,Assaf,Eau de Parfum,active,0.00,,,1,"arabic, brand-assaf, catalog, cold-weather, dinner-evening, everyday-signature, family-floral-fresh, family-floral-rose, family-fresh-citrus, family-oud-woody, family-spicy-oriental, family-sweet-gourmand, gym, hot-weather, humid-weather, new-arrival, office-wear, sale, summer-wear, wedding, wedding-formal, winter-holiday, womens"
9383128465662,pink-queen-eau-de-parfum-200ml-perfume-for-women-assaf,Pink Queen Eau De Parfum 200ml Perfume for Women | Assaf,Assaf,Eau de Parfum,active,0.00,,,1,"arabic, brand-assaf, catalog, cold-weather, desert-climate, dinner-evening, dry-weather, everyday-signature, family-floral-gourmand, family-floral-rose, family-fresh-citrus, family-sweet-gourmand, gym, hot-weather, humid-weather, new-arrival, office-wear, sale, summer-wear, wedding-formal, winter-holiday, womens"
9383139770622,platine-blanc-aromatix-edp-100ml,Platine Blanc Aromatix EDP 100ml | Fresh Woody Aromatic Perfume,French Avenue,Eau de Parfum,active,0.00,,,1,"beach-vacation, brand-french-avenue, catalog, desert-climate, dry-weather, family-floral-rose, family-fresh-citrus, family-fresh-woody, family-oud-woody, gym, hot-weather, humid-weather, new-arrival, office-wear, unisex, wedding"
9383140229374,polo-black-edt-125ml,Polo Black EDT 125ml | Fresh Woody Aromatic Perfume,Ralph Lauren,Eau de Toilette,active,0.00,,,1,"beach-vacation, brand-ralph-lauren, catalog, desert-climate, dry-weather, family-fresh-citrus, family-fresh-woody, family-oud-woody, family-sweet-gourmand, gym, hot-weather, humid-weather, mens, new-arrival, office-wear, sale, tropical-climate, wedding"
9383140196606,polo-blue-edt-125ml,Polo Blue EDT 125ml | Fresh Aromatic Woody Perfume,Ralph Lauren,Eau de Toilette,active,0.00,,,1,"beach-vacation, brand-ralph-lauren, catalog, desert-climate, dry-weather, family-fresh-citrus, family-fresh-woody, gym, hot-weather, humid-weather, mens, new-arrival, office-wear, rainy-day, tropical-climate"
9383140163838,polo-red-edt-125ml,Polo Red EDT 125ml | Spicy Woody Fresh Perfume,Ralph Lauren,Eau de Toilette,active,0.00,,,1,"beach-vacation, brand-ralph-lauren, catalog, desert-climate, dry-weather, family-fresh-citrus, family-oud-woody, family-spicy-oriental, family-spicy-woody, gym, hot-weather, humid-weather, mens, new-arrival, office-wear, sale, tropical-climate, wedding"
9383128563966,ibrahim-alqurashi-powder-musk-eau-de-parfum-unisex-75ml,Powder Musk Eau De Parfum Unisex 75ml | Ibrahim Alqurashi,Ibrahim Alqurashi,Eau de Parfum,active,0.00,,,1,"arabic, brand-ibrahim-alqurashi, catalog, cold-weather, desert-climate, dry-weather, everyday-signature, family-floral-musk, family-floral-rose, family-spicy-oriental, family-sweet-gourmand, hot-weather, luxury, new-arrival, office-wear, summer-wear, unisex, wedding, winter-holiday"
9383140065534,prada-lhomme-intense-edp-100ml,Prada L'Homme Intense Edp 100ml | Powdery Woody Amber Perfume,Prada,Eau de Parfum,active,0.00,,,1,"brand-prada, catalog, date-night, desert-climate, dry-weather, family-floral-rose, family-fresh-citrus, family-oud-woody, family-powdery-woody, family-spicy-oriental, family-sweet-gourmand, hot-weather, humid-weather, luxury, mens, new-arrival, office-wear, party-clubbing, wedding"
9383146062078,prime-execs-al-gazal-100ml,Prime Execs Eau De Parfum 100ml | Fresh Woody Aromatic Perfume,Al Gazal,Eau de Parfum,active,0.00,,,1,"arabic, brand-al-gazal, catalog, cold-weather, desert-climate, dry-weather, everyday-signature, family-fresh-woody, family-oud-woody, family-spicy-oriental, hot-weather, humid-weather, mens, new-arrival, office-wear, spring-bloom, summer-wear, winter-holiday"
9383128498430,private-purple-eau-de-parfum-200ml-unisex-assaf,Private Purple Eau De Parfum 200ml Unisex | Assaf,Assaf,Eau de Parfum,active,0.00,,,1,"arabic, brand-assaf, catalog, cold-weather, date-night, desert-climate, dry-weather, everyday-signature, family-floral-rose, family-fresh-amber, family-oud-woody, family-spicy-oriental, family-sweet-gourmand, hot-weather, humid-weather, new-arrival, office-wear, party-clubbing, sale, summer-wear, unisex, wedding, wedding-formal, winter-holiday"
9383129579774,parisbelle-promesse-extrait-de-parfum-100ml,PROMESSE Extrait de Parfum 100ml | Dynamic Leather & Citrus Perfume by Parisbelle,Parisbelle,Extrait de Parfum,active,0.00,,,1,"brand-parisbelle, catalog, cold-weather, desert-climate, dry-weather, everyday-signature, family-floral-rose, family-fresh-leather, family-oud-woody, family-spicy-oriental, hot-weather, humid-weather, luxury, new-arrival, office-wear, sale, summer-wear, unisex, wedding, wedding-formal, winter-holiday"
9383133511934,pure-flower-eau-de-parfum-150ml-by-reef,Pure Flower Eau De parfum 150ml by Reef | Floral Fresh Perfume,Reef,Eau de Parfum,active,0.00,,,1,"brand-reef, catalog, family-floral-fresh, family-floral-rose, new-arrival, unisex"
9383133806846,pure-fruity-eau-de-parfum-150ml-unisex-fragrance,Pure Fruity Eau De Parfum 150ml | Unisex Fragrance,Reef,Eau de Parfum,active,0.00,,,1,"brand-reef, catalog, everyday-signature, family-floral-rose, family-fresh-aromatic, family-sweet-gourmand, hot-weather, humid-weather, new-arrival, office-wear, spring-bloom, summer-wear, tropical-climate, unisex"
9383141638398,shazine-pure-musk-6ml-x5-roll-on,Pure Musk 6pcs Roll-On 6ml x 6 Attar | Musky Powdery Perfume,Shazine,Parfum Oil,active,0.00,,,1,"arabic, brand-shazine, catalog, desert-climate, dry-weather, everyday-signature, family-floral-rose, family-musky-powdery, family-oud-woody, hot-weather, humid-weather, new-arrival, office-wear, perfume-oil, unisex, wedding"
9383133446398,pure-musk-eau-de-parfum-150ml-unisex-fragrance,Pure Musk Eau De Parfum 150ml | Unisex Fragrance,Reef,Eau de Parfum,active,0.00,,,1,"brand-reef, catalog, desert-climate, dry-weather, everyday-signature, family-fresh-musk, hot-weather, humid-weather, new-arrival, office-wear, spring-bloom, summer-wear, unisex, wedding-formal"
9383142523134,purple-oud-khaleej-pride-100ml,Purple Oud Eau De Parfum 100ml | Sweet Gourmand Vanilla Perfume,Khaleej Pride,Eau de Parfum,active,0.00,,,1,"arabic, brand-khaleej-pride, catalog, desert-climate, dry-weather, family-floral-rose, family-oud-woody, family-sweet-gourmand, new-arrival, unisex, wedding"
9383152386302,purpose-edp-100ml,Purpose EDP 100ml | Woody Spicy Aromatic Perfume,Amouage,Eau de Parfum,active,0.00,,,1,"brand-amouage, catalog, desert-climate, dry-weather, family-floral-rose, family-oud-woody, family-spicy-oriental, family-woody-spicy, hot-weather, humid-weather, luxury, new-arrival, unisex, wedding, wedding-formal"
9383138853118,amouage-purpose-unisex-eau-de-parfum-100ml,Purpose Unisex Eau De Parfum 100ml | Woody Spicy Incense Perfume,Amouage,Eau de Parfum,active,0.00,,,1,"brand-amouage, catalog, desert-climate, dry-weather, everyday-signature, family-floral-rose, family-oud-woody, family-spicy-oriental, family-woody-spicy, luxury, new-arrival, unisex, wedding, wedding-formal"
9383136723198,q-edp-100ml,Q Edp 100ml | Fruity Floral Sweet Perfume,Dolce & Gabbana,Eau de Parfum,active,0.00,,,1,"brand-dolce-gabbana, catalog, date-night, family-floral-rose, family-fruity-floral, luxury, new-arrival, party-clubbing, womens"
9383119651070,qamarain-for-her-amaran-100ml-fragrance-secrets,Qamarain For Her Amaran 100ml | Fragrance Secrets,Amaran,Eau de Parfum,active,0.00,,,1,"beach-vacation, brand-amaran, catalog, desert-climate, dry-weather, everyday-signature, family-floral, family-floral-rose, family-fresh-citrus, family-oud-woody, family-spicy-oriental, family-sweet-gourmand, hot-weather, humid-weather, new-arrival, office-wear, rainy-day, tropical-climate, vacation-beach, wedding, wedding-formal, womens"
9383119618302,qamarain-for-him-amaran-eau-de-parfum-100ml,Qamarain For Him Amaran Eau De Parfum 100ml | Citrus Aromatic Woody Perfume,Amaran,Eau de Parfum,active,0.00,,,1,"brand-amaran, catalog, cold-weather, desert-climate, dry-weather, everyday-signature, family-floral-rose, family-fresh-citrus, family-fresh-woody, family-oud-woody, hot-weather, humid-weather, mens, new-arrival, office-wear, rainy-day, spring-bloom, summer-wear, wedding, wedding-formal, winter-holiday"
9383144063230,qamm-ra-al-gazal-100ml,Qamm-ra Eau De Parfum 100ml | Sweet Spicy Gourmand Perfume,Al Gazal,Eau de Parfum,active,0.00,,,1,"arabic, brand-al-gazal, catalog, desert-climate, dinner-evening, dry-weather, family-floral-rose, family-oud-woody, family-spicy-oriental, family-sweet-gourmand, new-arrival, office-wear, unisex"
9383131250942,qashab-al-oud-edp-100ml,QASHAB AL OUD EDP 100ML | Oud Woody Perfume,Farzana's Collection,Eau de Parfum,active,0.00,,,1,"brand-farzana-s-collection, catalog, desert-climate, dry-weather, everyday-signature, family-oud-woody, family-spicy-oriental, new-arrival, unisex"
9383445725438,rafaan-fursan-al-lail-french-avenue-sultana-the-joyful-valentine-s-day-perfume-gift-bundle-edp,Rafaan Fursan Al Lail & French Avenue Sultana The Joyful - Valentine's Day Perfume Gift Bundle (EDP),Valentine's Day Offer,Gift Set,active,0.00,,,1,"brand-valentine-s-day-offer, catalog, cold-weather, date-night, desert-climate, dry-weather, family-oud-woody, family-set, family-spicy-oriental, gift-set, hot-weather, new-arrival, party-clubbing, set, summer-wear, unisex, winter-holiday"
9383445954814,rafaan-just-wardi-oud-al-ameer-valentine-s-day-perfume-gift-bundle-for-him-her-2-100ml-edp,Rafaan Just Wardi & Oud Al Ameer - Valentine's Day Perfume Gift Bundle for Him & Her (2 x 100ml EDP),Valentine's Day Offer,Gift Set,active,0.00,,,1,"brand-valentine-s-day-offer, catalog, cold-weather, desert-climate, dry-weather, family-oud-woody, family-set, family-spicy-oriental, family-sweet-gourmand, gift-set, hot-weather, humid-weather, mens, new-arrival, office-wear, set, summer-wear, winter-holiday"
9383140917502,ramadan-edp-100ml-by-ar-rahmani,Ramadan Extrait De Parfum 50ml | Spicy Leather Woody Perfume,AR Rahmani,Extrait de Parfum,active,0.00,,,1,"brand-ar-rahmani, catalog, desert-climate, dry-weather, everyday-signature, family-floral-rose, family-oud-woody, family-spicy-leather, family-spicy-oriental, hot-weather, humid-weather, new-arrival, office-wear, sale, unisex, wedding, wedding-formal"
9383130792190,rameez-pour-femme-eau-de-parfum-100ml-women-s-perfume,Rameez Pour Femme Eau De Parfum 100ml | Women’s Perfume,The Fragrance Secrets,Eau de Parfum,active,0.00,,,1,"brand-the-fragrance-secrets, catalog, cold-weather, date-night, desert-climate, dry-weather, everyday-signature, family-floral-rose, family-oud-woody, family-spicy-floral, family-spicy-oriental, hot-weather, new-arrival, party-clubbing, sale, spring-bloom, summer-wear, winter-holiday, womens"
9383123452158,ramsons-sandy-shore-eau-de-parfum-100ml-fresh-marine-woody-perfume,Ramsons Sandy Shore Eau De Parfum 100ML | Fresh Marine Woody Perfume,Ramsons,Eau de Parfum,active,0.00,,,1,"beach-vacation, brand-ramsons, catalog, desert-climate, dry-weather, everyday-signature, family-floral-rose, family-fresh-aquatic, family-fresh-citrus, family-spicy-oriental, hot-weather, humid-weather, new-arrival, office-wear, sale, summer-wear, unisex"
9383134265598,rania-eau-de-parfum-100ml-for-women,Rania Eau De Parfum 100ml | For Women,La Parfum Galleria,Eau de Parfum,active,0.00,,,1,"brand-la-parfum-galleria, catalog, cold-weather, dinner-evening, everyday-signature, family-floral-rose, family-fresh-citrus, family-oud-woody, hot-weather, new-arrival, office-wear, spring-bloom, summer-wear, wedding, wedding-formal, winter-holiday, womens"
9383151272190,rare-carbon-edp-100ml,Rare Carbon EDP 100ml | Leather Woody Spicy Perfume,Afnan Perfumes,Eau de Parfum,active,0.00,,,1,"arabic, brand-afnan-perfumes, catalog, desert-climate, dry-weather, family-floral-rose, family-leather-woody, family-oud-woody, family-spicy-oriental, mens, new-arrival, wedding"
9383153598718,rasasi-ambar-silk-eau-de-parfum-200ml,Rasasi Ambar Silk Eau De Parfum 200ml Unisex | Long-Lasting Luxury Perfume,Rasasi,Eau de Parfum,active,0.00,,,1,"arabic, brand-rasasi, catalog, cold-weather, date-night, desert-climate, dry-weather, everyday-signature, family-amber-woody, family-floral-rose, family-oud-woody, family-spicy-oriental, gym, hot-weather, humid-weather, luxury, new-arrival, office-wear, party-clubbing, spring-bloom, summer-wear, unisex, wedding, wedding-formal, winter-holiday"
9383121879294,rasasi-brave-man-eau-de-parfum-100ml-for-men-bold-masculine-perfume,Rasasi Brave Man Eau De Parfum 100ML for Men | Bold Masculine Perfume,Rasasi,Eau de Parfum,active,0.00,,,1,"arabic, brand-rasasi, catalog, desert-climate, dry-weather, everyday-signature, family-floral-rose, family-fresh-citrus, family-oud-woody, family-woody-aromatic, gym, hot-weather, humid-weather, luxury, mens, new-arrival, office-wear, wedding, wedding-formal"
9383124926718,rasasi-daarej-pour-femme-aurelia-edp-100ml-floral-fruity-musky-perfume,Rasasi Daarej Pour Femme Aurelia EDP 100ML | Floral Fruity Musky Perfume,Rasasi,Eau de Parfum,active,0.00,,,1,"arabic, brand-rasasi, catalog, desert-climate, dry-weather, everyday-signature, family-floral-rose, family-fresh-citrus, family-fruity-floral, family-oud-woody, gym, hot-weather, humid-weather, new-arrival, office-wear, spring-bloom, summer-wear, wedding, womens"
9383121944830,rasasi-day-eau-de-parfum-100ml-for-women-floral-woody-musk-perfumerasasi-day-eau-de-parfum-100ml-for-women-floral-woody-musk-perfume,Rasasi Day Eau De Parfum 100ML for Women | Floral Woody Musk PerfumeRasasi Day Eau De Parfum 100ML for Women | Floral Woody Musk Perfume,Rasasi,Eau de Parfum,active,0.00,,,1,"arabic, brand-rasasi, catalog, desert-climate, dry-weather, everyday-signature, family-floral-rose, family-fresh-citrus, family-fruity-floral, family-spicy-oriental, gym, hot-weather, humid-weather, new-arrival, office-wear, wedding, wedding-formal, womens"
9383119225086,rasasi-hawas-atlantis-eau-de-parfum-100ml-unisex-aquatic-fruity-woody-perfume,Rasasi Hawas Atlantis Eau De Parfum 100ML Unisex | Aquatic Fruity Woody Perfume,Rasasi,Eau de Parfum,active,0.00,,,1,"beach-vacation, brand-rasasi, catalog, cold-weather, desert-climate, dry-weather, everyday-signature, family-floral-rose, family-fresh-aquatic, family-fresh-citrus, family-spicy-oriental, gym, hot-weather, humid-weather, new-arrival, office-wear, rainy-day, summer-wear, tropical-climate, unisex, wedding, winter-holiday"
9383119290622,rasasi-hawas-chrome-eau-de-parfum-100ml-for-men-fruity-amber-musk-perfume,Rasasi Hawas Chrome Eau De Parfum 100ML for Men | Fruity Amber Musk Perfume,Rasasi,Eau de Parfum,active,0.00,,,1,"beach-vacation, brand-rasasi, catalog, desert-climate, dry-weather, everyday-signature, family-fresh-citrus, family-fruity, family-spicy-oriental, gym, hot-weather, humid-weather, mens, new-arrival, office-wear, rainy-day, summer-wear, tropical-climate, vacation-beach, wedding"
9383153926398,rasasi-hawas-ice-for-him-edp-100ml,Rasasi Hawas Ice EDP 100ml for Men | Fresh Fruity Woody Perfume,Rasasi,Eau de Parfum,active,0.00,,,1,"beach-vacation, brand-rasasi, catalog, desert-climate, dry-weather, everyday-signature, family-floral-rose, family-fresh-citrus, family-fresh-fruity, gym, hot-weather, humid-weather, mens, new-arrival, office-wear, rainy-day, spring-bloom, summer-wear, vacation-beach, wedding"
9383137837310,rasasi-hawas-kobra-edp-100ml,Rasasi Hawas Kobra Edp 100ml | Fresh Spicy Woody Perfume,Rasasi,Eau de Parfum,active,0.00,,,1,"beach-vacation, brand-rasasi, catalog, cold-weather, desert-climate, dry-weather, family-fresh-citrus, family-fresh-woody, family-oud-woody, family-spicy-oriental, gym, hot-weather, humid-weather, mens, new-arrival, office-wear, rainy-day, sale, spring-bloom, wedding, wedding-formal, winter-holiday"
9383137804542,rasasi-hawas-malibu-edp-100ml,Rasasi Hawas Malibu Edp 100ml | Fresh Fruity Amber Perfume,Rasasi,Eau de Parfum,active,0.00,,,1,"beach-vacation, brand-rasasi, catalog, date-night, desert-climate, dinner-evening, dry-weather, everyday-signature, family-fresh-amber, family-fresh-citrus, family-spicy-oriental, gym, hot-weather, humid-weather, new-arrival, office-wear, party-clubbing, rainy-day, tropical-climate, unisex, wedding"
9383121780990,rasasi-le-scent-eau-de-parfum-100ml-for-women-elegant-feminine-perfume,Rasasi Le Scent Eau De Parfum 100ML for Women | Elegant Feminine Perfume,Rasasi,Eau de Parfum,active,0.00,,,1,"arabic, brand-rasasi, catalog, desert-climate, dinner-evening, dry-weather, everyday-signature, family-floral, family-floral-rose, family-fresh-citrus, gym, hot-weather, humid-weather, luxury, new-arrival, office-wear, tropical-climate, wedding-formal, womens"
9383121912062,rasasi-lovable-eau-de-parfum-100ml-for-women-feminine-floral-perfume,Rasasi Lovable Eau De Parfum 100ML for Women | Feminine Floral Perfume,Rasasi,Eau de Parfum,active,0.00,,,1,"arabic, brand-rasasi, catalog, date-night, desert-climate, dinner-evening, dry-weather, everyday-signature, family-floral, family-floral-rose, family-fresh-citrus, gym, hot-weather, humid-weather, luxury, new-arrival, office-wear, party-clubbing, tropical-climate, wedding-formal, womens"
9383121977598,rasasi-prince-charming-edp-100ml-for-men-woody-floral-musk-perfume,Rasasi Prince Charming EDP 100ML for Men | Woody Floral Musk Perfume,Rasasi,Eau de Parfum,active,0.00,,,1,"arabic, brand-rasasi, catalog, desert-climate, dry-weather, everyday-signature, family-floral-rose, family-fresh-citrus, family-fresh-woody, family-spicy-oriental, gym, hot-weather, humid-weather, mens, new-arrival, office-wear, tropical-climate"
9383121813758,rasasi-reflections-chrome-eau-de-parfum-100ml-for-men-fresh-woody-aromatic-perfume,Rasasi Reflections Chrome Eau De Parfum 100ML for Men | Fresh Woody Aromatic Perfume,Rasasi,Eau de Parfum,active,0.00,,,1,"beach-vacation, brand-rasasi, catalog, desert-climate, dry-weather, everyday-signature, family-floral-rose, family-fresh-citrus, family-woody-aromatic, gym, hot-weather, humid-weather, luxury, mens, new-arrival, office-wear, rainy-day, tropical-climate, wedding-formal"
9383121846526,rasasi-reflections-eau-de-parfum-100ml-for-men-woody-floral-musk-perfume,Rasasi Reflections Eau De Parfum 100ML for Men | Woody Floral Musk Perfume,Rasasi,Eau de Parfum,active,0.00,,,1,"beach-vacation, brand-rasasi, catalog, desert-climate, dinner-evening, dry-weather, everyday-signature, family-floral-rose, family-fresh-citrus, family-spicy-oriental, family-woody-aromatic, gym, hot-weather, humid-weather, luxury, mens, new-arrival, office-wear, rainy-day, tropical-climate, wedding-formal"
9383124959486,rasasi-shuhrah-opulence-edp-90ml-for-women-tropical-fruity-floral-perfume,Rasasi Shuhrah Opulence EDP 90ML for Women | Tropical Fruity Floral Perfume,Rasasi,Eau de Parfum,active,0.00,,,1,"arabic, beach-vacation, brand-rasasi, catalog, desert-climate, dry-weather, everyday-signature, family-floral-rose, family-fresh-citrus, family-fruity, family-oud-woody, gym, hot-weather, humid-weather, new-arrival, office-wear, spring-bloom, summer-wear, tropical-climate, vacation-beach, wedding, womens"
9383136362750,rasasi-shuhrah-pour-homme-elixir-eau-de-parfum-90ml,Rasasi Shuhrah Pour Homme Elixir Eau De Parfum 90ml | Rose Woody Leather Perfume,Rasasi,Eau de Parfum,active,0.00,,,1,"arabic, brand-rasasi, catalog, desert-climate, dinner-evening, dry-weather, family-floral-leather, family-floral-rose, family-fresh-citrus, family-oud-woody, family-spicy-oriental, gym, hot-weather, humid-weather, mens, new-arrival, office-wear, rainy-day, sale, wedding"
9383154516222,rasheeqa-edp-50ml,Rasheeqa EDP 50ml | Floral Green Musky Perfume,Swiss Arabian,Eau de Parfum,active,0.00,,,1,"arabic, brand-swiss-arabian, catalog, date-night, desert-climate, dry-weather, family-floral-green, family-floral-rose, family-fresh-citrus, family-oud-woody, hot-weather, humid-weather, new-arrival, office-wear, party-clubbing, summer-wear, wedding, womens"
9383147405566,raya-edp-100ml,Raya EDP 100ml | Rose Powdery Oriental Perfume,Farzana's Collection,Eau de Parfum,active,0.00,,,1,"arabic, brand-farzana-s-collection, catalog, desert-climate, family-floral-rose, family-rose-powdery, family-spicy-oriental, luxury, new-arrival, womens"
9383131316478,raya-gold-edp-100ml,RAYA GOLD EDP 100ML | Floral Oud Sweet Perfume,Farzana's Collection,Eau de Parfum,active,0.00,,,1,"brand-farzana-s-collection, catalog, date-night, desert-climate, dry-weather, everyday-signature, family-floral-oud, family-floral-rose, family-spicy-oriental, hot-weather, humid-weather, new-arrival, office-wear, party-clubbing, spring-bloom, summer-wear, womens"
9383146029310,raya-sweet-edp-100ml,Raya Sweet EDP 100ml | Sweet Floral Fruity Perfume,Farzana's Collection,Eau de Parfum,active,0.00,,,1,"brand-farzana-s-collection, catalog, cold-weather, everyday-signature, family-sweet-floral, family-sweet-gourmand, humid-weather, new-arrival, office-wear, sale, spring-bloom, summer-wear, winter-holiday, womens"
9383126499582,rayhaan-aquatica-edp-100ml-for-men,Rayhaan Aquatica EDP 100ML for Men | Fresh Citrus Aquatic Gourmand Perfume,Rayhaan,Eau de Parfum,active,0.00,,,1,"beach-vacation, brand-rayhaan, catalog, cold-weather, desert-climate, dry-weather, everyday-signature, family-fresh-aquatic, family-fresh-citrus, family-spicy-oriental, gym, hot-weather, humid-weather, mens, new-arrival, office-wear, rainy-day, spring-bloom, summer-wear, tropical-climate, vacation-beach, winter-holiday"
9383119421694,rayhaan-azul-eau-de-parfum-100ml-for-men-fresh-citrus-aquatic-perfume,Rayhaan Azul Eau De Parfum 100ML for Men | Fresh Citrus Aquatic Perfume,Rayhaan,Eau de Parfum,active,0.00,,,1,"beach-vacation, brand-rayhaan, catalog, desert-climate, dry-weather, everyday-signature, family-fresh-aquatic, family-fresh-citrus, gym, hot-weather, humid-weather, mens, new-arrival, office-wear, rainy-day, summer-wear, vacation-beach, wedding, wedding-formal"
9383126532350,rayhaan-elixir-for-men-eau-de-parfum-100ml-aromatic-woody-vanilla-perfume,Rayhaan Elixir For Men Eau De Parfum 100ML | Aromatic Woody Vanilla Perfume,Rayhaan,Eau de Parfum,active,0.00,,,1,"brand-rayhaan, catalog, cold-weather, desert-climate, dry-weather, family-oud-woody, family-sweet-gourmand, family-woody-aromatic, gym, hot-weather, humid-weather, mens, new-arrival, office-wear, summer-wear, vacation-beach, wedding, winter-holiday"
9383126466814,rayhaan-italia-pour-homme-edp-100ml-for-men-aromatic-sweet-tobacco-perfume,Rayhaan Italia Pour Homme Eau De Parfum 100ML for Men | Aromatic Sweet Tobacco Perfume,Rayhaan,Eau de Parfum,active,0.00,,,1,"brand-rayhaan, catalog, cold-weather, family-amber-woody, family-floral-rose, family-spicy-oriental, family-sweet-gourmand, gym, hot-weather, humid-weather, mens, new-arrival, office-wear, sale, summer-wear, vacation-beach, winter-holiday"
9383119847678,rayhaan-jungle-vibe-eau-de-parfum-100ml-unisex,Rayhaan Jungle Vibe Eau De Parfum 100ML Unisex | Fresh Green Aquatic Perfume,Rayhaan,Eau de Parfum,active,0.00,,,1,"brand-rayhaan, catalog, desert-climate, dry-weather, everyday-signature, family-fresh-aquatic, family-fresh-citrus, family-oud-woody, gym, hot-weather, humid-weather, new-arrival, office-wear, summer-wear, tropical-climate, unisex, vacation-beach, wedding"
9383126663422,rayhaan-kiss-edp-100ml-for-women-sweet-fruity-gourmand-perfume-1,Rayhaan Kiss EDP 100ML for Women | Sweet Fruity Gourmand Perfume,Rayhaan,Eau de Parfum,active,0.00,,,1,"beach-vacation, brand-rayhaan, catalog, cold-weather, desert-climate, dry-weather, family-gourmand, family-sweet-gourmand, hot-weather, new-arrival, summer-wear, wedding, winter-holiday, womens"
9383126696190,rayhaan-lion-edp-100ml-for-men-fresh-spicy-sweet-woody-perfume,Rayhaan Lion EDP 100ML for Men | Fresh Spicy Sweet Woody Perfume,Rayhaan,Eau de Parfum,active,0.00,,,1,"arabic, brand-rayhaan, catalog, date-night, desert-climate, dry-weather, family-amber-woody, family-oud-woody, family-spicy-oriental, gym, hot-weather, humid-weather, mens, new-arrival, office-wear, party-clubbing, sale, vacation-beach, wedding"
9383119978750,rayhaan-nocturno-elixir-eau-de-parfum-100ml-for-men,Rayhaan Nocturno Elixir Eau De Parfum 100ML for Men | Woody Amber Fresh Perfume,Rayhaan,Eau de Parfum,active,0.00,,,1,"arabic, brand-rayhaan, catalog, desert-climate, dry-weather, everyday-signature, family-fresh-citrus, family-oud-woody, family-spicy-oriental, family-woody-aromatic, gym, hot-weather, humid-weather, luxury, mens, new-arrival, office-wear, vacation-beach, wedding, wedding-formal"
9383126597886,rayhaan-obsidian-for-him-edp-100ml-for-men-woody-leather-floral-perfume,Rayhaan Obsidian For Him EDP 100ML for Men | Woody Leather Floral Perfume,Rayhaan,Eau de Parfum,active,0.00,,,1,"arabic, brand-rayhaan, catalog, cold-weather, desert-climate, dry-weather, family-fresh-citrus, family-oud-woody, family-woody-aromatic, hot-weather, humid-weather, mens, new-arrival, office-wear, summer-wear, vacation-beach, wedding, winter-holiday"
9383122010366,rayhaan-pharaoh-eau-de-parfum-100ml,Rayhaan Pharaoh Eau De Parfum 100ML Unisex | Oriental Vanilla Perfume,Rayhaan,Eau de Parfum,active,0.00,,,1,"arabic, brand-rayhaan, catalog, cold-weather, desert-climate, dry-weather, family-oud-woody, family-spicy-oriental, family-sweet-gourmand, new-arrival, unisex, wedding, winter-holiday"
9383126565118,rayhaan-terra-edp-100ml-for-women-and-men-spicy-woody-amber-unisex-perfume,Rayhaan Terra EDP 100ML for Women and Men | Spicy Woody Amber Unisex Perfume,Rayhaan,Eau de Parfum,active,0.00,,,1,"arabic, brand-rayhaan, catalog, cold-weather, desert-climate, dry-weather, family-fresh-citrus, family-oud-woody, family-spicy-oriental, family-sweet-gourmand, hot-weather, humid-weather, new-arrival, office-wear, summer-wear, unisex, vacation-beach, wedding, wedding-formal, winter-holiday"
9383126630654,rayhaan-tiger-edp-100ml-for-men-spicy-floral-amber-perfume,Rayhaan Tiger Eau De Parfum 100ML for Men | Spicy Woody Amber Perfume,Rayhaan,Eau de Parfum,active,0.00,,,1,"arabic, brand-rayhaan, catalog, cold-weather, desert-climate, dry-weather, family-oud-woody, family-spicy-oriental, hot-weather, humid-weather, mens, new-arrival, office-wear, summer-wear, vacation-beach, wedding, winter-holiday"
9383121551614,rayhaan-tonquin-giza-eau-de-parfum-100ml-unisex,Rayhaan Tonquin Giza Eau De Parfum 100ML Unisex | Oriental Vanilla Gourmand Perfume,Rayhaan,Eau de Parfum,active,0.00,,,1,"arabic, brand-rayhaan, catalog, cold-weather, desert-climate, dry-weather, family-gourmand, family-oud-woody, family-spicy-oriental, family-sweet-gourmand, luxury, new-arrival, sale, unisex, wedding, wedding-formal, winter-holiday"
9383162085630,red-tobacco-edp-120ml,Red Tobacco EDP 120ml | Tobacco Spicy Woody Perfume,Mancera,Eau de Parfum,active,0.00,,,1,"brand-mancera, catalog, desert-climate, dry-weather, family-floral-rose, family-oud-woody, family-spicy-oriental, family-sweet-gourmand, family-tobacco-spicy, luxury, new-arrival, unisex, wedding"
9383133774078,reef-11-eau-de-parfum-100ml-unisex-fragrance,Reef 11 Eau De Parfum 100ml | Unisex Fragrance,Reef,Eau de Parfum,active,0.00,,,1,"brand-reef, catalog, cold-weather, desert-climate, dry-weather, everyday-signature, family-floral-rose, family-floral-woody, family-oud-woody, family-spicy-oriental, hot-weather, new-arrival, sale, spring-bloom, summer-wear, unisex, wedding, wedding-formal, winter-holiday"
9383133741310,reef-21-100ml-fruity-woody-unisex-perfume-reef,Reef 21 Eau De Parfum 100ml | Fruity & Woody Unisex Perfume | Reef,Reef,Eau de Parfum,active,0.00,,,1,"brand-reef, catalog, desert-climate, dry-weather, everyday-signature, family-fruity-woody, family-oud-woody, hot-weather, humid-weather, new-arrival, office-wear, spring-bloom, summer-wear, unisex, wedding, wedding-formal"
9383133708542,reef-31-eau-de-parfum-100ml-unisex-fragrance,Reef 31 Eau De Parfum 100ml | Unisex Fragrance,Reef,Eau de Parfum,active,0.00,,,1,"brand-reef, catalog, date-night, desert-climate, dinner-evening, dry-weather, everyday-signature, family-amber-sweet, family-spicy-oriental, family-sweet-gourmand, hot-weather, new-arrival, party-clubbing, spring-bloom, summer-wear, unisex, wedding-formal"
9383133675774,reef-33-eau-de-parfum-100ml-unisex-fragrance,Reef 33 Eau De Parfum 100ml | Unisex Fragrance,Reef,Eau de Parfum,active,0.00,,,1,"brand-reef, catalog, desert-climate, dry-weather, family-floral-rose, family-fresh-citrus, family-oud-woody, family-spicy-oriental, hot-weather, humid-weather, new-arrival, office-wear, rainy-day, unisex, wedding"
9383133643006,reef-36-eau-de-parfum-100ml-for-women,Reef 36 Eau De Parfum 100ml | For Women,Reef,Eau de Parfum,active,0.00,,,1,"brand-reef, catalog, cold-weather, date-night, desert-climate, dry-weather, family-floral-fruity, family-floral-rose, family-spicy-oriental, family-sweet-gourmand, hot-weather, new-arrival, party-clubbing, spring-bloom, summer-wear, wedding-formal, winter-holiday, womens"
9383138787582,amouage-reflection-man-edp-100ml,Reflection Man EDP 100ml | Floral Woody Aromatic Perfume,Amouage,Eau de Parfum,active,0.00,,,1,"brand-amouage, catalog, desert-climate, dinner-evening, dry-weather, family-floral-rose, family-floral-woody, family-oud-woody, family-spicy-oriental, luxury, mens, new-arrival, office-wear, rainy-day, wedding, wedding-formal"
9383146782974,retro-gold-al-gazal-100ml,Retro Gold Eau De Parfum 100ml | Fresh Woody Citrus Perfume,Al Gazal,Eau de Parfum,active,0.00,,,1,"brand-al-gazal, catalog, cold-weather, desert-climate, dinner-evening, dry-weather, everyday-signature, family-fresh-woody, family-oud-woody, hot-weather, humid-weather, mens, new-arrival, office-wear, spring-bloom, summer-wear, winter-holiday"
9383143309566,retro-gold-pour-femme-edp-al-gazal-100ml,Retro Gold Pour Femme EDP 100ml | Floral Sweet Perfume,Al Gazal,Eau de Parfum,active,0.00,,,1,"brand-al-gazal, catalog, everyday-signature, family-floral-rose, family-floral-sweet, family-sweet-gourmand, new-arrival, womens"
9383137542398,reverie-edp-100ml,Reverie Eau De Parfum 100ml | Luxury Unisex Fragrance by Ritis,Ritis Perfume,Eau de Parfum,active,0.00,,,1,"brand-ritis-perfume, catalog, desert-climate, dry-weather, family-floral-rose, family-oud-woody, family-spicy-oriental, family-woody-oud, hot-weather, humid-weather, luxury, new-arrival, office-wear, unisex"
9383134560510,ricardo-eau-de-parfum-100ml-for-men,Ricardo Eau De Parfum 100ml | For Men,La Parfum Galleria,Eau de Parfum,active,0.00,,,1,"brand-la-parfum-galleria, catalog, cold-weather, date-night, desert-climate, dinner-evening, dry-weather, everyday-signature, family-oud-woody, family-spicy-leather, family-spicy-oriental, family-sweet-gourmand, hot-weather, mens, new-arrival, office-wear, party-clubbing, spring-bloom, summer-wear, wedding, wedding-formal, winter-holiday"
9383126401278,riiffs-freeze-extrait-de-parfum-for-men-and-women-fresh-100ml,Riiffs Freeze Extrait De Parfum 100ML | Fruity Fresh Perfume for Men and Women,RiiFFS,Extrait de Parfum,active,0.00,,,1,"beach-vacation, brand-riiffs, catalog, cold-weather, date-night, desert-climate, dry-weather, everyday-signature, family-fresh-citrus, family-fresh-woody, family-spicy-oriental, gym, hot-weather, humid-weather, new-arrival, office-wear, party-clubbing, rainy-day, sale, wedding, wedding-formal, winter-holiday, womens"
9383121223934,riiffs-momento-extrait-de-parfum-100ml-unisex,Riiffs Momento Extrait De Parfum 100ML Unisex | Woody Spicy Amber Perfume,RiiFFS,Extrait de Parfum,active,0.00,,,1,"arabic, brand-riiffs, catalog, desert-climate, dry-weather, everyday-signature, family-amber-woody, family-oud-woody, family-spicy-oriental, family-sweet-gourmand, luxury, new-arrival, office-wear, sale, unisex, wedding, wedding-formal"
9383139541246,rose-noir-edp-75ml,Rose Noir EDP 75ml | Rose Sweet Musky Perfume,Ahmed Al Maghribi,Eau de Parfum,active,0.00,,,1,"arabic, brand-ahmed-al-maghribi, catalog, desert-climate, dinner-evening, dry-weather, family-floral-rose, family-oud-woody, family-rose-sweet, family-spicy-oriental, family-sweet-gourmand, hot-weather, humid-weather, new-arrival, office-wear, unisex, wedding, wedding-formal"
9383141409022,shazine-rose-rollon-6ml-x6,Rose Roll-On 6pcs 6ml x 6 Attar | Floral Rose Perfume,Shazine,Parfum Oil,active,0.00,,,1,"arabic, brand-shazine, catalog, date-night, dinner-evening, everyday-signature, family-floral-rose, hot-weather, humid-weather, new-arrival, office-wear, party-clubbing, perfume-oil, travel-friendly, unisex"
9383135084798,roses-in-oud-eau-de-parfum-100ml-for-men,Roses in Oud Eau De Parfum 100ml | For Men,La Parfum Galleria,Eau de Parfum,active,0.00,,,1,"brand-la-parfum-galleria, catalog, cold-weather, desert-climate, dinner-evening, dry-weather, everyday-signature, family-floral-rose, family-oud-woody, family-spicy-oriental, hot-weather, humid-weather, mens, new-arrival, office-wear, spring-bloom, summer-wear, wedding, wedding-formal, winter-holiday"
9383135052030,roses-in-oud-nuit-eau-de-parfum-100ml-for-men,Roses in Oud Nuit Eau De Parfum 100ml | For Men,La Parfum Galleria,Eau de Parfum,active,0.00,,,1,"brand-la-parfum-galleria, catalog, cold-weather, desert-climate, dinner-evening, dry-weather, everyday-signature, family-floral-rose, family-oud-woody, family-spicy-oriental, family-spicy-woody, hot-weather, humid-weather, mens, new-arrival, office-wear, spring-bloom, summer-wear, wedding, wedding-formal, winter-holiday"
9383162151166,roses-vanille-edp-120ml,Roses Vanille EDP 120ml | Rose Vanilla Sweet Perfume,Mancera,Eau de Parfum,active,0.00,,,1,"brand-mancera, catalog, desert-climate, dry-weather, family-floral-rose, family-oud-woody, family-rose-vanilla, family-spicy-oriental, family-sweet-gourmand, hot-weather, humid-weather, luxury, new-arrival, office-wear, wedding, womens"
9383142654206,rouaa-khaleej-pride-100ml,Rouaá Eau De Parfum 100ml | Floral Sweet Amber Perfume,Khaleej Pride,Eau de Parfum,active,0.00,,,1,"arabic, brand-khaleej-pride, catalog, date-night, desert-climate, dry-weather, everyday-signature, family-floral-rose, family-floral-sweet, family-fresh-citrus, family-spicy-oriental, family-sweet-gourmand, hot-weather, humid-weather, new-arrival, office-wear, party-clubbing, womens"
9383149076734,royal-scents-edp-100ml,Royal Scents EDP 100ml | Fresh Floral Citrus Perfume,The Fragrance Secrets,Eau de Parfum,active,0.00,,,1,"brand-the-fragrance-secrets, catalog, everyday-signature, family-floral-rose, family-fresh-citrus, family-fresh-floral, hot-weather, humid-weather, luxury, mens, new-arrival, office-wear"
9383139737854,royal-taboo-aromatix-edp-100ml,Royal Taboo Aromatix EDP 100ml | Spicy Tobacco Sweet Perfume,French Avenue,Eau de Parfum,active,0.00,,,1,"brand-french-avenue, catalog, desert-climate, dinner-evening, dry-weather, family-oud-woody, family-spicy-oriental, family-spicy-sweet, luxury, new-arrival, unisex, wedding, wedding-formal"
9383138623742,ahmed-al-maghribi-royal-wood-edp-100ml,Royal Wood Edp 100ml | Woody Spicy Perfume,Ahmed Al Maghribi,Eau de Parfum,active,0.00,,,1,"arabic, brand-ahmed-al-maghribi, catalog, desert-climate, dry-weather, family-fresh-citrus, family-oud-woody, family-spicy-oriental, family-woody-spicy, hot-weather, humid-weather, luxury, new-arrival, office-wear, unisex, wedding"
9383135609086,ruby-eau-de-parfum-100ml-for-women,Ruby Eau De Parfum 100ml for Women | Floral Fresh Musk Perfume,Ahmed Al Maghribi,Eau de Parfum,active,0.00,,,1,"arabic, brand-ahmed-al-maghribi, catalog, date-night, desert-climate, dry-weather, everyday-signature, family-floral-musk, family-floral-rose, family-fresh-citrus, family-oud-woody, hot-weather, humid-weather, new-arrival, office-wear, party-clubbing, spring-bloom, summer-wear, wedding-formal, womens"
9383141441790,sabaya-roll-on-6ml-x6-shazine,Sabaya Roll-On 6pcs 6ml x 6 Attar | Floral Fresh Citrus Perfume,Shazine,Parfum Oil,active,0.00,,,1,"arabic, brand-shazine, catalog, everyday-signature, family-floral-fresh, family-floral-rose, family-fresh-citrus, hot-weather, humid-weather, new-arrival, office-wear, perfume-oil, travel-friendly, unisex"
9383446970622,saffhire-imperial-edp-100ml,Saffhire & Imperial EDP 100ml EDP Set,Paris Collection,Gift Set,active,0.00,,,1,"brand-paris-collection, catalog, family-floral-rose, family-fresh-citrus, family-set, family-spicy-oriental, gift-set, hot-weather, humid-weather, luxury, new-arrival, office-wear, sale, set, unisex"
9383149633790,saffhire-edp-100ml,Saffhire EDP 100ml | Floral Oud Spicy Perfume,Paris Collection,Eau de Parfum,active,0.00,,,1,"arabic, brand-paris-collection, catalog, desert-climate, dry-weather, family-floral-oud, family-floral-rose, family-fresh-citrus, family-oud-woody, family-spicy-oriental, gym, hot-weather, humid-weather, luxury, new-arrival, office-wear, sale, unisex"
9383149043966,samaa-al-full-edp-100ml,Samaa Al Full EDP 100ml | Floral Jasmine White Floral Perfume,The Fragrance Secrets,Eau de Parfum,active,0.00,,,1,"brand-the-fragrance-secrets, catalog, everyday-signature, family-floral-jasmine, family-floral-rose, new-arrival, unisex"
9383141572862,shazine-sandal-roll-on-6ml-x6,Sandal Roll-On 6ml x 6 Attar | Woody Perfume,Shazine,Parfum Oil,active,0.00,,,1,"arabic, brand-shazine, catalog, desert-climate, dry-weather, everyday-signature, family-oud-woody, family-woody, new-arrival, perfume-oil, unisex"
9383130857726,santale-18-eau-de-parfum-100ml-unisex-perfume,Santale 18 Eau De Parfum 100ml | Unisex Perfume,The Fragrance Secrets,Eau de Parfum,active,0.00,,,1,"brand-the-fragrance-secrets, catalog, cold-weather, date-night, desert-climate, dinner-evening, dry-weather, everyday-signature, family-oud-woody, family-spicy-oriental, family-woody-aromatic, hot-weather, humid-weather, new-arrival, office-wear, party-clubbing, sale, spring-bloom, summer-wear, unisex, winter-holiday"
9383135674622,sapphire-eau-de-parfum-100ml-perfume-for-men,Sapphire Eau De Parfum 100ml | Perfume For Men,Ahmed Al Maghribi,Eau de Parfum,active,0.00,,,1,"arabic, beach-vacation, brand-ahmed-al-maghribi, catalog, desert-climate, dry-weather, everyday-signature, family-floral-rose, family-fresh-aquatic, family-fresh-citrus, family-oud-woody, hot-weather, humid-weather, mens, new-arrival, office-wear, spring-bloom, summer-wear, wedding-formal"
9383154286846,sar-lamaan-lavender-oud-edp-100ml,Sar Lamaan Lavender Oud EDP 100ml | Lavender Oud Fresh Perfume,Rasasi,Eau de Parfum,active,0.00,,,1,"arabic, brand-rasasi, catalog, date-night, desert-climate, dry-weather, family-floral-rose, family-fresh-citrus, family-lavender-oud, family-oud-woody, hot-weather, humid-weather, luxury, new-arrival, office-wear, party-clubbing, unisex, wedding"
9383154319614,sar-lamaan-oud-ambre-edp-100ml,Sar Lamaan Oud Ambre EDP 100ml | Oud Amber Fruity Perfume,Rasasi,Eau de Parfum,active,0.00,,,1,"arabic, brand-rasasi, catalog, date-night, desert-climate, dry-weather, family-floral-rose, family-fresh-citrus, family-oud-amber, family-oud-woody, family-spicy-oriental, hot-weather, humid-weather, luxury, new-arrival, office-wear, party-clubbing, unisex, wedding"
9383145668862,sauvage-edp-100ml,Sauvage EDP 100ml | Fresh Spicy Amber Perfume,Dior,Eau de Parfum,active,0.00,,,1,"brand-dior, catalog, cold-weather, everyday-signature, family-floral-rose, family-fresh-amber, family-fresh-citrus, family-spicy-oriental, gym, hot-weather, humid-weather, luxury, mens, new-arrival, office-wear, spring-bloom, summer-wear, wedding-formal, winter-holiday"
9383127744766,sauvage-elixir-eau-de-parfum-100ml-intense-aromatic-perfume-for-men-by-dior,Sauvage Elixir Eau de Parfum 60ML Intense Aromatic Perfume For Men By Dior | Spicy Woody Amber Perfume,Dior,Eau de Parfum,active,0.00,,,1,"brand-dior, catalog, cold-weather, date-night, desert-climate, dry-weather, family-fresh-citrus, family-oud-woody, family-spicy-oriental, gym, hot-weather, humid-weather, luxury, mens, new-arrival, office-wear, party-clubbing, summer-wear, wedding, wedding-formal, winter-holiday"
9383148945662,savage-noir-edp-100ml,Savage Noir EDP 100ml | Fresh Woody Aromatic Perfume,The Fragrance Secrets,Eau de Parfum,active,0.00,,,1,"brand-the-fragrance-secrets, catalog, everyday-signature, family-fresh-citrus, family-fresh-woody, gym, hot-weather, humid-weather, luxury, new-arrival, office-wear, unisex"
9383143735550,score-intense-al-gazal-100ml,Score Intense Eau De Parfum 100ml | Fresh Woody Spicy Perfume,Al Gazal,Eau de Parfum,active,0.00,,,1,"arabic, brand-al-gazal, catalog, desert-climate, dry-weather, everyday-signature, family-fresh-citrus, family-fresh-woody, family-oud-woody, family-spicy-oriental, gym, hot-weather, humid-weather, mens, new-arrival, office-wear, wedding"
9383132430590,sea-my-love-eau-de-parfum-50ml-by-stephane-humbert-lucas-unisex-perfume,Sea My Love Eau De Parfum 50ml by Stephane Humbert Lucas | Unisex Perfume,Stephane Humbert Lucas,Eau de Parfum,active,0.00,,,1,"brand-stephane-humbert-lucas, catalog, desert-climate, dry-weather, family-floral-rose, family-fresh-citrus, family-fresh-leather, family-oud-woody, family-spicy-oriental, hot-weather, humid-weather, luxury, new-arrival, office-wear, unisex, wedding"
9383152419070,search-edp-100ml-spray,Search EDP 100ml Spray | Woody Citrus Smoky Perfume,Amouage,Eau de Parfum,active,0.00,,,1,"brand-amouage, catalog, desert-climate, dry-weather, family-fresh-citrus, family-oud-woody, family-spicy-oriental, family-woody-citrus, hot-weather, humid-weather, luxury, new-arrival, office-wear, unisex, wedding"
9383137444094,secret-scents-ameera-edp-100ml-gift-hamper,SECRET SCENTS AMEERA EDP 100ML - Gift Hamper | Floral Sweet Perfume,Secret Scents,Eau de Parfum,active,0.00,,,1,"arabic, brand-secret-scents, catalog, cold-weather, everyday-signature, family-floral-sweet, hot-weather, luxury, new-arrival, sale, spring-bloom, summer-wear, winter-holiday, womens"
9383149699326,secret-scents-ameera-edp-100ml,Secret Scents Ameera EDP 100ml | Floral Sweet Perfume,Secret Scents,Eau de Parfum,active,0.00,,,1,"arabic, brand-secret-scents, catalog, cold-weather, everyday-signature, family-floral-sweet, hot-weather, luxury, new-arrival, sale, spring-bloom, summer-wear, wedding-formal, winter-holiday, womens"
9383140753662,luxury-fragrance-bundle-bliss-rouge-bouquet-oud-raees-roll-on,Secret Scents Bliss Rouge Bouquet of Oud EDP 100ml | Oud Amber Woody Perfume,Secret Scents,Eau de Parfum,active,0.00,,,1,"arabic, brand-secret-scents, catalog, date-night, desert-climate, dry-weather, everyday-signature, family-spicy-oriental, family-sweet-gourmand, luxury, new-arrival, party-clubbing, sale, unisex, wedding, wedding-formal"
9383149666558,secrets-scents-imperialism-edp-100ml,Secret Scents Imperialism Eau De Parfum 100ml | Oud Sweet Woody Perfume,Secret Scents,Eau de Parfum,active,0.00,,,1,"arabic, brand-secret-scents, catalog, cold-weather, everyday-signature, family-oud-sweet, hot-weather, new-arrival, sale, spring-bloom, summer-wear, unisex, wedding-formal, winter-holiday"
9383147307262,bouquet-of-oud-and-imperialism,Secret Scents Imperialism EDP 100ml | Oud Sweet Woody Perfume,Secret Scents,Eau de Parfum,active,0.00,,,1,"arabic, brand-secret-scents, catalog, desert-climate, dry-weather, family-oud-woody, family-spicy-oriental, family-sweet-gourmand, luxury, new-arrival, sale, unisex, wedding"
9383445659902,secret-scents-oud-vanilla-perfume-bundle-2x100ml-long-lasting-unisex-eau-de-parfum-setv,Secret Scents Oud & Vanilla Perfume Bundle 2x100ml | Long Lasting Unisex Eau De Parfum Set,Secret Scents,Gift Set,active,0.00,,,1,"arabic, brand-secret-scents, catalog, desert-climate, dry-weather, everyday-signature, family-oud-woody, family-set, family-spicy-oriental, family-sweet-gourmand, gift-set, new-arrival, sale, set, unisex, wedding, wedding-formal"
9383149732094,secret-scents-sara-edp-100ml,Secret Scents Sara EDP 100ml | Floral Woody Perfume,Secret Scents,Eau de Parfum,active,0.00,,,1,"arabic, brand-secret-scents, catalog, desert-climate, dinner-evening, dry-weather, family-floral-rose, family-floral-woody, family-oud-woody, luxury, new-arrival, sale, wedding, womens"
9368764809470,selling-plans-ski-wax,Selling Plans Ski Wax,The Fragrance Secret,accessories,archived,24.95,,,3,"Accessory, Sport, Winter"
9383148978430,sensual-girl-gold-edp-100ml,Sensual Girl Gold EDP 100ml | Sweet Floral Perfume,The Fragrance Secrets,Eau de Parfum,active,0.00,,,1,"brand-the-fragrance-secrets, catalog, date-night, everyday-signature, family-floral-rose, family-sweet-floral, family-sweet-gourmand, luxury, new-arrival, party-clubbing, womens"
9383131480318,sensual-women-pour-femme-eau-de-parfum-for-women-100-ml,Sensual Women Pour Femme Eau De Parfum for Women 100 Ml | Floral Sweet Perfume,The Fragrance Secrets,Eau de Parfum,active,0.00,,,1,"brand-the-fragrance-secrets, catalog, date-night, dinner-evening, everyday-signature, family-floral-sweet, family-sweet-gourmand, hot-weather, humid-weather, new-arrival, office-wear, party-clubbing, sale, spring-bloom, summer-wear, womens"
9383154647294,shaghaf-man-edp-75ml,Shaghaf Man EDP 75ml | Aromatic Aquatic Woody Perfume,Swiss Arabian,Eau de Parfum,active,0.00,,,1,"arabic, brand-swiss-arabian, catalog, desert-climate, dry-weather, family-aromatic-aquatic, family-oud-woody, family-spicy-oriental, hot-weather, humid-weather, mens, new-arrival, office-wear, wedding"
9383154745598,shaghaf-oud-abyad-edp-75ml,Shaghaf Oud Abyad EDP 75ml | Oud Amber Woody Perfume,Swiss Arabian,Eau de Parfum,active,0.00,,,1,"arabic, brand-swiss-arabian, catalog, desert-climate, dry-weather, family-oud-amber, family-oud-woody, family-spicy-oriental, new-arrival, office-wear, unisex, wedding"
9383154778366,shaghaf-oud-aswad-edp-75ml,Shaghaf Oud Aswad EDP 75ml | Oud Floral Leather Perfume,Swiss Arabian,Eau de Parfum,active,0.00,,,1,"arabic, brand-swiss-arabian, catalog, date-night, desert-climate, dry-weather, family-oud-floral, family-oud-woody, family-spicy-oriental, new-arrival, party-clubbing, unisex, wedding"
9383154876670,shaghaf-oud-azraq-edp-75ml,Shaghaf Oud Azraq EDP 75ml | Oud Sweet Spicy Perfume,Swiss Arabian,Eau de Parfum,active,0.00,,,1,"arabic, brand-swiss-arabian, catalog, desert-climate, dry-weather, family-oud-sweet, family-oud-woody, family-spicy-oriental, family-sweet-gourmand, luxury, new-arrival, sale, unisex, wedding"
9370244874494,shaghaf-oud-elixir,Shaghaf Oud Elixir,Swiss Arabian,Eau de Parfum,archived,219.00,320.00,,1,"bestseller, brand-swiss-arabian, seed, unisex"
9383154909438,shaghaf-oud-elixir-edp-75ml,Shaghaf Oud Elixir EDP 75ml | Oud Sweet Amber Perfume,Swiss Arabian,Eau de Parfum,active,0.00,,,1,"arabic, brand-swiss-arabian, catalog, date-night, desert-climate, dry-weather, family-oud-sweet, family-oud-woody, family-spicy-oriental, family-sweet-gourmand, new-arrival, party-clubbing, unisex, wedding"
9383154942206,shaghaf-oud-royale-edp-75ml,Shaghaf Oud Royale EDP 75ml | Oud Spicy Woody Perfume,Swiss Arabian,Eau de Parfum,active,0.00,,,1,"arabic, brand-swiss-arabian, catalog, date-night, desert-climate, dry-weather, family-oud-spicy, family-oud-woody, family-spicy-oriental, new-arrival, party-clubbing, unisex, wedding"
9383155007742,shaghaf-oud-tonka-edp-75ml,Shaghaf Oud Tonka EDP 75ml | Sweet Amber Gourmand Perfume,Swiss Arabian,Eau de Parfum,active,0.00,,,1,"arabic, brand-swiss-arabian, catalog, date-night, desert-climate, dry-weather, family-oud-woody, family-spicy-oriental, family-sweet-amber, family-sweet-gourmand, luxury, new-arrival, party-clubbing, sale, unisex, wedding"
9383155040510,shaghaf-vanilla-toffee-edp-75ml,Shaghaf Vanilla Toffee EDP 75ml | Sweet Gourmand Vanilla Perfume,Swiss Arabian,Eau de Parfum,active,0.00,,,1,"arabic, brand-swiss-arabian, catalog, date-night, desert-climate, dry-weather, family-oud-woody, family-spicy-oriental, family-sweet-gourmand, new-arrival, party-clubbing, unisex, wedding"
9383155073278,shaghaf-woman-edp-75ml,Shaghaf Woman EDP 75ml | Fresh Floral Sweet Perfume,Swiss Arabian,Eau de Parfum,active,0.00,,,1,"arabic, brand-swiss-arabian, catalog, date-night, desert-climate, dry-weather, family-floral-rose, family-fresh-floral, family-oud-woody, family-sweet-gourmand, hot-weather, humid-weather, new-arrival, office-wear, party-clubbing, wedding, womens"
9383147503870,shay-oud-edp-100ml,Shay Oud EDP 100ml | Oud Tea Woody Perfume,Farzana's Collection,Eau de Parfum,active,0.00,,,1,"arabic, brand-farzana-s-collection, catalog, desert-climate, dry-weather, family-oud-woody, luxury, new-arrival, unisex, wedding"
9383147012350,si-intense-edp-for-women-100ml,Si Intense EDP For Women 100ml | Floral Fruity Amber Perfume,Giorgio Armani,Eau de Parfum,active,0.00,,,1,"brand-giorgio-armani, catalog, desert-climate, dry-weather, family-floral-amber, family-floral-rose, family-oud-woody, family-spicy-oriental, luxury, new-arrival, wedding, womens"
9383150321918,silk-oud-edp-60ml,Silk Oud EDP 60ml | Floral Oud Fruity Perfume,Ahmed Al Maghribi,Eau de Parfum,active,0.00,,,1,"arabic, brand-ahmed-al-maghribi, catalog, date-night, desert-climate, dry-weather, family-floral-oud, family-floral-rose, family-oud-woody, family-spicy-oriental, hot-weather, humid-weather, new-arrival, office-wear, party-clubbing, unisex, wedding"
9383132692734,sin-and-pleasure-eau-de-parfum-50ml-by-borntostandout-unisex-perfume,Sin and Pleasure Eau De Parfum 50ml by Borntostandout | Unisex Perfume,Born To Stand Out,Eau de Parfum,active,0.00,,,1,"brand-born-to-stand-out, catalog, date-night, desert-climate, dry-weather, family-floral-gourmand, family-floral-rose, family-oud-woody, family-sweet-gourmand, luxury, new-arrival, party-clubbing, unisex, wedding, wedding-formal"
9383149109502,skipper-noir-edp-100ml,Skipper Noir EDP 100ml | Fresh Woody Dark Perfume,The Fragrance Secrets,Eau de Parfum,active,0.00,,,1,"brand-the-fragrance-secrets, catalog, everyday-signature, family-fresh-woody, hot-weather, humid-weather, mens, new-arrival, office-wear"
9383121322238,sospiro-farsa-eau-de-parfum-75ml-unisex,Sospiro Farsa Eau De Parfum 75ML Unisex | Oriental Woody Amber Perfume,Sospiro Perfumes,Eau de Parfum,active,0.00,,,1,"brand-sospiro-perfumes, catalog, desert-climate, dinner-evening, dry-weather, everyday-signature, family-amber-woody, family-oud-woody, family-spicy-oriental, family-sweet-gourmand, luxury, new-arrival, unisex, wedding, wedding-formal"
9383121289470,sospiro-il-padrino-eau-de-parfum-100ml-unisex,Sospiro Il Padrino Eau De Parfum 100ML Unisex | Oriental Woody Amber Perfume,Sospiro Perfumes,Eau de Parfum,active,0.00,,,1,"brand-sospiro-perfumes, catalog, desert-climate, dinner-evening, dry-weather, family-amber-woody, family-fresh-citrus, family-oud-woody, family-spicy-oriental, family-sweet-gourmand, hot-weather, humid-weather, luxury, new-arrival, unisex, wedding, wedding-formal"
9383119257854,sospiro-vibrato-eau-de-parfum-100ml-unisex-citrus-woody-musk-perfume,Sospiro Vibrato Eau De Parfum 100ML Unisex | Citrus Woody Musk Perfume,Sospiro Perfumes,Eau de Parfum,active,0.00,,,1,"brand-sospiro-perfumes, catalog, cold-weather, desert-climate, dry-weather, everyday-signature, family-floral-rose, family-fresh-citrus, family-luxury-niche, family-oud-woody, family-spicy-oriental, hot-weather, humid-weather, luxury, new-arrival, sale, summer-wear, unisex, wedding, wedding-formal, winter-holiday"
9383148617982,spectre-ghost-edp-100ml,Spectre Ghost EDP 100ml | Fresh Fruity Woody Perfume,French Avenue,Eau de Parfum,active,0.00,,,1,"brand-french-avenue, catalog, desert-climate, dry-weather, family-floral-rose, family-fresh-citrus, family-fresh-woody, family-oud-woody, family-spicy-oriental, hot-weather, humid-weather, luxury, new-arrival, office-wear, sale, unisex, wedding"
9383148683518,spectre-wraith-edp-100ml,Spectre Wraith EDP 100ml | Sweet Coffee Woody Perfume,French Avenue,Eau de Parfum,active,0.00,,,1,"brand-french-avenue, catalog, desert-climate, dry-weather, family-fresh-citrus, family-oud-woody, family-spicy-oriental, family-sweet-woody, hot-weather, humid-weather, luxury, new-arrival, office-wear, sale, unisex, wedding"
9383153303806,sport-man-edt-100ml,Sport Man EDT 100ml | Fresh Citrus Woody Perfume,Azzaro,Eau de Toilette,active,0.00,,,1,"brand-azzaro, catalog, desert-climate, dry-weather, family-fresh-citrus, gym, hot-weather, humid-weather, mens, new-arrival, office-wear, wedding"
9383132266750,stephane-humbert-lucas-god-of-fire-eau-de-parfum-50ml-unisex,Stephane Humbert Lucas God Of Fire Eau De Parfum 50ML Unisex | Fruity Woody Oud Perfume,Stephane Humbert Lucas,Eau de Parfum,active,0.00,,,1,"arabic, brand-stephane-humbert-lucas, catalog, cold-weather, date-night, desert-climate, dry-weather, family-fresh-citrus, family-fruity-oud, family-oud-woody, family-spicy-oriental, hot-weather, humid-weather, luxury, new-arrival, party-clubbing, sale, spring-bloom, summer-wear, tropical-climate, unisex, vacation-beach, wedding, wedding-formal, winter-holiday"
9383149437182,strong-edp-100ml,Strong EDP 100ml | Fresh Aquatic Woody Perfume,The Fragrance Secrets,Eau de Parfum,active,0.00,,,1,"brand-the-fragrance-secrets, catalog, everyday-signature, family-fresh-aquatic, family-fresh-citrus, hot-weather, humid-weather, luxury, mens, new-arrival, office-wear"
9383146979582,stronger-with-you-absolutely-edp-for-men-100ml,Stronger With You Absolutely EDP For Men 100ml | Amber Woody Gourmand Perfume,Giorgio Armani,Eau de Parfum,active,0.00,,,1,"brand-giorgio-armani, catalog, cold-weather, desert-climate, dry-weather, everyday-signature, family-amber-woody, family-floral-rose, family-fresh-citrus, family-oud-woody, family-spicy-oriental, family-sweet-gourmand, hot-weather, humid-weather, luxury, mens, new-arrival, office-wear, wedding, winter-holiday"
9383132627198,sugar-addict-eau-de-parfum-50ml-by-borntostandout-unisex-perfume,Sugar Addict Eau De Parfum 50ml by Borntostandout | Unisex Perfume,Born To Stand Out,Eau de Parfum,active,0.00,,,1,"brand-born-to-stand-out, catalog, cold-weather, family-oud-woody, family-spicy-oriental, family-sweet-gourmand, luxury, new-arrival, unisex, wedding, wedding-formal, winter-holiday"
9383128596734,ibrahim-alqurashi-sugar-musk-eau-de-parfum-75ml-unisex,Sugar Musk Eau De Parfum 75ml Unisex | Ibrahim Alqurashi,Ibrahim Alqurashi,Eau de Parfum,active,0.00,,,1,"arabic, brand-ibrahim-alqurashi, catalog, cold-weather, date-night, desert-climate, dry-weather, everyday-signature, family-floral-rose, family-spicy-oriental, family-sweet-gourmand, family-sweet-musk, hot-weather, luxury, new-arrival, party-clubbing, sale, summer-wear, unisex, wedding, winter-holiday"
9383128006910,sultana-the-joyful-eau-de-parfum-80ml-perfume-for-women-french-avenue,Sultana The Joyful Eau De Parfum 80ML Perfume for Women | French Avenue,French Avenue,Eau de Parfum,active,0.00,,,1,"brand-french-avenue, catalog, cold-weather, date-night, desert-climate, dry-weather, everyday-signature, family-floral-rose, family-fresh-citrus, family-fruity-floral, family-oud-woody, family-spicy-oriental, family-sweet-gourmand, hot-weather, humid-weather, new-arrival, office-wear, party-clubbing, summer-wear, wedding, wedding-formal, winter-holiday, womens"
9383133413630,summer-pink-eau-de-parfum-100ml-unisex-fragrance,Summer Pink Eau De Parfum 100ml | Unisex Fragrance,Reef,Eau de Parfum,active,0.00,,,1,"brand-reef, catalog, desert-climate, dry-weather, everyday-signature, family-floral-rose, family-fresh-citrus, family-fruity-woody, family-oud-woody, family-spicy-oriental, family-sweet-gourmand, hot-weather, humid-weather, new-arrival, office-wear, summer-wear, unisex, wedding, wedding-formal"
9383133380862,summer-yellow-eau-de-parfum-100ml-unisex-fragrance,Summer Yellow Eau De Parfum 100ml | Unisex Fragrance,Reef,Eau de Parfum,active,0.00,,,1,"brand-reef, catalog, everyday-signature, family-floral-rose, family-floral-sweet, family-fresh-citrus, family-sweet-gourmand, hot-weather, humid-weather, new-arrival, office-wear, summer-wear, unisex, wedding-formal"
9370245103870,supremacy-collectors-edition,Supremacy Collector's Edition,Afnan,Eau de Parfum,archived,89.00,130.00,,1,"brand-afnan, men, mens, seed"
9383151239422,supremacy-gold-edp-100ml,Supremacy Gold EDP 100ml | Floral Woody Warm Perfume,Afnan Perfumes,Eau de Parfum,active,0.00,,,1,"arabic, brand-afnan-perfumes, catalog, desert-climate, dry-weather, family-floral-rose, family-floral-woody, family-fresh-citrus, family-oud-woody, family-spicy-oriental, hot-weather, humid-weather, luxury, new-arrival, office-wear, unisex, wedding"
9383151173886,supremacy-in-oud-edp-100ml,Supremacy In Oud EDP 100ml | Oud Woody Spicy Perfume,Afnan Perfumes,Eau de Parfum,active,0.00,,,1,"arabic, brand-afnan-perfumes, catalog, desert-climate, dry-weather, family-oud-woody, family-spicy-oriental, luxury, new-arrival, unisex, wedding"
9383151075582,supremacy-noir-edp-100ml,Supremacy Noir EDP 100ml | Woody Leather Spicy Perfume,Afnan Perfumes,Eau de Parfum,active,0.00,,,1,"arabic, brand-afnan-perfumes, catalog, desert-climate, dry-weather, family-floral-rose, family-fresh-citrus, family-oud-woody, family-spicy-oriental, family-woody-leather, hot-weather, humid-weather, new-arrival, office-wear, unisex, wedding"
9383151042814,supremacy-not-only-intense-edp-100ml,Supremacy Not Only Intense EDP 100ml | Fruity Chypre Woody Perfume,Afnan Perfumes,Eau de Parfum,active,0.00,,,1,"arabic, brand-afnan-perfumes, catalog, desert-climate, dry-weather, family-fresh-citrus, family-fruity-chypre, family-oud-woody, family-spicy-oriental, hot-weather, humid-weather, new-arrival, office-wear, unisex, wedding"
9383151010046,supremacy-silver-edp-100ml,Supremacy Silver EDP 100ml | Fruity Woody Musky Perfume,Afnan Perfumes,Eau de Parfum,active,0.00,,,1,"arabic, brand-afnan-perfumes, catalog, desert-climate, dinner-evening, dry-weather, family-floral-rose, family-fresh-citrus, family-fruity-woody, family-oud-woody, family-spicy-oriental, hot-weather, humid-weather, new-arrival, office-wear, unisex, wedding, wedding-formal"
9383144718590,suqraat-lattafa-100ml,Suqraat Eau De Parfum 100ml | Fresh Aromatic Woody Perfume,Lattafa,Eau de Parfum,active,0.00,,,1,"arabic, brand-lattafa, catalog, date-night, desert-climate, dry-weather, everyday-signature, family-fresh-woody, family-oud-woody, family-spicy-oriental, hot-weather, humid-weather, mens, new-arrival, office-wear, party-clubbing, wedding"
9383146619134,surrender-night-pour-homme-edp-100ml,Surrender Night Pour Homme EDP 100ml | Woody Earthy Aromatic Perfume,House of Morais,Eau de Parfum,active,0.00,,,1,"brand-house-of-morais, catalog, cold-weather, everyday-signature, family-woody-earthy, hot-weather, mens, new-arrival, sale, spring-bloom, summer-wear, winter-holiday"
9383139344638,sweet-ferocious-edp-75ml,Sweet Ferocious EDP 75ml | Sweet Oud Woody Perfume,Roberto Cavalli,Eau de Parfum,active,0.00,,,1,"brand-roberto-cavalli, catalog, date-night, desert-climate, dinner-evening, dry-weather, family-oud-woody, family-spicy-oriental, family-sweet-oud, hot-weather, humid-weather, luxury, new-arrival, office-wear, party-clubbing, wedding, wedding-formal, womens"
9383145734398,sweet-cherry-baby-eau-de-parfum-75ml,Sweet Tooth Cherry Baby Eau de Parfum 75ml | Fruity Sweet Gourmand Perfume,Sabrina Carpenter,Eau de Parfum,active,0.00,,,1,"brand-sabrina-carpenter, catalog, cold-weather, date-night, desert-climate, dry-weather, everyday-signature, family-floral-rose, family-fruity-gourmand, family-sweet-gourmand, hot-weather, new-arrival, party-clubbing, spring-bloom, summer-wear, wedding, wedding-formal, winter-holiday, womens"
9383145799934,sabrina-carpenter-sweet-tooth-eau-de-parfum-75ml,Sweet Tooth Eau De Parfum 75ml | Sweet Gourmand Creamy Perfume,Sabrina Carpenter,Eau de Parfum,active,0.00,,,1,"brand-sabrina-carpenter, catalog, everyday-signature, family-floral-rose, family-sweet-gourmand, new-arrival, wedding, wedding-formal, womens"
9383133249790,sweet-tooth-me-espresso-eau-de-parfum-75ml-for-women,Sweet Tooth Me Espresso Eau de Parfum 75ml | For Women,Sabrina Carpenter,Eau de Parfum,active,0.00,,,1,"brand-sabrina-carpenter, catalog, cold-weather, desert-climate, dinner-evening, dry-weather, everyday-signature, family-sweet-gourmand, new-arrival, wedding-formal, winter-holiday, womens"
9383123681534,swiss-arabian-shaghaf-oud-edp-100ml-unisex-oud-gourmand-perfume,Swiss Arabian Shaghaf Oud EDP 75ML Unisex | Oud Gourmand Perfume,Swiss Arabian,Eau de Parfum,active,0.00,,,1,"arabic, brand-swiss-arabian, catalog, cold-weather, desert-climate, dry-weather, family-floral-rose, family-oud-woody, family-spicy-oriental, family-sweet-gourmand, new-arrival, unisex, wedding, wedding-formal, winter-holiday"
9383125188862,swiss-arabian-tobacco-01-extrait-de-parfum-50ml-unisex-long-lasting-luxury-perfume,Swiss Arabian Tobacco 01 Extrait De Parfum 50ml Unisex | Long Lasting Luxury Perfume,Swiss Arabian,Extrait de Parfum,active,0.00,,,1,"arabic, brand-swiss-arabian, catalog, cold-weather, desert-climate, dry-weather, family-amber-woody, family-oud-woody, family-spicy-oriental, family-sweet-gourmand, luxury, new-arrival, unisex, wedding, wedding-formal, winter-holiday"
9383127974142,tanuf-edp-50ml-long-lasting-unisex-perfume-ahmed-al-maghribi,Tanuf EDP 50ML Long Lasting Unisex Perfume | Ahmed Al Maghribi,Ahmed Al Maghribi,Eau de Parfum,active,0.00,,,1,"arabic, brand-ahmed-al-maghribi, catalog, cold-weather, date-night, desert-climate, dinner-evening, dry-weather, everyday-signature, family-floral-rose, family-oud-woody, family-spicy-oriental, family-woody-oud, hot-weather, humid-weather, luxury, new-arrival, office-wear, party-clubbing, sale, summer-wear, unisex, wedding-formal, winter-holiday"
9383144620286,teriaq-intense-lattafa-100ml,Teriaq Intense Eau De Parfum 100ml | Sweet Amber Spicy Perfume,Lattafa,Eau de Parfum,active,0.00,,,1,"arabic, brand-lattafa, catalog, desert-climate, dry-weather, family-spicy-oriental, family-sweet-amber, family-sweet-gourmand, new-arrival, unisex"
9368764940542,the-3p-fulfilled-snowboard,The 3p Fulfilled Snowboard,The Fragrance Secret,snowboard,archived,2629.95,,sku-hosted-1,1,"Accessory, Sport, Winter"
9368764580094,the-archived-snowboard,The Archived Snowboard,Snowboard Vendor,snowboard,archived,629.95,,,1,"Archived, Premium, Snow, Snowboard, Sport, Winter"
9368764743934,the-collection-snowboard-hydrogen,The Collection Snowboard: Hydrogen,Hydrogen Vendor,snowboard,archived,600.00,,,1,"Accessory, Sport, Winter"
9368765071614,the-collection-snowboard-liquid,The Collection Snowboard: Liquid,Hydrogen Vendor,snowboard,archived,749.95,,,1,"Accessory, Sport, Winter"
9368765006078,the-collection-snowboard-oxygen,The Collection Snowboard: Oxygen,Hydrogen Vendor,snowboard,archived,1025.00,,,1,"Accessory, Sport, Winter"
9368764645630,the-compare-at-price-snowboard,The Compare at Price Snowboard,The Fragrance Secret,snowboard,archived,785.95,885.95,,1,"Accessory, Sport, Winter"
9368764678398,the-complete-snowboard,The Complete Snowboard,Snowboard Vendor,snowboard,archived,699.95,,,1,"Premium, Snow, Snowboard, Sport, Winter"
9368764711166,the-draft-snowboard,The Draft Snowboard,Snowboard Vendor,snowboard,draft,2629.95,,,1,
9383446315262,the-fragrance-secrets-bakhoor-incense-burner-oud-burner-museum-future,The Fragrance Secrets Bakhoor Incense Burner - Oud Burner Museum Future,The Fragrance Secrets,Incense Burner,active,0.00,,,1,"arabic, brand-the-fragrance-secrets, burner, catalog, desert-climate, dry-weather, eid, family-burner, family-oud-woody, family-spicy-oriental, new-arrival, unisex"
9383137083646,the-game-edt-100ml,The Game Edt 100ml | Woody Aromatic Perfume,Davidoff,Eau de Toilette,active,0.00,,,0,"brand-davidoff, catalog, family-woody-aromatic, mens, new-arrival"
9368764776702,the-hidden-snowboard,The Hidden Snowboard,Snowboard Vendor,snowboard,archived,749.95,,,1,"Premium, Snow, Snowboard, Sport, Winter"
9368764514558,the-inventory-not-tracked-snowboard,The Inventory Not Tracked Snowboard,The Fragrance Secret,snowboard,archived,949.95,,sku-untracked-1,1,"Accessory, Sport, Winter"
9383144554750,the-kingdom-lattafa-100ml,The Kingdom Eau De Parfum 100ml | Aromatic Sweet Tobacco Perfume,Lattafa,Eau de Parfum,active,0.00,,,1,"arabic, brand-lattafa, catalog, family-aromatic-sweet, family-floral-rose, family-sweet-gourmand, mens, new-arrival, wedding-formal"
9368764612862,the-minimal-snowboard,The Minimal Snowboard,The Fragrance Secret,,archived,885.95,,,0,
9383153336574,the-most-wanted-intense-edt-100ml,The Most Wanted Intense EDP 100ml | Amber Sweet Spicy Perfume,Azzaro,Eau de Parfum,active,0.00,,,1,"brand-azzaro, catalog, desert-climate, dry-weather, family-amber-sweet, family-oud-woody, family-spicy-oriental, family-sweet-gourmand, hot-weather, humid-weather, luxury, mens, new-arrival, wedding"
9383153369342,the-most-wanted-parfum-100ml,The Most Wanted Parfum 100ml | Woody Aromatic Amber Perfume,Azzaro,Parfum,active,0.00,,,1,"brand-azzaro, catalog, desert-climate, dry-weather, family-oud-woody, family-spicy-oriental, family-sweet-gourmand, family-woody-aromatic, hot-weather, humid-weather, luxury, mens, new-arrival, wedding"
9368764907774,the-multi-location-snowboard,The Multi-location Snowboard,The Fragrance Secret,snowboard,archived,729.95,,,1,"Premium, Snow, Snowboard, Sport, Winter"
9368764973310,the-multi-managed-snowboard,The Multi-managed Snowboard,Multi-managed Vendor,snowboard,archived,629.95,,sku-managed-1,1,"Premium, Snow, Snowboard, Sport, Winter"
9383446544638,the-one-eau-de-toilette-gift-set-3-piece-dolce-gabbana,The One Eau de Toilette 3-Piece Gift Set,Dolce & Gabbana,Gift Set,active,0.00,,,1,"brand-dolce-gabbana, catalog, desert-climate, dry-weather, family-floral-rose, family-fresh-citrus, family-oud-woody, family-set, family-spicy-oriental, gift-set, hot-weather, humid-weather, luxury, new-arrival, office-wear, set, travel-friendly, unisex"
9383136690430,the-one-gold-men-edp-intense-100ml,The One Gold Men EDP Intense 100ml | Spicy Woody Amber Perfume,Dolce & Gabbana,Eau de Parfum,active,0.00,,,1,"brand-dolce-gabbana, catalog, cold-weather, desert-climate, dry-weather, family-fresh-citrus, family-oud-woody, family-spicy-oriental, family-spicy-woody, gym, hot-weather, humid-weather, luxury, mens, new-arrival, office-wear, rainy-day, spring-bloom, wedding-formal, winter-holiday"
9383136657662,the-one-gold-women-edp-intense-75ml,The One Gold Women Edp Intense 75ml | Fruity Floral Sweet Perfume,Dolce & Gabbana,Eau de Parfum,active,0.00,,,1,"brand-dolce-gabbana, catalog, cold-weather, date-night, desert-climate, dry-weather, family-floral-rose, family-fresh-citrus, family-fruity-floral, family-oud-woody, family-spicy-oriental, family-sweet-gourmand, gym, hot-weather, luxury, new-arrival, office-wear, party-clubbing, rainy-day, spring-bloom, summer-wear, wedding-formal, winter-holiday, womens"
9383136592126,the-one-m-edp-150ml,The One M Edp 150ml | Spicy Amber Woody Perfume,Dolce & Gabbana,Eau de Parfum,active,0.00,,,1,"brand-dolce-gabbana, catalog, date-night, desert-climate, dry-weather, family-floral-rose, family-fresh-citrus, family-oud-woody, family-spicy-oriental, family-spicy-woody, gym, luxury, mens, new-arrival, office-wear, party-clubbing, rainy-day"
9383136559358,the-one-m-edp-intense-100ml,The One M Edp Intense 100ml | Fresh Woody Leather Perfume,Dolce & Gabbana,Eau de Parfum,active,0.00,,,1,"brand-dolce-gabbana, catalog, cold-weather, desert-climate, dry-weather, family-fresh-citrus, family-fresh-woody, family-oud-woody, gym, hot-weather, humid-weather, luxury, mens, new-arrival, office-wear, rainy-day, spring-bloom, summer-wear, wedding-formal, winter-holiday"
9383136493822,the-one-m-edt-100ml,The One M Edt 100ml | Aromatic Woody Perfume,Dolce & Gabbana,Eau de Toilette,active,0.00,,,1,"brand-dolce-gabbana, catalog, date-night, everyday-signature, family-fresh-citrus, family-oud-woody, family-spicy-oriental, family-sweet-gourmand, family-woody-aromatic, gym, hot-weather, humid-weather, luxury, mens, new-arrival, office-wear, party-clubbing, rainy-day, spring-bloom, summer-wear"
9383136624894,the-one-men-edp-100ml,The One Men Edp 100ml | Spicy Amber Woody Perfume,Dolce & Gabbana,Eau de Parfum,active,0.00,,,1,"brand-dolce-gabbana, catalog, cold-weather, date-night, desert-climate, dry-weather, family-floral-rose, family-fresh-citrus, family-oud-woody, family-spicy-oriental, family-spicy-woody, gym, hot-weather, luxury, mens, new-arrival, office-wear, party-clubbing, rainy-day, spring-bloom, summer-wear, wedding-formal, winter-holiday"
9383136461054,the-only-one-w-edp-100ml,The Only One W Edp 100ml | Floral Gourmand Coffee Perfume,Dolce & Gabbana,Eau de Parfum,active,0.00,,,1,"brand-dolce-gabbana, catalog, dinner-evening, family-floral-gourmand, family-floral-rose, family-fresh-citrus, family-oud-woody, family-spicy-oriental, family-sweet-gourmand, gym, luxury, new-arrival, office-wear, rainy-day, womens"
9383136428286,the-only-one-w-edp-intense-100ml,The Only One W Edp Intense 100ml | Floral Sweet Woody Perfume,Dolce & Gabbana,Eau de Parfum,active,0.00,,,1,"beach-vacation, brand-dolce-gabbana, catalog, date-night, family-floral-rose, family-floral-woody, family-fresh-citrus, family-oud-woody, family-spicy-oriental, family-sweet-gourmand, gym, luxury, new-arrival, office-wear, party-clubbing, rainy-day, womens"
9368764842238,the-out-of-stock-snowboard,The Out of Stock Snowboard,The Fragrance Secret,snowboard,archived,885.95,,,1,"Accessory, Sport, Winter"
9383145505022,ardent-boadicea-the-victorious-100ml,The Victorious Ardent Eau De Parfum 100ml | Rose Oud Amber Perfume,Boadicea the Victorious,Eau de Parfum,active,0.00,,,1,"brand-boadicea-the-victorious, catalog, date-night, desert-climate, dinner-evening, dry-weather, family-floral-rose, family-oud-woody, family-rose-oud, family-spicy-oriental, family-sweet-gourmand, luxury, new-arrival, party-clubbing, sale, unisex, wedding"
9383145570558,boadicea-the-victorious-complex-edp-100ml,The Victorious Complex Eau de Parfum 100ml | Leather Aromatic Woody Perfume,Boadicea the Victorious,Eau de Parfum,active,0.00,,,1,"brand-boadicea-the-victorious, catalog, date-night, desert-climate, dry-weather, family-leather-woody, family-oud-woody, family-spicy-oriental, hot-weather, humid-weather, luxury, new-arrival, party-clubbing, unisex, wedding"
9368764875006,the-videographer-snowboard,The Videographer Snowboard,The Fragrance Secret,snowboard,archived,885.95,,,1,
9383136264446,tiff-tiff-eau-de-parfum-100ml-luxury-unisex-perfume,Tiff Tiff Eau De Parfum 100ml | Luxury Unisex Perfume,Ahmed Al Maghribi,Eau de Parfum,active,0.00,,,1,"arabic, brand-ahmed-al-maghribi, catalog, cold-weather, date-night, desert-climate, dry-weather, everyday-signature, family-floral-rose, family-fruity-gourmand, family-spicy-oriental, family-sweet-gourmand, hot-weather, luxury, new-arrival, office-wear, party-clubbing, rainy-day, spring-bloom, summer-wear, unisex, wedding-formal, winter-holiday"
9383133348094,titan-eau-de-parfum-100ml-unisex-fragrance,Titan Eau De Parfum 100ml | Unisex Fragrance,Reef,Eau de Parfum,active,0.00,,,1,"brand-reef, catalog, desert-climate, dry-weather, everyday-signature, family-floral-rose, family-fruity-floral, family-oud-woody, family-sweet-gourmand, hot-weather, humid-weather, new-arrival, office-wear, spring-bloom, summer-wear, unisex, wedding, wedding-formal"
9383150944510,tobacco-rush-edp-80ml,Tobacco Rush EDP 80ml | Tobacco Spicy Warm Perfume,Afnan Perfumes,Eau de Parfum,active,0.00,,,1,"arabic, brand-afnan-perfumes, catalog, date-night, desert-climate, dry-weather, family-oud-woody, family-spicy-oriental, family-tobacco-spicy, hot-weather, humid-weather, new-arrival, party-clubbing, unisex, wedding"
9383143801086,together-for-ever-al-gazal-100ml,Together For Ever Eau De Parfum 100ml | Aromatic Fresh Sweet Perfume,Al Gazal,Eau de Parfum,active,0.00,,,1,"arabic, brand-al-gazal, catalog, desert-climate, dry-weather, everyday-signature, family-aromatic-sweet, family-floral-rose, family-oud-woody, family-spicy-oriental, hot-weather, humid-weather, new-arrival, office-wear, unisex"
9383146750206,trend-force-wood-legacy-al-gazal-100ml,Trend Force Wood Legacy Eau De Parfum 100ml | Woody Aromatic Perfume,Al Gazal,Eau de Parfum,active,0.00,,,1,"arabic, brand-al-gazal, catalog, cold-weather, desert-climate, dinner-evening, dry-weather, everyday-signature, family-oud-woody, family-spicy-oriental, family-woody-aromatic, hot-weather, mens, new-arrival, party-clubbing, spring-bloom, summer-wear, wedding, winter-holiday"
9383150878974,tribute-pink-edp-100ml,Tribute Pink EDP 100ml | Floral Fruity Woody Perfume,Afnan Perfumes,Eau de Parfum,active,0.00,,,1,"arabic, brand-afnan-perfumes, catalog, date-night, desert-climate, dry-weather, family-floral-fruity, family-floral-rose, family-fresh-citrus, family-oud-woody, family-spicy-oriental, gym, hot-weather, humid-weather, new-arrival, party-clubbing, wedding, womens"
9383150846206,tribute-white-edp-100ml,Tribute White EDP 100ml | Fruity Woody Floral Perfume,Afnan Perfumes,Eau de Parfum,active,0.00,,,1,"arabic, brand-afnan-perfumes, catalog, desert-climate, dry-weather, family-fresh-citrus, family-fruity-woody, family-oud-woody, family-spicy-oriental, gym, hot-weather, humid-weather, mens, new-arrival, wedding"
9383150747902,turathi-blue-edp-90ml,Turathi Blue EDP 90ml | Woody Amber Spicy Perfume,Afnan Perfumes,Eau de Parfum,active,0.00,,,1,"arabic, brand-afnan-perfumes, catalog, desert-climate, dry-weather, family-fresh-citrus, family-spicy-oriental, family-woody-amber, gym, hot-weather, humid-weather, mens, new-arrival, rainy-day, wedding"
9383150780670,turathi-brown-edp-90ml,Turathi Brown EDP 90ml | Spicy Woody Musky Perfume,Afnan Perfumes,Eau de Parfum,active,0.00,,,1,"arabic, brand-afnan-perfumes, catalog, desert-climate, dry-weather, family-floral-rose, family-fresh-citrus, family-oud-woody, family-spicy-oriental, family-spicy-woody, family-sweet-gourmand, hot-weather, humid-weather, new-arrival, unisex, wedding"
9383136329982,turathi-electric-unisex-eau-de-parfum-90ml,Turathi Electric Unisex Eau De Parfum 90ml | Fresh Fruity Woody Perfume,Afnan,Eau de Parfum,active,0.00,,,1,"arabic, brand-afnan, catalog, desert-climate, dinner-evening, dry-weather, family-fresh-citrus, family-fresh-fruity, family-spicy-oriental, family-sweet-gourmand, gym, hot-weather, humid-weather, new-arrival, rainy-day, summer-wear, unisex, wedding"
9383142162686,tuscan-leather-roll-on-raees-20ml,Tuscan Leather Roll On Perfume Oil 20ml attar | Leather Spicy Woody Perfume,Raees,Parfum Oil,active,0.00,,,1,"arabic, brand-raees, catalog, desert-climate, dry-weather, family-leather-woody, family-oud-woody, family-spicy-oriental, luxury, new-arrival, perfume-oil, unisex, wedding"
9383124435198,uniquee-luxury-izmir-extrait-de-parfum-100ml-unisex-fresh-citrus-niche-long-lasting-perfume,Unique'e Luxury Izmir Extrait De Parfum 100ml Unisex | Fresh Citrus Niche Long Lasting Perfume,Unique'e Luxury,Extrait de Parfum,active,0.00,,,1,"brand-unique-e-luxury, catalog, desert-climate, dry-weather, family-floral-rose, family-fresh-citrus, family-oud-woody, family-woody-aromatic, hot-weather, humid-weather, luxury, new-arrival, sale, unisex, wedding"
9383123321086,unique-e-luxury-akdeniz-extrait-de-parfum-100ml-unisex-aromatic-aquatic-perfume,Unique’e Luxury Akdeniz Extrait De Parfum 100ML Unisex | Aromatic Aquatic Perfume,Unique'e Luxury,Extrait de Parfum,active,0.00,,,1,"beach-vacation, brand-unique-e-luxury, catalog, cold-weather, desert-climate, dry-weather, everyday-signature, family-floral-rose, family-fresh-aquatic, family-fresh-citrus, family-oud-woody, family-spicy-oriental, family-sweet-gourmand, hot-weather, humid-weather, luxury, new-arrival, spring-bloom, summer-wear, unisex, wedding, wedding-formal, winter-holiday"
9383123353854,uniquee-luxury-chocolate-makes-me-happy-extrait-100ml-unisex-gourmand-perfume,Unique’e Luxury Chocolate Makes Me Happy Extrait 100ML Unisex | Gourmand Perfume,Unique'e Luxury,Extrait de Parfum,active,0.00,,,1,"brand-unique-e-luxury, catalog, cold-weather, desert-climate, everyday-signature, family-gourmand, family-oud-woody, family-sweet-gourmand, hot-weather, humid-weather, luxury, new-arrival, unisex, wedding, wedding-formal, winter-holiday"
9383123288318,uniquee-luxury-crush-on-me-extrait-de-parfum-100ml-unisex-sweet-spicy-perfume,Unique’e Luxury Crush On Me Extrait De Parfum 100ML Unisex | Sweet Spicy Perfume,Unique'e Luxury,Extrait de Parfum,active,0.00,,,1,"brand-unique-e-luxury, catalog, cold-weather, desert-climate, everyday-signature, family-floral-rose, family-fresh-citrus, family-gourmand, family-oud-woody, family-spicy-oriental, family-sweet-gourmand, hot-weather, humid-weather, luxury, new-arrival, spring-bloom, summer-wear, unisex, wedding, wedding-formal, winter-holiday"
9383123386622,uniquee-luxury-kutay-extrait-de-parfum-100ml-unisex-oriental-woody-perfume,Unique’e Luxury Kutay Extrait De Parfum 100ML Unisex | Oriental Woody Perfume,Unique'e Luxury,Extrait de Parfum,active,0.00,,,1,"brand-unique-e-luxury, catalog, cold-weather, desert-climate, dry-weather, everyday-signature, family-amber-woody, family-oud-woody, family-spicy-oriental, family-sweet-gourmand, hot-weather, humid-weather, luxury, new-arrival, sale, unisex, wedding, wedding-formal, winter-holiday"
9383146684670,urban-attire-hot-al-gazal-100ml,Urban Attire Hot EDP 100ml | Spicy Aquatic Leather Perfume,Al Gazal,Eau de Parfum,active,0.00,,,1,"arabic, brand-al-gazal, catalog, cold-weather, desert-climate, dry-weather, everyday-signature, family-floral-rose, family-fresh-citrus, family-oud-woody, family-spicy-leather, family-spicy-oriental, hot-weather, humid-weather, new-arrival, spring-bloom, summer-wear, unisex, winter-holiday"
9383146651902,urban-attire-shimmer-al-gazal-100ml,Urban Attire Shimmer Eau De Parfum 100ml | Fruity Floral Vanilla Perfume,Al Gazal,Eau de Parfum,active,0.00,,,1,"arabic, brand-al-gazal, catalog, cold-weather, desert-climate, dry-weather, everyday-signature, family-floral-rose, family-fruity-floral, family-sweet-gourmand, hot-weather, new-arrival, spring-bloom, summer-wear, tropical-climate, vacation-beach, winter-holiday, womens"
9383137640702,valenor-edp-100ml,Valenor Luxury Perfume 100ml | Unisex Eau De Parfum by Ritis Perfume,Ritis Perfume,Eau de Parfum,active,0.00,,,1,"brand-ritis-perfume, catalog, desert-climate, dry-weather, family-floral-rose, family-oud-woody, family-spicy-oriental, family-sweet-gourmand, family-woody-aromatic, hot-weather, humid-weather, luxury, new-arrival, rainy-day, unisex"
9383129383166,parisbelle-perfumes-vanille-absolue-extrait-de-parfum-100ml,Vanille Absolue Extrait De Parfum 100ml | Spiced Vanilla Gourmand Luxury Perfume by Parisbelle Perfumes,Parisbelle,Extrait de Parfum,active,0.00,,,1,"brand-parisbelle, catalog, cold-weather, date-night, desert-climate, dry-weather, everyday-signature, family-floral-rose, family-oud-woody, family-spicy-oriental, family-sweet-gourmand, luxury, new-arrival, party-clubbing, sale, summer-wear, unisex, wedding, wedding-formal, winter-holiday"
9383445790974,velora-sugar-bliss-rafaan-ejlal-valentine-s-day-perfume-gift-bundle-for-her-him-2-100ml-edp,Velora Sugar Bliss & Rafaan Ejlal - Valentine's Day Perfume Gift Bundle for Her & Him (2 x 100ml EDP),Valentine's Day Offer,Gift Set,active,0.00,,,1,"brand-valentine-s-day-offer, catalog, cold-weather, family-floral-rose, family-set, family-sweet-gourmand, gift-set, luxury, new-arrival, set, summer-wear, winter-holiday, womens"
9383135576318,velora-pop-heart-eau-de-parfum-100ml-unisex-fragrance,Velora-Pop Heart Eau De Parfum 100ml | Unisex Fragrance,La Parfum Galleria Exclusif,Eau de Parfum,active,0.00,,,1,"brand-la-parfum-galleria, catalog, date-night, everyday-signature, family-fruity-fresh, family-sweet-gourmand, humid-weather, new-arrival, party-clubbing, unisex, wedding"
9383135510782,velora-sugar-bliss-eau-de-parfum-100ml-for-women,Velora-Sugar Bliss Eau De Parfum 100ml | For Women,La Parfum Galleria Exclusif,Eau de Parfum,active,0.00,,,1,"brand-la-parfum-galleria, catalog, everyday-signature, family-floral-rose, family-fruity-gourmand, family-sweet-gourmand, humid-weather, new-arrival, spring-bloom, summer-wear, wedding-formal, womens"
9383135543550,velora-viva-choco-eau-de-parfum-100ml-unisex-fragrance,Velora-Viva Choco Eau De Parfum 100ml | Unisex Fragrance,La Parfum Galleria Exclusif,Eau de Parfum,active,0.00,,,1,"brand-la-parfum-galleria, catalog, cold-weather, date-night, everyday-signature, family-spicy-oriental, family-sweet-gourmand, new-arrival, party-clubbing, unisex, wedding-formal, winter-holiday"
9383143145726,velvet-rose-golden-lion-100ml,Velvet Rose Eau De Parfum 100ml | Rose Oud Spicy Perfume,Golden Lion,Eau de Parfum,active,0.00,,,1,"brand-golden-lion, catalog, date-night, desert-climate, dry-weather, family-floral-rose, family-oud-woody, family-rose-oud, family-spicy-oriental, new-arrival, party-clubbing, unisex, wedding"
9383134888190,velvet-tobacco-eau-de-parfum-100ml-unisex-fragrance,Velvet Tobacco Eau De Parfum 100ml | Unisex Fragrance,Jay Marley,Eau de Parfum,active,0.00,,,1,"brand-jay-marley, catalog, cold-weather, desert-climate, dry-weather, everyday-signature, family-floral-rose, family-oud-woody, family-spicy-oriental, family-sweet-gourmand, family-tobacco-woody, hot-weather, new-arrival, spring-bloom, summer-wear, unisex, wedding, wedding-formal, winter-holiday"
9383132594430,venom-incarnat-eau-de-parfum-50ml-by-stephane-humbert-lucas-unisex-perfume,Venom Incarnat Eau De Parfum 50ml by Stephane Humbert Lucas | Unisex Perfume,Stephane Humbert Lucas,Eau de Parfum,active,0.00,,,1,"brand-stephane-humbert-lucas, catalog, cold-weather, date-night, desert-climate, dry-weather, family-fruity-gourmand, family-oud-woody, family-spicy-oriental, luxury, new-arrival, party-clubbing, spring-bloom, unisex, wedding, wedding-formal, winter-holiday"
9383125057790,versace-eros-edt-100ml-for-men-aromatic-fougere-fresh-woody-perfume,Versace Eros EDT 100ML for Men | Aromatic Fougere Fresh Woody Perfume,Versace,Eau de Toilette,active,0.00,,,1,"brand-versace, catalog, cold-weather, desert-climate, dry-weather, everyday-signature, family-fresh-citrus, family-oud-woody, family-woody-aromatic, gym, hot-weather, humid-weather, luxury, mens, new-arrival, office-wear, rainy-day, spring-bloom, summer-wear, wedding, wedding-formal, winter-holiday"
9383124861182,versace-eros-flame-edp-100ml-for-men-woody-spicy-perfume,Versace Eros Flame EDP 100ML for Men | Woody Spicy Perfume,Versace,Eau de Parfum,active,0.00,,,1,"brand-versace, catalog, cold-weather, desert-climate, dry-weather, everyday-signature, family-floral-rose, family-fresh-citrus, family-oud-woody, family-spicy-oriental, family-woody-aromatic, gym, hot-weather, humid-weather, luxury, mens, new-arrival, office-wear, rainy-day, spring-bloom, summer-wear, wedding, wedding-formal, winter-holiday"
9383122370814,viktor-rolf-bonbon-edp-90ml-for-women-floral-fruity-gourmand-perfume,Viktor & Rolf Bonbon EDP 90ML for Women | Floral Fruity Gourmand Perfume,Viktor & Rolf,Eau de Parfum,active,0.00,,,1,"brand-viktor-rolf, catalog, date-night, desert-climate, dry-weather, everyday-signature, family-floral-rose, family-fresh-citrus, family-gourmand, family-oud-woody, family-spicy-oriental, hot-weather, humid-weather, luxury, new-arrival, office-wear, party-clubbing, wedding, wedding-formal, womens"
9383122403582,viktor-rolf-spicebomb-extreme-edp-90ml-for-men-oriental-spicy-perfume,Viktor & Rolf Spicebomb Extreme EDP 90ML for Men | Oriental Spicy Perfume,Viktor & Rolf,Eau de Parfum,active,0.00,,,1,"brand-viktor-rolf, catalog, cold-weather, date-night, desert-climate, dry-weather, family-oud-woody, family-spicy-oriental, mens, new-arrival, party-clubbing, wedding, wedding-formal, winter-holiday"
9383446839550,virtuse-homme-qamm-ra-edp-bundle-2-signature-scents,Virtuse Homme & Qamm-ra EDP Bundle | 2 Signature Scents,Fragrance Secrets,Gift Set,active,0.00,,,1,"brand-fragrance-secrets, catalog, date-night, desert-climate, dry-weather, everyday-signature, family-fresh-citrus, family-oud-woody, family-set, gift-set, hot-weather, humid-weather, new-arrival, office-wear, party-clubbing, set, travel-friendly, unisex, wedding"
9383143571710,virtuse-homme-house-of-morais-100ml,Virtuse Homme Eau De Parfum 100ml | Fresh Aromatic Sweet Perfume,House of Morais,Eau de Parfum,active,0.00,,,1,"brand-house-of-morais, catalog, date-night, family-fresh-aromatic, family-fresh-citrus, hot-weather, humid-weather, mens, new-arrival, office-wear, party-clubbing, rainy-day, wedding"
9383134822654,viva-creme-eau-de-parfum-100ml-unisex-fragrance,Viva Creme Eau De Parfum 100ml | Unisex Fragrance,La Parfum Galleria,Eau de Parfum,active,0.00,,,1,"brand-la-parfum-galleria, catalog, cold-weather, everyday-signature, family-sweet-gourmand, hot-weather, new-arrival, spring-bloom, summer-wear, unisex, wedding, wedding-formal, winter-holiday"
9383128072446,vulcan-baie-eau-de-parfum-100ml-perfume-for-women-by-french-avenue,Vulcan Baie Eau De Parfum 100ML Perfume for Women By French Avenue | Fruity Aromatic Woody Perfume,French Avenue,Eau de Parfum,active,0.00,,,1,"brand-french-avenue, catalog, cold-weather, date-night, dinner-evening, dry-weather, everyday-signature, family-floral-rose, family-fruity-woody, family-spicy-oriental, family-sweet-gourmand, hot-weather, humid-weather, new-arrival, office-wear, party-clubbing, summer-wear, wedding, wedding-formal, winter-holiday, womens"
9383133217022,vulcan-feu-eau-de-parfum-100ml-for-men-women-french-avenue,Vulcan Feu Eau De Parfum 100ml | For Men & Women | French Avenue,French Avenue,Eau de Parfum,active,0.00,,,1,"brand-french-avenue, catalog, date-night, dry-weather, everyday-signature, family-floral-rose, family-fruity-woody, family-spicy-oriental, family-sweet-gourmand, hot-weather, humid-weather, new-arrival, office-wear, party-clubbing, sale, spring-bloom, summer-wear, unisex, wedding, wedding-formal"
9383139574014,wanted-edt-100ml,Wanted EDT 100ml | Spicy Woody Aromatic Perfume,Azzaro,Eau de Toilette,active,0.00,,,1,"beach-vacation, brand-azzaro, catalog, desert-climate, dry-weather, family-fresh-citrus, family-oud-woody, family-spicy-oriental, family-spicy-woody, hot-weather, humid-weather, luxury, mens, new-arrival, office-wear, wedding"
9383153402110,wanted-man-edp-100ml,Wanted Man EDT 100ml | Woody Aromatic Fresh Perfume,Azzaro,Eau de Toilette,active,0.00,,,1,"beach-vacation, brand-azzaro, catalog, desert-climate, dry-weather, family-fresh-citrus, family-oud-woody, family-spicy-oriental, family-woody-aromatic, hot-weather, humid-weather, luxury, mens, new-arrival, office-wear, wedding"
9383128924414,ibrahim-al-qurashi-white-regent-diamond-edp-150ml,White Regent Diamond EDP 150ml Unisex | Ibrahim Al Qurashi,Ibrahim Alqurashi,Eau de Parfum,active,0.00,,,1,"arabic, brand-ibrahim-alqurashi, catalog, cold-weather, desert-climate, dry-weather, everyday-signature, family-floral-rose, family-spicy-oriental, family-sweet-gourmand, family-woody-aromatic, hot-weather, luxury, new-arrival, sale, summer-wear, unisex, wedding, wedding-formal, winter-holiday"
9383128269054,wild-colt-eau-de-parfum-200ml-unisex-perfume-assaf,Wild Colt Eau De Parfum 200ml | Unisex Perfume | Assaf,Assaf,Eau de Parfum,active,0.00,,,1,"arabic, brand-assaf, catalog, cold-weather, desert-climate, dinner-evening, dry-weather, everyday-signature, family-oud-woody, family-spicy-oriental, family-woody-leather, hot-weather, new-arrival, sale, summer-wear, unisex, wedding, wedding-formal, winter-holiday"
9383146586366,winners-pour-homme-edp-100ml,Winners Pour Homme EDP 100ml | Woody Aromatic Fresh Perfume,Marxzelle,Eau de Parfum,active,0.00,,,1,"brand-marxzelle, catalog, cold-weather, everyday-signature, family-woody-aromatic, hot-weather, mens, new-arrival, sale, spring-bloom, summer-wear, winter-holiday"
9383124762878,wolf-by-rayhaan-edp-100ml,Wolf by Rayhaan | Eau de Parfum 100ml | Oriental Woody Men's Fragrance,Rayhaan,Eau de Parfum,active,0.00,,,1,"arabic, brand-rayhaan, catalog, cold-weather, date-night, desert-climate, dry-weather, family-amber-woody, family-oud-woody, family-spicy-oriental, mens, new-arrival, party-clubbing, wedding, wedding-formal, winter-holiday"
9383445364990,womens-floral-tote-bag-set-large-handbag-mini-pouch,Women's Floral Tote Bag Set - Large Handbag + Mini Pouch | Faux Leather | Pastel Floral,PUFANDAISHU,Handbag,active,0.00,,,1,"accessory, brand-pufandaishu, catalog, family-accessory, family-floral-rose, new-arrival, womens"
9383446511870,wrap,Wrap,Gift,Gift Service,active,0.00,,,1,"brand-gift, catalog, eid, family-giftservice, gift-set, giftservice, new-arrival, unisex"
9383150158078,xtasy-edp-100ml,Xtasy EDP 100ml | Floral Oud Woody Perfume,Ahmed Al Maghribi,Eau de Parfum,active,0.00,,,1,"arabic, brand-ahmed-al-maghribi, catalog, desert-climate, dry-weather, family-floral-oud, family-floral-rose, family-oud-woody, hot-weather, humid-weather, new-arrival, office-wear, unisex"
9383144390910,yara-candy-lattafa-100ml,Yara Candy Eau De Parfum 100ml | Fruity Sweet Gourmand Perfume,Lattafa,Eau de Parfum,active,0.00,,,1,"brand-lattafa, catalog, desert-climate, dry-weather, everyday-signature, family-floral-rose, family-fruity-gourmand, family-spicy-oriental, family-sweet-gourmand, hot-weather, humid-weather, new-arrival, sale, wedding, womens"
9383144325374,yara-moi-lattafa-100ml,Yara Moi Eau De Parfum 100ml | Floral Sweet Woody Perfume,Lattafa,Eau de Parfum,active,0.00,,,1,"brand-lattafa, catalog, dry-weather, family-floral-woody, family-sweet-gourmand, new-arrival, sale, wedding, womens"
9383126040830,yves-saint-laurent-libre-berry-crush-edp-90ml-for-women-fruity-floral-perfume,Yves Saint Laurent Libre Berry Crush EDP 90ML for Women | Fruity Floral Perfume,Yves Saint Laurent,Eau de Parfum,active,0.00,,,1,"beach-vacation, brand-yves-saint-laurent, catalog, cold-weather, desert-climate, dry-weather, everyday-signature, family-floral, family-floral-rose, family-sweet-gourmand, hot-weather, humid-weather, luxury, new-arrival, office-wear, spring-bloom, summer-wear, wedding-formal, winter-holiday, womens"
9383129547006,parisbelle-zaar-extrait-de-parfum-100ml,Zaar Extrait de Parfum 100ml | Fruity & Spicy Long-Lasting Perfume by Parisbelle,Parisbelle,Extrait de Parfum,active,0.00,,,1,"brand-parisbelle, catalog, cold-weather, desert-climate, dinner-evening, dry-weather, everyday-signature, family-fruity-spicy, family-spicy-oriental, family-sweet-gourmand, gym, hot-weather, humid-weather, luxury, new-arrival, office-wear, sale, summer-wear, unisex, wedding-formal, winter-holiday"
9383134232830,zafirah-eau-de-parfum-100ml-for-women,Zafirah Eau De Parfum 100ml | For Women,Rafaan,Eau de Parfum,active,0.00,,,1,"arabic, brand-rafaan, catalog, cold-weather, dinner-evening, everyday-signature, family-floral-rose, family-fruity-floral, family-oud-woody, family-sweet-gourmand, gym, hot-weather, humid-weather, new-arrival, office-wear, spring-bloom, summer-wear, wedding, wedding-formal, winter-holiday, womens"
9383446577406,zahra-gift-set-ramsons-100ml,Zahra - EDP 100ml + Body Spray Perfume Gift Set,Ramsons,Gift Set,active,0.00,,,1,"arabic, brand-ramsons, catalog, desert-climate, dry-weather, everyday-signature, family-oud-woody, family-set, gift-set, new-arrival, set, unisex, wedding"
9383134757118,zarra-eau-de-parfum-100ml-unisex-fragrance,Zarra Eau De Parfum 100ml | Unisex Fragrance,La Parfum Galleria,Eau de Parfum,active,0.00,,,1,"brand-la-parfum-galleria, catalog, cold-weather, date-night, everyday-signature, family-floral-rose, family-spicy-oriental, family-sweet-gourmand, gym, hot-weather, humid-weather, new-arrival, office-wear, party-clubbing, spring-bloom, summer-wear, unisex, wedding, wedding-formal, winter-holiday"
9383137935614,zeleny-edp-100ml,Zeleny EDP 100ml | Fresh Fruity Woody Perfume,Ahmed Al Maghribi,Eau de Parfum,active,0.00,,,1,"arabic, brand-ahmed-al-maghribi, catalog, desert-climate, dinner-evening, dry-weather, everyday-signature, family-floral-rose, family-fresh-fruity, family-oud-woody, family-sweet-gourmand, gym, hot-weather, humid-weather, new-arrival, office-wear, sale, spring-bloom, summer-wear, unisex, wedding, wedding-formal"
9383129415934,parisbelle-zermatt-extrait-de-parfum-100ml,Zermatt Extrait De Parfum 100ml | Fresh Citrus Woody Luxury Perfume by Parisbelle,Parisbelle,Extrait de Parfum,active,0.00,,,1,"brand-parisbelle, catalog, cold-weather, desert-climate, dry-weather, everyday-signature, family-citrus-woody, family-floral-rose, family-fresh-citrus, family-oud-woody, family-spicy-oriental, gym, hot-weather, humid-weather, luxury, new-arrival, office-wear, sale, summer-wear, unisex, wedding, wedding-formal, winter-holiday"
9383129448702,parisbelle-zimara-extrait-de-parfum-100ml,Zimara Extrait De Parfum 100ml | Rose Leather Spicy Long-Lasting Perfume by Parisbelle,Parisbelle,Extrait de Parfum,active,0.00,,,1,"brand-parisbelle, catalog, cold-weather, date-night, desert-climate, dinner-evening, dry-weather, everyday-signature, family-floral-leather, family-floral-rose, family-oud-woody, family-spicy-oriental, family-sweet-gourmand, hot-weather, luxury, new-arrival, party-clubbing, sale, summer-wear, unisex, wedding, wedding-formal, winter-holiday"
9383137050878,zino-edt-125ml,Zino Edt 125ml | Woody Aromatic Floral Perfume,Davidoff,Eau de Toilette,active,0.00,,,1,"brand-davidoff, catalog, desert-climate, dry-weather, family-floral-rose, family-fresh-citrus, family-oud-woody, family-spicy-oriental, family-sweet-gourmand, family-woody-aromatic, gym, hot-weather, humid-weather, luxury, mens, new-arrival, office-wear, rainy-day, wedding"
